window_minutes,corridor_episode_id,station_id,travel_order,state_entry_lag_minutes,included_same_episode
30,1,717185,1,,False
30,1,717190,2,,False
30,1,716152,3,,False
30,1,717195,4,,False
30,1,717198,5,,False
30,2,717185,1,0.0,True
30,2,717190,2,0.0,True
30,2,716152,3,-10.0,True
30,2,717195,4,,False
30,2,717198,5,,False
30,3,717185,1,10.0,True
30,3,717190,2,5.0,True
30,3,716152,3,,False
30,3,717195,4,50.0,False
30,3,717198,5,0.0,True
30,4,717185,1,5.0,True
30,4,717190,2,5.0,True
30,4,716152,3,0.0,True
30,4,717195,4,-5.0,True
30,4,717198,5,-5.0,True
30,5,717185,1,0.0,True
30,5,717190,2,0.0,True
30,5,716152,3,0.0,True
30,5,717195,4,110.0,False
30,5,717198,5,110.0,False
30,6,717185,1,0.0,True
30,6,717190,2,-5.0,True
30,6,716152,3,-5.0,True
30,6,717195,4,,False
30,6,717198,5,,False
60,1,717185,1,,False
60,1,717190,2,,False
60,1,716152,3,,False
60,1,717195,4,,False
60,1,717198,5,,False
60,2,717185,1,0.0,True
60,2,717190,2,0.0,True
60,2,716152,3,-10.0,True
60,2,717195,4,,False
60,2,717198,5,,False
60,3,717185,1,10.0,True
60,3,717190,2,5.0,True
60,3,716152,3,,False
60,3,717195,4,50.0,True
60,3,717198,5,0.0,True
60,4,717185,1,5.0,True
60,4,717190,2,5.0,True
60,4,716152,3,0.0,True
60,4,717195,4,-5.0,True
60,4,717198,5,-5.0,True
60,5,717185,1,0.0,True
60,5,717190,2,0.0,True
60,5,716152,3,0.0,True
60,5,717195,4,110.0,False
60,5,717198,5,110.0,False
60,6,717185,1,0.0,True
60,6,717190,2,-5.0,True
60,6,716152,3,-5.0,True
60,6,717195,4,,False
60,6,717198,5,,False
120,1,717185,1,,False
120,1,717190,2,,False
120,1,716152,3,,False
120,1,717195,4,,False
120,1,717198,5,,False
120,2,717185,1,0.0,True
120,2,717190,2,0.0,True
120,2,716152,3,-10.0,True
120,2,717195,4,,False
120,2,717198,5,,False
120,3,717185,1,10.0,True
120,3,717190,2,5.0,True
120,3,716152,3,,False
120,3,717195,4,50.0,True
120,3,717198,5,0.0,True
120,4,717185,1,5.0,True
120,4,717190,2,5.0,True
120,4,716152,3,0.0,True
120,4,717195,4,-5.0,True
120,4,717198,5,-5.0,True
120,5,717185,1,0.0,True
120,5,717190,2,0.0,True
120,5,716152,3,0.0,True
120,5,717195,4,110.0,True
120,5,717198,5,110.0,True
120,6,717185,1,0.0,True
120,6,717190,2,-5.0,True
120,6,716152,3,-5.0,True
120,6,717195,4,,False
120,6,717198,5,,False
