Fwy,Dir,station_id,distance_to_upstream_candidate_miles
5,N,777781,0.0
5,S,777767,0.0
101,N,764808,0.01999999999999602
134,W,774204,0.020000000000000018
23,N,771421,0.0400000000000027
605,S,764021,0.05000000000000071
210,E,717684,0.07000000000000028
710,N,717995,0.08999999999999986
710,S,717989,0.08999999999999986
10,E,717075,0.08999999999999986
10,W,717091,0.08999999999999986
10,W,717101,0.08999999999999986
10,W,717207,0.09000000000000341
10,W,717192,0.09000000000000341
10,E,717083,0.0990000000000002
5,S,759772,0.09999999999999432
57,S,768779,0.09999999999999787
10,E,717097,0.10000000000000142
210,W,717682,0.10000000000000142
10,E,717198,0.1039999999999992
10,W,717200,0.1180000000000021
10,W,717167,0.11999999999999744
10,W,717112,0.120000000000001
118,E,764068,0.129999999999999
60,W,774491,0.1339999999999968
210,W,717675,0.1389999999999958
605,N,717844,0.14000000000000057
10,E,717190,0.14000000000000057
10,W,717211,0.14999999999999858
710,N,717983,0.15000000000000036
10,W,717224,0.1599999999999966
101,S,764798,0.1699999999999946
10,W,775029,0.1700000000000017
23,S,771531,0.17999999999999972
60,W,766642,0.17999999999999972
210,W,717688,0.17999999999999972
23,S,771509,0.17999999999999972
605,S,717838,0.18000000000000016
605,N,717836,0.18000000000000016
210,E,772903,0.18999999999999773
10,E,718119,0.18999999999999773
118,W,760900,0.18999999999999773
134,W,717582,0.1899999999999995
134,E,773890,0.18999999999999995
118,E,760738,0.19000000000000128
118,E,760774,0.19000000000000128
23,N,771285,0.1999999999999993
210,W,770129,0.1999999999999993
210,E,769819,0.1999999999999993
23,N,771318,0.20000000000000107
118,E,760756,0.20000000000000284
10,W,717252,0.20599999999999596
23,N,771371,0.21000000000000085
118,E,764081,0.21999999999999886
60,W,766587,0.21999999999999886
91,E,717426,0.21999999999999886
210,W,717664,0.21999999999999886
91,W,768907,0.21999999999999886
60,E,766585,0.21999999999999886
118,W,760971,0.21999999999999886
91,E,717439,0.23000000000000043
23,N,771340,0.2400000000000002
210,E,761177,0.240000000000002
91,E,717434,0.25
118,W,764064,0.25
118,E,717541,0.259999999999998
91,E,718130,0.26
91,W,765591,0.26
23,S,771542,0.26000000000000156
10,W,716101,0.2699999999999996
210,E,717659,0.2699999999999996
210,E,769772,0.2700000000000031
118,W,760959,0.2700000000000031
10,W,717154,0.2710000000000008
210,W,772902,0.28000000000000114
5,S,777733,0.28999999999999204
91,W,717435,0.28999999999999915
5,N,716978,0.29000000000002046
10,E,717084,0.29100000000000037
210,W,717673,0.29999999999999716
91,E,759980,0.29999999999999893
210,E,772953,0.30000000000000426
210,W,775795,0.30000000000000426
118,E,765995,0.30000000000000426
57,S,763573,0.30400000000000205
118,W,764076,0.3099999999999987
10,E,717165,0.3099999999999987
10,W,717216,0.3200000000000003
118,E,764185,0.3299999999999983
91,E,717436,0.33000000000000007
101,N,772609,0.33999999999999986
57,N,774877,0.33999999999999986
91,E,717441,0.33999999999999986
118,W,765993,0.3400000000000034
10,W,768349,0.34900000000000375
210,W,717685,0.35999999999999943
60,W,766622,0.35999999999999943
405,N,772024,0.35999999999999943
10,W,717176,0.35999999999999943
23,N,771294,0.35999999999999943
5,N,763669,0.36000000000001364
5,S,718376,0.36000000000001364
2,W,718076,0.36100000000000065
57,S,763578,0.3619999999999983
118,W,760892,0.36999999999999744
91,W,716295,0.3699999999999992
91,E,716296,0.3699999999999992
10,W,717108,0.379999999999999
118,E,760801,0.379999999999999
134,E,717580,0.3800000000000008
10,E,717251,0.38700000000000045
10,E,717214,0.38999999999999346
91,E,717369,0.3900000000000001
10,W,768339,0.39400000000000546
210,E,769866,0.3999999999999986
10,E,716152,0.3999999999999986
10,W,717258,0.3999999999999986
10,W,717209,0.3999999999999986
134,E,717578,0.39999999999999947
210,E,772917,0.4000000000000057
405,N,716689,0.4099999999999966
5,N,777796,0.4099999999999966
210,W,770000,0.41000000000000014
10,W,717116,0.41000000000000014
23,N,771306,0.41000000000000014
118,E,764072,0.4200000000000017
118,E,764165,0.4299999999999997
118,W,760869,0.4299999999999997
10,E,717179,0.4399999999999977
91,W,717399,0.4400000000000004
5,N,759566,0.44999999999998863
10,W,716153,0.44999999999999574
118,W,717535,0.44999999999999574
10,E,717093,0.4499999999999993
5,N,716929,0.45000000000001705
10,W,717249,0.46000000000000085
118,W,764189,0.46000000000000085
5,S,716955,0.46000000000000796
10,E,768328,0.46300000000000097
60,W,765461,0.4640000000000022
5,S,718375,0.46999999999999886
605,N,773723,0.4700000000000002
10,E,716087,0.4700000000000024
10,E,717219,0.47000000000000597
118,E,717533,0.4799999999999969
10,W,717246,0.4799999999999969
10,E,717247,0.4799999999999969
605,N,763683,0.4880000000000031
210,E,717640,0.48999999999999844
118,E,760726,0.48999999999999844
118,W,764177,0.490000000000002
23,N,771386,0.490000000000002
10,W,717095,0.490000000000002
118,E,764181,0.490000000000002
10,W,717162,0.490000000000002
210,E,772857,0.5
210,W,772858,0.5
5,S,716928,0.5
210,W,769926,0.5
10,E,718118,0.5
23,N,771396,0.5
23,S,771400,0.5
91,W,717404,0.5
10,W,717220,0.5
210,W,761374,0.509999999999998
10,W,717196,0.509999999999998
118,E,717543,0.519999999999996
23,S,771295,0.5199999999999996
134,W,716554,0.5200000000000005
118,E,765958,0.5200000000000031
10,E,764222,0.5399999999999991
118,W,764085,0.5399999999999991
60,E,766620,0.5399999999999991
210,W,770275,0.54
118,W,772488,0.5499999999999972
91,E,717390,0.5499999999999998
91,W,718327,0.5499999999999998
57,N,763563,0.5500000000000007
10,E,717089,0.5500000000000007
10,E,717254,0.5500000000000043
2,W,767471,0.5540000000000003
118,E,760693,0.5599999999999987
91,W,717440,0.5600000000000005
10,E,717195,0.5600000000000023
118,W,760932,0.5700000000000003
57,S,774878,0.5700000000000003
118,E,760782,0.5799999999999983
605,S,764001,0.5800000000000001
210,E,717654,0.5889999999999986
210,E,765477,0.5900000000000034
5,S,759783,0.5999999999999943
118,W,764161,0.5999999999999979
210,E,769788,0.5999999999999979
2,E,767554,0.5999999999999996
101,N,776752,0.5999999999999999
210,W,772933,0.6199999999999974
23,N,771410,0.6199999999999974
118,E,717536,0.6299999999999955
101,S,772610,0.629999999999999
101,S,717479,0.629999999999999
710,S,717972,0.6300000000000008
10,W,774728,0.6310000000000002
605,S,717833,0.6400000000000001
210,W,717663,0.6400000000000006
405,S,718287,0.6400000000000006
10,E,774729,0.6400000000000006
57,N,774841,0.6400000000000006
60,E,766843,0.6410000000000018
2,W,718066,0.6479999999999997
118,W,760941,0.6499999999999986
210,W,717678,0.6499999999999986
5,S,716930,0.6699999999999875
118,W,765922,0.6700000000000017
118,E,765920,0.6700000000000017
2,W,718072,0.6790000000000003
210,W,717674,0.6799999999999997
118,E,760765,0.6799999999999997
118,W,717549,0.6900000000000013
210,E,716142,0.6999999999999957
210,E,769831,0.7000000000000028
5,S,716979,0.7199999999999989
5,N,715944,0.7199999999999989
5,N,716985,0.7199999999999989
5,N,716981,0.7199999999999989
405,N,772455,0.7299999999999969
5,S,716983,0.7300000000000182
118,E,717553,0.7399999999999984
91,E,768898,0.7400000000000002
605,N,717850,0.75
10,E,716085,0.75
118,E,760814,0.75
210,E,717650,0.7600000000000016
91,E,717373,0.7699999999999998
91,W,717374,0.7699999999999998
405,N,775137,0.7700000000000031
118,W,717537,0.7800000000000011
5,S,716977,0.7800000000000011
10,W,717150,0.7800000000000011
57,N,774799,0.7800000000000011
57,S,774800,0.7800000000000011
210,W,770568,0.7899999999999991
10,W,716091,0.7899999999999991
23,S,771385,0.7900000000000027
101,N,764839,0.7900000000000063
210,E,718469,0.7999999999999972
605,N,761844,0.7999999999999998
210,E,769847,0.8000000000000007
210,W,769867,0.8000000000000007
91,E,717443,0.8000000000000007
210,W,717694,0.8000000000000043
210,E,770061,0.8099999999999996
405,N,717763,0.8100000000000023
118,W,717544,0.8299999999999983
405,N,717760,0.8299999999999983
605,S,737504,0.8300000000000001
23,N,771268,0.8300000000000001
118,E,717539,0.8300000000000054
101,N,764819,0.8300000000000054
210,W,718210,0.8500000000000014
605,N,717958,0.8520000000000003
5,S,716986,0.8599999999999852
101,S,764848,0.8599999999999994
101,S,764814,0.8599999999999994
118,W,717566,0.8699999999999974
23,S,771553,0.8699999999999992
210,W,769722,0.8800000000000026
210,E,770385,0.8999999999999986
605,S,717853,0.8999999999999995
134,E,773927,0.9000000000000004
10,W,717202,0.902000000000001
210,E,761206,0.9089999999999989
23,N,771329,0.9100000000000001
134,E,773904,0.9199999999999999
10,E,716187,0.9200000000000017
10,E,717185,0.9200000000000017
5,N,763674,0.9299999999999784
23,N,771360,0.9299999999999979
134,E,717583,0.9299999999999997
605,N,767678,0.934000000000001
101,N,764863,0.9399999999999977
210,W,717676,0.9510000000000005
23,S,771521,0.9599999999999991
210,W,717661,0.9689999999999976
210,E,761191,0.9699999999999989
60,W,766602,0.9700000000000024
101,N,717515,0.9800000000000004
91,W,717424,0.9900000000000002
5,S,716934,0.9900000000000091
5,N,716933,1.0
210,E,769806,1.0
118,W,765960,1.0
10,W,717187,1.0
605,N,716788,1.009999999999999
57,N,718356,1.0199999999999996
210,W,717669,1.0199999999999996
23,S,771488,1.0199999999999996
210,E,717617,1.0200000000000031
10,E,717205,1.0260000000000034
405,S,761552,1.0300000000000011
91,W,717413,1.04
210,E,761220,1.0409999999999968
134,W,773906,1.0499999999999998
210,E,717646,1.0500000000000007
118,E,766029,1.0700000000000003
605,S,717846,1.08
101,S,716328,1.08
91,W,717442,1.08
210,W,769965,1.0999999999999996
605,N,717143,1.1099999999999994
91,E,717418,1.1100000000000003
91,E,717406,1.12
101,S,717484,1.120000000000001
10,W,717087,1.129999999999999
605,N,717956,1.134999999999998
210,W,717649,1.1400000000000006
10,E,717174,1.1500000000000021
10,W,717245,1.1599999999999966
91,E,717396,1.1700000000000008
91,W,717397,1.1700000000000008
60,E,766600,1.1700000000000017
14,S,764311,1.1800000000000006
134,W,716551,1.1829999999999998
2,W,762329,1.189
210,E,772932,1.1999999999999957
210,W,769807,1.1999999999999993
405,S,764578,1.2100000000000009
210,W,717642,1.2300000000000004
210,W,717686,1.240000000000002
10,W,716088,1.240000000000002
605,N,776487,1.2409999999999997
23,N,771441,1.25
710,N,718147,1.25
118,W,766027,1.25
10,E,717077,1.2799999999999976
210,W,769911,1.299999999999999
210,E,769880,1.3000000000000007
10,W,717226,1.3000000000000043
118,E,760746,1.3099999999999987
710,N,717992,1.3699999999999992
605,S,763616,1.3949999999999996
710,N,777243,1.396
710,S,777245,1.396
710,S,717986,1.4399999999999995
101,S,764781,1.4400000000000013
10,E,763479,1.4500000000000028
118,W,760911,1.490000000000002
10,W,764227,1.5
101,S,717518,1.5300000000000011
101,S,764824,1.5500000000000043
210,W,770290,1.5700000000000003
134,E,761003,1.58
210,W,717622,1.6099999999999994
2,W,767610,1.6689999999999987
101,N,776465,1.6699999999999946
101,N,717483,1.7400000000000002
405,N,772011,1.740000000000009
101,N,717519,1.75
405,S,765153,1.7999999999999972
210,W,770187,1.799999999999999
134,W,718499,1.83
57,N,764096,1.8999999999999986
91,W,717388,1.9
91,E,717387,1.9
210,W,769953,1.9000000000000021
14,N,764304,1.9300000000000002
710,S,761776,1.9369999999999994
2,E,767609,2.0299999999999994
210,W,761356,2.030000000000001
210,E,717672,2.049999999999997
10,W,717160,2.108999999999998
60,W,765456,2.1560000000000024
91,E,717431,2.200000000000001
14,S,766712,2.200000000000001
405,S,775121,2.2099999999999937
405,N,775120,2.2099999999999937
605,N,717863,2.24
405,N,717814,2.3400000000000034
91,W,717433,2.450000000000001
2,E,767470,2.4700000000000006
710,N,718151,2.487
210,W,770545,2.49
14,N,766721,2.5
118,E,772118,2.5120000000000005
118,W,772092,2.520000000000003
14,S,766703,2.530999999999999
118,W,772119,2.5420000000000016
10,W,717142,2.759999999999998
118,W,771721,2.759999999999998
710,N,776493,2.780000000000001
118,E,771706,2.799999999999997
210,W,770141,2.880000000000001
605,S,717867,2.8900000000000006
101,N,764915,2.8900000000000006
210,E,770089,3.0
210,W,717637,3.0100000000000016
210,E,761165,3.0600000000000023
118,E,772487,3.0700000000000003
10,E,717241,3.1699999999999946
10,W,717240,3.1700000000000017
57,S,763649,3.443999999999999
14,N,766694,3.471
101,N,717492,3.8979999999999997
710,S,718012,4.02
101,N,717501,4.029999999999999
405,N,764583,4.039999999999999
405,N,717790,4.200000000000003
101,N,764932,4.210000000000001
110,N,763408,4.27
101,S,717472,4.28
405,S,772454,4.289999999999999
210,E,717638,4.539999999999999
210,E,769895,4.68
14,S,764297,4.74
101,S,717514,4.835000000000001
405,N,717801,4.880000000000003
405,N,717755,4.950000000000003
101,N,717513,5.3530000000000015
101,N,717473,5.37
5,S,759762,5.439999999999998
405,S,775136,5.650000000000006
210,E,770544,6.19
5,N,716974,6.509999999999991
5,N,718371,6.670000000000016
605,S,717914,7.09
5,S,718370,7.1299999999999955
10,E,775552,7.129999999999999
405,N,771767,7.459999999999994
605,S,765501,7.510999999999999
710,S,761851,7.66
710,N,718488,7.66
101,S,717499,7.668999999999999
405,S,717766,8.25
5,N,715938,8.459999999999994
101,N,767810,11.93
110,N,767760,12.370000000000001
5,S,775536,12.497000000000014
605,N,717945,12.572
5,N,775535,13.36699999999999
101,S,765150,14.440000000000001
5,S,759933,14.5
101,N,764803,14.66
101,S,767811,20.28
14,N,767791,21.999999999999996
14,S,767790,22.499999999999996
