gap_threshold_miles,corridor_id,Fwy,Dir,station_count,first_station_id,last_station_id,min_abs_pm,max_abs_pm,mean_positive_pct,median_positive_pct,mean_ge80_pct,median_ge80_pct,mean_ge100_pct,median_ge100_pct,min_days_positive,mean_days_positive,mean_ge80_longest_run_minutes,min_ge80_longest_run_minutes,postmile_span,weighted_positive_pct,weighted_ge80_pct,weighted_ge100_pct,review_score,eligible_for_corridor_review,review_rank
1.0,Fwy_10_E_gap_1p0_segment_4,10,E,8,717174,717198,31.96,35.064,96.88549264791014,97.30230404075488,84.00413916869283,97.29796225541276,84.00413916869283,97.29796225541276,114,117.5,1440.0,1440,3.103999999999999,96.88549264791016,84.00413916869283,84.00413916869283,789.6389081857126,True,1
1.0,Fwy_10_E_gap_1p0_segment_7,10,E,7,717241,774729,42.26,45.7,96.94421012587043,97.29940951719348,83.04057295026381,96.465786731504,83.04057295026381,96.465786731504,117,117.57142857142857,1234.2857142857142,0,3.440000000000005,96.94421012587043,83.04057295026381,83.04057295026381,683.4239153806711,True,2
1.0,Fwy_210_W_gap_1p0_segment_15,210,W,14,761356,717685,34.049,40.549,68.51647397409815,89.40314924163482,55.327577366479765,85.8124927636911,54.96782943813162,85.8124927636911,11,83.0,1302.5,0,6.5,68.51647397409815,55.327577366479765,54.96782943813162,642.9064489984949,True,3
1.0,Fwy_10_W_gap_1p0_segment_9,10,W,8,717245,717258,43.18,46.1,90.86416000926248,96.46868125506542,67.56143626259117,95.20956350584694,67.56143626259117,95.20956350584694,63,110.25,1260.0,0,2.9200000000000017,90.86416000926248,67.56143626259117,67.56143626259117,595.8918678360541,True,4
1.0,Fwy_10_E_gap_1p0_segment_2,10,E,7,717077,717097,21.79,23.37,87.2277080335434,87.34803751302536,63.549678294381316,87.34224846590251,63.549678294381316,87.34224846590251,103,105.85714285714286,1234.2857142857142,0,1.5800000000000018,87.2277080335434,63.549678294381316,63.549678294381316,470.90311616136563,True,5
1.0,Fwy_210_E_gap_1p0_segment_5,210,E,8,769880,769788,16.98,21.58,64.86120759522983,61.531781868704414,64.54678997337038,60.28134769017019,64.54678997337038,60.28134769017019,51,78.5,1440.0,1440,4.599999999999998,64.86120759522983,64.54678997337038,64.54678997337038,405.35384103276596,True,6
1.0,Fwy_60_W_gap_1p0_segment_2,60,W,7,765456,765461,28.007,30.335,84.02057592748805,88.16429315734631,55.27299492217867,75.65995137200417,55.27299492217867,75.65995137200417,66,101.71428571428571,1132.857142857143,0,2.3279999999999994,84.02057592748805,55.27299492217867,55.27299492217867,393.5437238459121,True,7
1.0,Fwy_10_W_gap_1p0_segment_6,10,W,14,764227,717224,32.5,37.55,56.91046825121156,91.48286442051639,39.62912883110869,13.657809424568716,39.62912883110869,13.657809424568716,4,69.0,1162.5,0,5.049999999999997,56.91046825121156,39.62912883110869,39.62912883110869,382.8173845085099,True,8
1.0,Fwy_10_W_gap_1p0_segment_5,10,W,4,717160,775029,30.22,31.0,93.35055574852379,97.30230404075488,84.44917216626143,87.05424337154105,60.551985643163135,60.64316313534792,99,113.25,1440.0,1440,0.7800000000000011,93.35055574852379,84.44917216626143,60.551985643163135,382.5547499131643,True,9
1.0,Fwy_134_E_gap_1p0_segment_2,134,E,6,761003,717583,3.88,7.41,75.52969781174018,85.24661340743313,69.10723244953881,83.50845200879935,69.10723244953881,83.50845200879935,43,91.83333333333333,1440.0,1440,3.5300000000000002,75.52969781174019,69.1072324495388,69.1072324495388,380.78085079695876,True,10
2.0,Fwy_210_W_gap_2p0_segment_5,210,W,18,761356,717694,34.049,43.389,73.11164498990132,89.40314924163482,62.566091621319124,86.89793909922426,62.286287677048364,86.89793909922426,11,88.5,1333.0555555555557,0,9.340000000000003,73.11164498990132,62.56609162131913,62.28628767704836,996.6778395276137,True,1
2.0,Fwy_10_E_gap_2p0_segment_2,10,E,16,775552,763479,30.5,39.09,74.04082725483384,96.88549264791016,64.06014819960635,93.1312955887461,60.2829758596735,93.1312955887461,5,89.8125,1272.1875,0,8.590000000000003,74.04082725483386,64.06014819960635,60.2829758596735,920.5443296283432,True,2
2.0,Fwy_10_W_gap_2p0_segment_4,10,W,9,717240,717258,42.02,46.1,91.57950934609497,96.46868125506542,70.67461695804872,95.58006252170892,70.67461695804872,95.58006252170892,63,111.11111111111111,1280.0,0,4.079999999999998,91.57950934609497,70.6746169580487,70.6746169580487,706.746169580487,True,3
2.0,Fwy_210_E_gap_2p0_segment_7,210,E,15,761165,716142,35.409,43.589,76.6606846513064,87.87484080120412,49.11369688549265,76.8988074562927,49.05715719192621,76.8988074562927,11,92.86666666666666,1152.0,0,8.18,76.6606846513064,49.11369688549265,49.05715719192621,684.1537976149126,True,4
2.0,Fwy_10_E_gap_2p0_segment_3,10,E,7,717241,774729,42.26,45.7,96.94421012587043,97.29940951719348,83.04057295026381,96.465786731504,83.04057295026381,96.465786731504,117,117.57142857142857,1234.2857142857142,0,3.440000000000005,96.94421012587043,83.04057295026381,83.04057295026381,683.4239153806711,True,5
2.0,Fwy_210_W_gap_2p0_segment_3,210,W,11,770141,770568,13.98,23.79,82.47392297409664,93.967812897997,61.95622427821108,85.62290147041797,60.886303114507356,85.62290147041797,57,99.9090909090909,1336.8181818181818,640,9.809999999999999,82.47392297409665,61.95622427821108,60.88630311450735,680.8989048175397,True,6
2.0,Fwy_10_W_gap_2p0_segment_3,10,W,19,717160,717226,30.22,38.85,61.71840246674345,93.967812897997,47.018945418426235,56.12481185596851,41.98795878198448,24.82053953919185,3,74.84210526315789,1215.0,0,8.630000000000003,61.71840246674345,47.018945418426235,41.98795878198449,668.609403850021,True,7
2.0,Fwy_57_N_gap_2p0_segment_1,57,N,7,763558,774799,17.087,22.317,94.52728295208321,95.63505846937592,80.21014241055923,94.78696306587936,66.56370432855324,94.78696306587936,103,114.71428571428571,1292.142857142857,405,5.23,94.52728295208323,80.21014241055923,66.56370432855323,644.0874435567906,True,8
2.0,Fwy_10_E_gap_2p0_segment_1,10,E,10,716081,717097,19.29,23.37,79.87119370151673,87.34803751302536,63.212631700822044,86.87767743429431,63.212631700822044,86.87767743429431,20,96.8,1296.0,0,4.080000000000002,79.87119370151673,63.212631700822044,63.212631700822044,611.8982748639573,True,9
2.0,Fwy_210_E_gap_2p0_segment_5,210,E,6,717638,717659,27.14,30.299,95.91148546949171,95.63505846937592,79.96941453436763,95.63505846937592,79.82372351510942,95.61769132800741,116,116.33333333333333,1200.0,0,3.158999999999999,95.91148546949172,79.96941453436764,79.8237235151094,558.1865134498862,True,10
3.0,Fwy_10_W_gap_3p0_segment_1,10,W,33,717065,717226,19.29,38.85,69.79310296434298,88.17587125159199,53.53649380221107,69.87669329628343,50.584430620901614,69.87379877272201,3,84.63636363636364,1179.5454545454545,0,19.560000000000002,69.79310296434298,53.53649380221106,50.58443062090162,1495.274271895755,True,1
3.0,Fwy_210_W_gap_3p0_segment_2,210,W,25,717637,717694,26.8,43.389,72.64756281116128,89.40314924163482,56.15375709158272,86.05997452819265,51.25761259696654,85.53606576357531,10,87.96,1274.4,0,16.589000000000002,72.64756281116128,56.153757091582726,51.25761259696654,1234.821118443904,True,2
3.0,Fwy_210_W_gap_3p0_segment_1,210,W,16,770243,770568,4.7,23.79,79.40691212226467,91.8837559337733,63.12069439620239,84.39417621859442,62.38512359615608,84.39417621859442,39,96.1875,1279.0625,0,19.09,79.40691212226467,63.12069439620239,62.38512359615607,971.4274867575548,True,3
3.0,Fwy_10_E_gap_3p0_segment_2,10,E,16,775552,763479,30.5,39.09,74.04082725483384,96.88549264791016,64.06014819960635,93.1312955887461,60.2829758596735,93.1312955887461,5,89.8125,1272.1875,0,8.590000000000003,74.04082725483386,64.06014819960635,60.2829758596735,920.5443296283432,True,4
3.0,Fwy_10_W_gap_3p0_segment_2,10,W,9,717240,717258,42.02,46.1,91.57950934609497,96.46868125506542,70.67461695804872,95.58006252170892,70.67461695804872,95.58006252170892,63,111.11111111111111,1280.0,0,4.079999999999998,91.57950934609497,70.6746169580487,70.6746169580487,706.746169580487,True,5
3.0,Fwy_210_E_gap_3p0_segment_5,210,E,15,761165,716142,35.409,43.589,76.6606846513064,87.87484080120412,49.11369688549265,76.8988074562927,49.05715719192621,76.8988074562927,11,92.86666666666666,1152.0,0,8.18,76.6606846513064,49.11369688549265,49.05715719192621,684.1537976149126,True,6
3.0,Fwy_10_E_gap_3p0_segment_3,10,E,7,717241,774729,42.26,45.7,96.94421012587043,97.29940951719348,83.04057295026381,96.465786731504,83.04057295026381,96.465786731504,117,117.57142857142857,1234.2857142857142,0,3.440000000000005,96.94421012587043,83.04057295026381,83.04057295026381,683.4239153806711,True,7
3.0,Fwy_210_E_gap_3p0_segment_4,210,E,7,717638,717672,27.14,32.349,95.57179245439058,95.63505846937592,81.90550621082056,95.63505846937592,81.78062819431351,95.60611323376172,113,115.85714285714286,1234.2857142857142,0,5.208999999999996,95.57179245439058,81.90550621082056,81.78062819431351,664.2536553697547,True,8
3.0,Fwy_57_N_gap_3p0_segment_1,57,N,7,763558,774799,17.087,22.317,94.52728295208321,95.63505846937592,80.21014241055923,94.78696306587936,66.56370432855324,94.78696306587936,103,114.71428571428571,1292.142857142857,405,5.23,94.52728295208323,80.21014241055923,66.56370432855323,644.0874435567906,True,9
3.0,Fwy_10_E_gap_3p0_segment_1,10,E,10,716081,717097,19.29,23.37,79.87119370151673,87.34803751302536,63.212631700822044,86.87767743429431,63.212631700822044,86.87767743429431,20,96.8,1296.0,0,4.080000000000002,79.87119370151673,63.212631700822044,63.212631700822044,611.8982748639573,True,10
5.0,Fwy_210_W_gap_5p0_segment_1,210,W,41,770243,717694,4.7,43.389,75.2853576642748,89.40314924163482,58.87256189338552,85.62290147041797,55.60005591372342,85.53606576357531,10,91.17073170731707,1276.219512195122,0,38.689,75.2853576642748,58.872561893385516,55.60005591372343,2200.6563635747507,True,1
5.0,Fwy_10_W_gap_5p0_segment_1,10,W,42,717065,717258,19.29,46.1,74.46161861757554,91.48286442051639,57.20894876417627,83.17268727567443,54.88947055029028,74.84224846590251,3,90.30952380952381,1201.0714285714287,0,26.810000000000002,74.46161861757555,57.20894876417628,54.88947055029028,2169.935426625206,True,2
5.0,Fwy_210_E_gap_5p0_segment_2,210,E,35,770544,716142,7.19,43.589,75.65581633834499,87.33067037165682,59.877768405034814,78.04503878661572,59.828561504490644,78.04503878661572,11,91.65714285714286,1234.2857142857142,0,36.399,75.65581633834499,59.877768405034814,59.828561504490644,1920.878810433517,True,3
5.0,Fwy_10_E_gap_5p0_segment_2,10,E,23,775552,774729,30.5,45.7,81.01142204167107,97.29940951719348,69.836799210676,96.46289220794256,67.20920106115751,96.46289220794256,5,98.26086956521739,1260.6521739130435,0,15.200000000000003,81.01142204167107,69.836799210676,67.2092010611575,1578.3116621612776,True,4
5.0,Fwy_57_S_gap_5p0_segment_1,57,S,7,763583,768779,16.942,22.502,93.11682297093898,95.63505846937592,86.47389139747598,93.95912932731272,73.0511586364313,93.92439504457566,102,113.0,1440.0,1440,5.559999999999999,93.11682297093898,86.47389139747598,73.0511586364313,684.008480954035,True,5
5.0,Fwy_57_N_gap_5p0_segment_1,57,N,7,763558,774799,17.087,22.317,94.52728295208321,95.63505846937592,80.21014241055923,94.78696306587936,66.56370432855324,94.78696306587936,103,114.71428571428571,1292.142857142857,405,5.23,94.52728295208323,80.21014241055923,66.56370432855323,644.0874435567906,True,6
5.0,Fwy_10_E_gap_5p0_segment_1,10,E,10,716081,717097,19.29,23.37,79.87119370151673,87.34803751302536,63.212631700822044,86.87767743429431,63.212631700822044,86.87767743429431,20,96.8,1296.0,0,4.080000000000002,79.87119370151673,63.212631700822044,63.212631700822044,611.8982748639573,True,7
5.0,Fwy_134_E_gap_5p0_segment_1,134,E,8,760987,717583,2.11,7.41,77.84676392265833,85.24661340743313,72.92535023735093,83.50845200879935,72.92535023735093,83.50845200879935,43,94.625,1440.0,1440,5.300000000000001,77.84676392265833,72.92535023735093,72.92535023735093,552.0449012967465,True,8
5.0,Fwy_405_S_gap_5p0_segment_2,405,S,6,717766,772454,43.342,52.312,88.01667245571379,92.2962255412759,80.87877735324766,76.53120296399213,57.88178765775154,75.63679518351279,93,106.66666666666667,1440.0,1440,8.969999999999999,88.01667245571379,80.87877735324766,57.88178765775153,517.6241750607851,True,9
5.0,Fwy_134_W_gap_5p0_segment_1,134,W,7,718496,717582,1.9,6.693,78.51643262376156,86.49704758596735,72.80925916736962,84.82690749102697,72.80925916736962,84.82690749102697,43,95.42857142857143,1234.2857142857142,0,4.792999999999999,78.51643262376156,72.80925916736962,72.80925916736962,486.365851238029,True,10
