days_run_ge120min,positive_rows_pct,stations,station_ids
118,97.30230404075488,44,717142; 717150; 717154; 717160; 717162; 717165; 717167; 717174; 717176; 717179; 717185; 717190; 717195; 717196; 717198; 717200; 717240; 717241; 717245; 717246; 717247; 717254; 717637; 717649; 717663; 718210; 718356; 763563; 763616; 763649; 763683; 764001; 764096; 764222; 764227; 764276; 764915; 766694; 767678; 768779; 769965; 770129; 774491; 776465
118,97.29940951719348,3,716187; 761356; 766721
118,97.2878314229478,1,717945
118,97.26178071089498,1,717642
117,96.51788815560958,2,764814; 764824
117,96.51499363204816,1,764808
117,96.5063100613639,7,716788; 717434; 717435; 717436; 717440; 717441; 759980
117,96.50341553780248,1,717433
117,96.46868125506542,14,717219; 717249; 717251; 717252; 717640; 717673; 737504; 761374; 763479; 768328; 769911; 770243; 774728; 775795
117,96.465786731504,3,717654; 768339; 774729
116,95.63505846937592,11,717472; 717473; 717483; 717484; 717638; 717646; 717650; 763558; 763578; 774877; 774878
116,95.6292694222531,1,717659
115,94.85064258423064,1,777212
115,94.84195901354636,2,764819; 765150
115,94.83616996642353,1,717479
115,94.80143568368646,11,717187; 717192; 717258; 717622; 718066; 718072; 718076; 761552; 762329; 764578; 764583
115,94.79854116012504,2,775136; 775137
115,94.7927521130022,1,718287
114,94.40199143221024,1,717669
114,94.393307861526,1,718081
114,94.00544170429548,1,760375
114,93.967812897997,10,716152; 716153; 717674; 767541; 767542; 769772; 769866; 769867; 770568; 774800
114,93.95912932731272,1,774799
113,93.53363436378372,1,717672
113,93.18050248929026,1,774475
113,93.13419011230752,3,718375; 763674; 775552
113,93.0647215468334,1,717801
112,92.33819613291652,2,717373; 717374
112,92.3353016093551,1,764848
112,92.30056732661804,4,769926; 773890; 774278; 774279
111,91.4987843001042,1,766642
111,91.46694454092857,5,717850; 718496; 761165; 761206; 770275
110,90.63332175523908,3,718499; 767554; 774204
109,89.83153872872525,1,769880
109,89.79969896954961,2,772454; 772455
108,89.94731967118213,2,766585; 766587
108,89.44367257149473,1,717143
108,89.40314924163482,8,717682; 717685; 717686; 717688; 717694; 718469; 772917; 772953
108,89.4002547180734,1,716142
108,88.99791594303578,2,717207; 767810
107,89.081857126317,1,717492
107,88.56952645594535,1,772933
107,88.19613291652195,1,767811
107,88.18166029871483,5,716085; 717087; 717091; 717093; 717097
107,88.17587125159199,1,716088
107,88.16429315734631,1,766602
107,88.13245339817067,1,765456
107,88.01088340859094,1,763573
107,87.87484080120412,1,761177
106,87.34803751302536,6,716091; 717075; 717077; 717089; 717095; 717101
106,87.34514298946394,1,717083
106,87.33067037165682,3,766600; 769895; 773927
106,87.29883061248118,1,761191
105,87.4464513141137,1,764304
105,86.9022808845664,1,765477
105,86.49704758596735,2,716554; 717580
105,86.45362973254602,1,766788
104,86.61282852842422,1,764297
104,86.06865809887692,1,761220
104,85.66631932383929,1,766620
104,85.66342480027788,2,717582; 717583
104,85.63158504110224,1,770141
104,85.6257959939794,1,767760
103,85.7473659835591,2,717760; 717763
103,84.84716915595693,1,716101
103,84.84138010883409,1,717084
103,84.8298020145884,2,717578; 767759
103,84.55482227625333,1,774841
102,84.93979390992243,1,764311
102,83.96433946972328,1,763583
101,83.76172282042376,1,717431
101,83.16545096677088,1,770187
101,83.13071668403381,1,770089
100,83.29570452703484,2,716081; 717065
100,82.29709389834433,1,769788
99,82.07421558411485,1,718327
99,81.4953108718305,1,775029
99,81.46347111265486,2,718370; 718371
98,81.60819729072594,1,766843
96,79.94674076646984,1,764863
96,78.96260275558643,1,769722
95,78.1608197290726,1,765461
94,77.32719694338311,1,766703
94,77.29535718420748,1,760987
93,77.41113812666435,2,716689; 717766
93,76.8988074562927,2,772902; 772903
93,76.49357415769364,1,765153
90,73.96086604144958,1,761003
88,73.31538728725252,1,777316
87,72.45281926594882,2,717396; 717397
87,71.49473196711821,1,769847
85,69.87669329628343,2,717108; 717112
85,69.82459187217783,1,716551
85,69.54671761028135,1,772932
84,68.95912932731272,3,716974; 716986; 777733
83,69.13280074099804,1,773723
83,68.20655320134306,1,717790
81,66.4582609702443,1,717814
80,66.57404191270118,2,718376; 763669
79,65.76646983906448,1,716985
77,64.1079078383698,1,766712
76,62.73011462313303,1,717755
76,62.327775848095406,1,717439
76,62.32488132453398,1,764932
76,62.32198680097256,1,764839
75,61.45652425610744,3,759762; 759772; 759783
73,60.779205742734746,1,717369
73,59.78638416116707,1,761844
72,59.90216510362394,2,775120; 775121
72,59.86164177376404,1,770290
71,59.11774921847864,1,764803
71,58.15676739608661,1,777213
70,58.284126432789165,1,764798
70,58.23781405580642,1,769953
70,57.36945698737988,1,770061
68,56.53004515456756,1,717853
67,54.987264096329746,1,717832
66,54.938057195785575,2,717404; 766622
66,54.263633205974294,1,717846
66,54.06101655667477,1,759933
63,52.42271622091004,1,717367
62,51.63540581220331,1,768349
62,51.56883177029061,1,769806
62,51.54857010536066,1,717863
61,50.54127590598588,1,768297
60,49.832117633437534,1,769807
59,49.06796341322218,1,717844
57,47.44703021882598,1,717426
57,47.40071784184323,1,770000
57,47.36887808266759,1,717831
56,46.61340743313651,1,768907
56,46.567095056153754,1,717617
56,46.529466249855275,1,775511
54,44.94616186175755,1,717838
53,44.066226699085334,1,769819
53,43.232603913395856,3,776480; 776751; 776752
53,43.11103392381614,1,716983
52,43.264443672571495,1,769831
52,42.39898112770638,6,717972; 717992; 718151; 718488; 761776; 761851
51,42.39898112770638,1,770385
51,42.30056732661804,2,775535; 775536
50,40.73173555632743,2,717983; 717989
49,40.44807224730809,1,717399
48,38.76056501099919,1,777796
47,38.230867199259,1,716328
46,38.25981243487322,2,767790; 767791
46,15.019682760217668,1,717368
45,36.56362162788005,1,718147
44,35.729998842190575,1,776493
43,35.77631121917332,1,717406
43,35.75315503068195,1,770544
43,34.8963760565011,2,773904; 773906
43,34.89348153293968,1,777767
42,34.062753270811626,1,718012
40,33.275442862104896,1,717833
40,33.22913048512215,1,716981
40,32.39550769943267,1,718256
39,32.334722704642815,1,770545
38,31.5618849137432,9,717499; 717501; 717513; 717514; 717515; 717518; 717519; 772609; 772610
34,28.259233530160937,1,717418
34,28.227393770985294,1,764781
33,27.50665740419127,2,717442; 717443
33,27.42271622091004,1,716978
29,23.82482343406275,1,717995
26,21.642352668750725,1,777245
23,19.141484311682294,1,777243
21,17.506078499478985,1,763408
20,16.64061595461387,1,716087
20,15.723051985643163,1,716979
19,14.883640152830845,1,777781
18,14.408938288757671,1,717914
18,14.023966655088572,2,767470; 767471
16,13.337964571031607,2,716295; 716296
15,12.472502026166492,3,717675; 717676; 717678
15,11.554938057195786,5,715944; 716929; 716930; 716933; 716934
14,11.638879240477015,1,717684
14,11.294430936667824,1,717214
13,10.805256454787544,24,717535; 765920; 765922; 765958; 765960; 765993; 765995; 771268; 771285; 771294; 771295; 771306; 771371; 771385; 771386; 771410; 771421; 771441; 771488; 771706; 771721; 772092; 772487; 772488
13,9.887692485816835,1,759566
12,9.971633669098066,10,771318; 771329; 771340; 771396; 771400; 771509; 771521; 771531; 771542; 772024
12,9.05406970012736,4,715938; 718130; 718364; 765591
11,9.169850642584231,2,772857; 772858
11,9.164061595461389,1,717211
11,9.13801088340859,26,760726; 760738; 760746; 760756; 760774; 760782; 760801; 760814; 760869; 760892; 760900; 760911; 760932; 760959; 760971; 764064; 764068; 764072; 764076; 764085; 764177; 764181; 764185; 764189; 772118; 772119
11,9.080120412180156,1,717986
10,8.304388097719116,3,717541; 717661; 717664
9,7.50260507120528,7,717220; 717549; 717553; 717566; 760693; 764161; 764165
9,7.47076531202964,6,717533; 717536; 717537; 717543; 717544; 772011
9,7.453398170661109,1,764081
9,6.553201343058933,1,718259
8,6.6689822855158045,8,717216; 717413; 717424; 717554; 760686; 768898; 771360; 771767
8,6.637142526340164,3,717539; 771577; 771578
7,5.835359499826328,3,717390; 766027; 766029
7,5.803519740650689,2,718118; 771553
6,5.056732661803867,1,764021
6,5.001736714136853,2,717387; 717388
6,4.9698969549612135,1,760941
6,4.935162672224152,1,717205
5,4.168113928447378,3,717209; 767609; 767610
5,4.162324881324534,1,718119
5,4.136274169271738,1,717116
5,4.133379645710316,1,776487
5,4.130485122148894,1,717202
4,3.3344911427579023,2,717224; 763367
3,2.5008683570684265,2,716977; 717226
3,2.4979738335070047,1,716928
3,1.8264443672571495,1,716955
2,1.6672455713789511,3,717956; 717958; 765501
1,0.8336227856894756,1,717867
1,0.8017830265138358,1,717836
1,0.7525761259696654,1,760765
0,0.0,1436,715898; 715915; 715916; 715918; 715920; 715929; 715930; 715933; 715947; 715996; 716016; 716017; 716023; 716028; 716032; 716036; 716047; 716050; 716057; 716063; 716067; 716069; 716072; 716075; 716076; 716078; 716084; 716092; 716126; 716143; 716146; 716172; 716174; 716176; 716181; 716193; 716203; 716206; 716213; 716235; 716237; 716238; 716241; 716253; 716254; 716265; 716271; 716272; 716273; 716311; 716312; 716313; 716314; 716331; 716337; 716339; 716359; 716390; 716391; 716392; 716402; 716404; 716405; 716407; 716409; 716413; 716414; 716419; 716420; 716421; 716422; 716424; 716426; 716427; 716428; 716431; 716433; 716434; 716437; 716440; 716441; 716442; 716443; 716448; 716449; 716450; 716453; 716456; 716457; 716459; 716460; 716461; 716466; 716470; 716471; 716481; 716484; 716485; 716490; 716491; 716494; 716495; 716499; 716500; 716571; 716573; 716626; 716632; 716659; 716660; 716663; 716670; 716674; 716694; 716714; 716719; 716720; 716733; 716738; 716739; 716760; 716775; 716776; 716778; 716784; 716797; 716800; 716810; 716819; 716829; 716834; 716841; 716847; 716857; 716875; 716891; 716895; 716896; 716898; 716899; 716900; 716902; 716904; 716906; 716907; 716908; 716911; 716912; 716916; 716918; 716920; 716921; 716922; 716923; 716924; 716925; 716936; 716937; 716938; 716939; 716940; 716941; 716942; 716943; 716944; 716946; 716949; 716951; 716953; 716956; 716958; 716960; 716963; 716965; 716968; 716971; 716973; 716988; 716989; 716990; 716991; 716993; 716994; 716996; 716997; 716999; 717000; 717001; 717002; 717004; 717006; 717008; 717009; 717011; 717012; 717014; 717015; 717016; 717019; 717020; 717022; 717026; 717028; 717029; 717031; 717032; 717033; 717035; 717036; 717039; 717040; 717041; 717042; 717043; 717045; 717046; 717047; 717049; 717052; 717055; 717059; 717060; 717070; 717071; 717073; 717079; 717081; 717099; 717105; 717110; 717114; 717119; 717121; 717123; 717125; 717127; 717129; 717131; 717133; 717134; 717135; 717136; 717139; 717146; 717152; 717155; 717156; 717157; 717169; 717171; 717235; 717236; 717238; 717243; 717257; 717260; 717262; 717263; 717264; 717265; 717266; 717268; 717269; 717270; 717273; 717274; 717277; 717279; 717281; 717282; 717285; 717288; 717290; 717292; 717294; 717296; 717298; 717300; 717301; 717303; 717306; 717308; 717312; 717315; 717316; 717318; 717320; 717322; 717324; 717328; 717330; 717332; 717334; 717337; 717339; 717340; 717342; 717343; 717346; 717350; 717352; 717355; 717357; 717358; 717361; 717365; 717375; 717376; 717378; 717379; 717380; 717381; 717383; 717384; 717392; 717393; 717402; 717410; 717416; 717420; 717421; 717428; 717438; 717445; 717446; 717447; 717450; 717452; 717453; 717456; 717458; 717459; 717460; 717461; 717462; 717463; 717465; 717466; 717468; 717469; 717480; 717481; 717486; 717488; 717489; 717490; 717491; 717493; 717495; 717497; 717498; 717502; 717504; 717508; 717510; 717511; 717516; 717517; 717520; 717522; 717524; 717525; 717528; 717530; 717532; 717546; 717547; 717557; 717558; 717560; 717562; 717565; 717568; 717570; 717571; 717572; 717573; 717576; 717585; 717587; 717590; 717592; 717595; 717597; 717599; 717601; 717603; 717606; 717608; 717610; 717612; 717613; 717614; 717615; 717620; 717624; 717625; 717627; 717628; 717630; 717631; 717633; 717634; 717635; 717644; 717653; 717657; 717660; 717667; 717692; 717696; 717697; 717699; 717701; 717703; 717706; 717709; 717710; 717711; 717713; 717715; 717717; 717719; 717720; 717721; 717723; 717724; 717727; 717729; 717731; 717733; 717735; 717740; 717742; 717744; 717746; 717750; 717751; 717752; 717753; 717758; 717765; 717769; 717770; 717772; 717776; 717777; 717779; 717787; 717788; 717794; 717795; 717797; 717798; 717799; 717800; 717804; 717806; 717807; 717809; 717813; 717816; 717818; 717819; 717821; 717823; 717824; 717825; 717826; 717827; 717828; 717829; 717839; 717842; 717843; 717847; 717848; 717851; 717854; 717857; 717858; 717859; 717862; 717864; 717865; 717871; 717872; 717875; 717877; 717879; 717881; 717884; 717885; 717887; 717888; 717893; 717894; 717896; 717897; 717898; 717903; 717906; 717907; 717909; 717912; 717915; 717922; 717924; 717925; 717926; 717929; 717930; 717933; 717934; 717940; 717942; 717943; 717951; 717957; 717960; 717962; 717963; 717966; 717968; 717970; 717975; 717977; 717978; 717980; 718002; 718008; 718014; 718016; 718017; 718018; 718020; 718041; 718045; 718046; 718047; 718048; 718050; 718051; 718052; 718053; 718054; 718064; 718085; 718086; 718089; 718090; 718092; 718099; 718102; 718103; 718123; 718124; 718125; 718126; 718127; 718141; 718142; 718143; 718144; 718146; 718148; 718149; 718150; 718155; 718164; 718165; 718166; 718173; 718204; 718219; 718221; 718223; 718226; 718227; 718229; 718232; 718235; 718238; 718240; 718242; 718243; 718245; 718247; 718249; 718251; 718253; 718258; 718262; 718265; 718266; 718267; 718275; 718277; 718280; 718284; 718290; 718291; 718292; 718296; 718297; 718300; 718302; 718304; 718308; 718310; 718312; 718314; 718315; 718320; 718321; 718326; 718332; 718335; 718358; 718360; 718379; 718384; 718389; 718392; 718393; 718394; 718404; 718405; 718410; 718411; 718412; 718414; 718415; 718419; 718421; 718445; 718453; 718455; 718466; 718479; 718492; 718493; 718500; 737152; 737158; 737184; 737229; 737232; 737237; 737242; 737246; 737257; 737258; 737269; 737278; 737292; 737313; 737320; 737344; 737345; 737433; 737529; 759142; 759165; 759228; 759250; 759257; 759259; 759271; 759280; 759289; 759385; 759416; 759418; 759422; 759427; 759513; 759518; 759531; 759542; 759552; 759576; 759591; 759602; 759610; 759617; 759626; 759636; 759648; 759654; 759666; 759672; 759677; 759685; 759700; 759707; 759747; 759822; 759834; 759835; 759844; 759850; 759858; 759870; 759900; 759914; 759927; 759942; 760002; 760013; 760024; 760046; 760063; 760074; 760080; 760101; 760112; 760167; 760187; 760196; 760226; 760236; 760283; 760301; 760315; 760330; 760349; 760358; 760361; 760369; 760384; 760398; 760426; 760440; 760452; 760473; 760481; 760496; 760512; 760535; 760558; 760568; 760599; 760606; 760619; 760635; 760643; 760650; 760706; 760718; 760794; 760812; 760828; 760921; 760951; 761016; 761070; 761128; 761141; 761152; 761342; 761455; 761482; 761492; 761500; 761526; 761541; 761599; 761604; 761644; 761675; 761734; 761761; 762347; 762353; 762398; 763237; 763246; 763251; 763259; 763267; 763275; 763286; 763294; 763299; 763304; 763309; 763314; 763325; 763330; 763336; 763341; 763346; 763354; 763361; 763372; 763377; 763384; 763392; 763400; 763419; 763424; 763429; 763434; 763439; 763447; 763453; 763458; 763468; 763485; 763490; 763498; 763502; 763507; 763512; 763517; 763522; 763527; 763532; 763539; 763553; 763568; 763590; 763621; 763626; 763641; 763663; 763689; 763695; 763700; 763706; 763712; 763720; 763731; 763748; 763963; 763970; 763975; 763980; 763985; 763990; 763995; 764026; 764032; 764037; 764050; 764054; 764059; 764089; 764101; 764106; 764130; 764137; 764146; 764151; 764156; 764169; 764173; 764193; 764197; 764201; 764206; 764217; 764232; 764244; 764249; 764262; 764269; 764283; 764290; 764318; 764322; 764417; 764418; 764420; 764425; 764430; 764435; 764567; 764572; 764590; 764598; 764604; 764622; 764627; 764632; 764637; 764646; 764671; 764754; 764760; 764766; 764794; 764829; 764834; 764853; 764868; 764874; 764879; 764885; 764891; 764900; 764905; 764910; 764921; 764927; 764937; 764941; 764949; 764958; 764963; 765098; 765099; 765100; 765101; 765106; 765164; 765171; 765176; 765265; 765273; 765444; 765451; 765467; 765472; 765476; 765486; 765506; 765941; 765943; 765976; 765978; 766010; 766012; 766044; 766046; 766060; 766062; 766096; 766110; 766112; 766124; 766138; 766153; 766167; 766170; 766184; 766185; 766209; 766211; 766336; 766337; 766493; 766505; 766555; 766569; 766571; 766644; 766661; 766673; 766685; 766730; 766740; 766749; 766758; 766806; 766851; 766875; 766937; 766988; 767053; 767166; 767233; 767329; 767350; 767351; 767366; 767367; 767454; 767455; 767494; 767495; 767509; 767523; 767572; 767573; 767585; 767597; 767598; 767620; 767621; 767722; 767723; 767750; 767751; 767767; 767768; 767801; 767812; 767827; 767838; 767857; 767868; 767883; 767896; 767898; 767910; 767925; 767940; 767942; 767955; 767970; 767984; 767986; 767998; 768000; 768012; 768014; 768026; 768028; 768041; 768055; 768066; 768173; 768174; 768202; 768222; 768223; 768230; 768238; 768253; 768265; 768283; 768444; 768469; 768477; 768523; 768584; 768598; 768626; 768643; 768655; 768664; 768682; 768701; 768968; 768969; 768978; 768984; 769029; 769030; 769068; 769090; 769091; 769105; 769118; 769136; 769150; 769195; 769228; 769248; 769279; 769292; 769294; 769345; 769346; 769358; 769359; 769372; 769373; 769388; 769389; 769402; 769403; 769405; 769418; 769430; 769431; 769443; 769444; 769454; 769467; 769496; 769513; 769625; 769701; 769702; 769744; 769758; 769941; 769983; 769984; 770012; 770024; 770036; 770048; 770076; 770103; 770116; 770200; 770215; 770229; 770259; 770303; 770315; 770331; 770332; 770353; 770354; 770386; 770401; 770555; 770556; 770578; 770579; 770587; 770588; 770598; 770599; 770610; 770611; 771253; 771254; 771349; 771350; 771431; 771432; 771453; 771463; 771475; 771499; 771565; 771603; 771618; 771667; 771673; 771690; 771691; 771807; 771808; 771825; 771826; 771845; 771846; 771863; 771864; 771877; 771879; 771897; 771898; 771914; 771915; 771925; 771938; 771939; 771954; 771969; 771981; 771997; 772025; 772055; 772107; 772125; 772126; 772132; 772133; 772140; 772151; 772167; 772168; 772178; 772193; 772208; 772340; 772354; 772355; 772396; 772420; 772421; 772437; 772438; 772501; 772513; 772527; 772564; 772582; 772583; 772596; 772597; 772669; 772689; 772701; 772711; 772872; 772873; 772887; 772888; 772918; 772954; 772966; 772967; 772980; 772999; 773000; 773012; 773013; 773023; 773024; 773047; 773062; 773154; 773179; 773193; 773194; 773221; 773222; 773232; 773233; 773245; 773246; 773257; 773258; 773273; 773274; 773281; 773293; 773294; 773304; 773305; 773316; 773317; 773329; 773330; 773342; 773343; 773362; 773363; 773407; 773409; 773422; 773424; 773437; 773439; 773458; 773460; 773473; 773474; 773490; 773492; 773505; 773507; 773520; 773522; 773535; 773537; 773647; 773656; 773711; 773712; 773724; 773736; 773737; 773743; 773749; 773773; 773774; 773784; 773785; 773795; 773796; 773798; 773807; 773869; 773870; 773880; 773916; 773939; 773953; 773954; 773974; 773975; 773995; 773996; 774011; 774012; 774031; 774032; 774053; 774054; 774067; 774092; 774125; 774164; 774165; 774180; 774181; 774216; 774217; 774226; 774227; 774235; 774236; 774244; 774245; 774301; 774302; 774327; 774344; 774358; 774359; 774372; 774373; 774389; 774411; 774440; 774441; 774444; 774445; 774614; 774658; 774671; 774672; 774685; 774703; 774704; 774743; 774744; 774812; 774813; 774826; 774827; 774842; 774854; 774855; 774865; 774866; 774890; 774891; 774901; 774902; 774926; 774927; 774946; 774947; 774958; 775012; 775030; 775100; 775101; 775155; 775156; 775165; 775183; 775184; 775225; 775239; 775249; 775261; 775302; 775314; 775365; 775462; 775520; 775610; 775636; 775637; 775689; 775690; 775734; 775752; 775762; 775763; 775773; 775774; 775825; 775936; 775949; 775961; 775975; 775990; 776019; 776020; 776052; 776060; 776066; 776073; 776081; 776136; 776177; 776188; 776196; 776197; 776203; 776208; 776215; 776221; 776228; 776242; 776253; 776266; 776289; 776290; 776295; 776313; 776328; 776425; 776440; 776457; 776518; 776628; 776629; 776657; 776690; 776708; 776739; 776773; 776826; 776843; 776844; 776906; 776981; 776986; 777061; 777065; 777066; 777203; 777204; 777223; 777224; 777232; 777233; 777253; 777254; 777262; 777263; 777317
