date,stations_present,stations_no_positive,stations_all_valid_zero,rows,zero_rows,positive_rows,ge40_rows,ge80_rows,valid_coverage_rows,stations_absent_from_date,zero_pct_all_rows,positive_pct_all_rows,ge80_pct_all_rows,invalid_coverage_rows
2026-02-01,1916,1557,1557,551808,452563,99245,94656,73484,551808,0,82.0145775342148,17.985422465785202,13.316950823474832,0
2026-02-02,1916,1551,1551,551808,446943,104865,99397,77966,551808,0,80.99610734168407,19.003892658315937,14.129189863140802,0
2026-02-03,1916,1559,1559,551808,449231,102577,97958,76276,551808,0,81.41074431686384,18.589255683136162,13.822923915564834,0
2026-02-04,1916,1584,1584,551808,456430,95378,92131,68435,551808,0,82.71536476455579,17.284635235444213,12.401958652284852,0
2026-02-05,1916,1574,1574,551808,453554,98254,92471,71097,551808,0,82.19416898631408,17.80583101368592,12.88437282533055,0
2026-02-06,1916,1556,1556,551808,448365,103443,98524,75398,551808,0,81.25380567153793,18.746194328462074,13.66381060078868,0
2026-02-07,1916,1565,1565,551808,451020,100788,95622,75155,551808,0,81.73495128740431,18.265048712595686,13.619773544421248,0
2026-02-08,1916,1549,1549,551808,446311,105497,101417,77613,551808,0,80.88157475063791,19.118425249362097,14.065218336812805,0
2026-02-09,1916,1561,1561,551808,449824,101984,97059,75942,551808,0,81.51820923219671,18.481790767803293,13.762395615866389,0
2026-02-10,1916,1560,1560,551808,449771,102037,96993,76735,551808,0,81.50860444212479,18.491395557875205,13.90610502203665,0
2026-02-11,1916,1547,1547,551808,445782,106026,102489,79502,551808,0,80.785708072373,19.214291927627002,14.407547552771979,0
2026-02-12,1916,1558,1558,551808,448935,102873,99097,77151,551808,0,81.3571024704245,18.642897529575503,13.981493562978427,0
2026-02-13,1916,1573,1573,551808,453269,98539,95906,74279,551808,0,82.1425205868708,17.857479413129205,13.461022674553467,0
2026-02-14,1916,1631,1631,551808,470069,81739,78312,57551,551808,0,85.18705781721178,14.812942182788216,10.429533460913941,0
2026-02-15,1916,1619,1619,551808,466482,85326,81526,59533,551808,0,84.53701287404314,15.462987125956854,10.788716365112503,0
2026-02-16,1916,1615,1615,551808,465422,86386,82124,61813,551808,0,84.34491707260496,15.655082927395036,11.20190356065878,0
2026-02-17,1916,1601,1601,551808,461376,90432,87425,67531,551808,0,83.61169102296451,16.38830897703549,12.238133553699837,0
2026-02-18,1916,1610,1610,551808,464016,87792,84121,63019,551808,0,84.0901183020181,15.909881697981907,11.420457840408258,0
2026-02-19,1916,1630,1630,551808,469441,82367,79185,58433,551808,0,85.07325011598238,14.92674988401763,10.589371665506842,0
2026-02-20,1916,1617,1617,551808,465961,85847,82375,62357,551808,0,84.44259597541173,15.557404024588262,11.300488575736487,0
2026-02-21,1916,1637,1637,551808,471905,79903,76054,56975,551808,0,85.51978224309904,14.48021775690095,10.32514932730225,0
2026-02-22,1916,1646,1646,551808,474274,77534,74038,55175,551808,0,85.94909823706797,14.050901762932034,9.998948909765716,0
2026-02-23,1916,1642,1642,551808,473139,78669,74039,54987,551808,0,85.74341075156576,14.256589248434238,9.964879088378567,0
2026-02-24,1916,1641,1641,551808,472847,78961,75766,56714,551808,0,85.69049379494317,14.309506205056831,10.277850266759453,0
2026-02-25,1916,1644,1644,551808,473709,78099,74608,55275,551808,0,85.84670755045234,14.153292449547669,10.017071155184412,0
2026-02-26,1916,1632,1632,551808,470345,81463,77708,56582,551808,0,85.23707521456738,14.762924785432615,10.253928902806773,0
2026-02-27,1916,1674,1674,551808,486549,65259,62251,47899,551808,0,88.17360386221294,11.826396137787057,8.68037433310137,0
2026-02-28,1916,1915,1915,551808,551769,39,12,0,551808,0,99.99293232428671,0.007067675713291579,0.0,0
2026-03-01,1916,1642,1642,551808,473210,78598,74894,54643,551808,0,85.75627754581303,14.243722454186964,9.90253856413825,0
2026-03-02,1916,1640,1640,551808,472622,79186,75466,56959,551808,0,85.6497187427511,14.350281257248898,10.322249768035258,0
2026-03-03,1916,1636,1636,551808,471418,80390,76914,57749,551808,0,85.43152690791,14.568473092090002,10.46541550684296,0
2026-03-04,1916,1648,1648,551808,474874,76934,74587,54120,551808,0,86.05783170958014,13.942168290419856,9.807759220598468,0
2026-03-05,1916,1628,1628,551808,469113,82695,78645,57869,551808,0,85.01380915100904,14.986190848990953,10.487162201345395,0
2026-03-06,1916,1632,1632,551808,470263,81545,78630,58963,551808,0,85.22221497332406,14.777785026675945,10.685419566225933,0
2026-03-07,1916,1632,1632,551808,470262,81546,78923,59595,551808,0,85.22203375086987,14.777966249130133,10.799952157272095,0
2026-03-08,1916,1626,1626,528816,449014,79802,76464,57227,528816,0,84.90930682884027,15.090693171159723,10.821722489485946,0
2026-03-09,1916,1634,1634,551808,470867,80941,77747,57589,551808,0,85.33167333565298,14.668326664347019,10.436419914173046,0
2026-03-10,1916,1620,1620,551808,466816,84992,82372,60907,551808,0,84.59754117374159,15.402458826258409,11.03771601716539,0
2026-03-11,1916,1625,1625,551808,468261,83547,79777,59447,551808,0,84.85940762004175,15.140592379958246,10.773131234052425,0
2026-03-12,1916,1634,1634,551808,470845,80963,78340,59208,551808,0,85.32768644166087,14.672313558339132,10.72981906750174,0
2026-03-13,1916,1646,1646,551808,474303,77505,74894,56412,551808,0,85.9543536882394,14.045646311760612,10.22312108559499,0
2026-03-14,1916,1676,1676,551808,482941,68867,67393,53393,551808,0,87.51975324750637,12.48024675249362,9.676010496404546,0
2026-03-15,1916,1692,1692,551808,487547,64261,63085,49792,551808,0,88.35446387149153,11.645536128508466,9.023428438877291,0
2026-03-16,1916,1644,1644,551808,473729,78079,75758,56925,551808,0,85.85033199953607,14.14966800046393,10.316088204592901,0
2026-03-17,1916,1654,1654,551808,476605,75203,72883,54932,551808,0,86.37152777777777,13.628472222222221,9.954911853398283,0
2026-03-18,1916,1639,1639,551808,472288,79520,75737,56955,551808,0,85.58919044305266,14.410809556947344,10.321524878218511,0
2026-03-19,1916,1635,1635,551808,471171,80637,77485,60082,551808,0,85.38676496172582,14.613235038274182,10.888207492461145,0
2026-03-20,1916,1652,1652,551808,476036,75772,72868,55838,551808,0,86.2684122013454,13.731587798654605,10.119099396891672,0
2026-03-21,1916,1656,1656,551808,477193,74615,71142,54710,551808,0,86.47808658083972,13.521913419160288,9.914680468568777,0
2026-03-22,1916,1664,1664,551808,479482,72326,68271,52669,551808,0,86.89290477847368,13.107095221526327,9.544805439573185,0
2026-03-23,1916,1646,1646,551808,474283,77525,74027,56592,551808,0,85.95072923915565,14.049270760844351,10.255741127348642,0
2026-03-24,1916,1640,1640,551808,472553,79255,76602,59021,551808,0,85.63721439341221,14.3627856065878,10.695930468568777,0
2026-03-25,1916,1640,1640,551808,472602,79206,76615,58168,551808,0,85.64609429366736,14.353905706332638,10.541347715147298,0
2026-03-26,1916,1652,1652,551808,476028,75780,72871,56418,551808,0,86.2669624217119,13.7330375782881,10.224208420320112,0
2026-03-27,1916,1673,1673,551808,482102,69706,67110,50766,551808,0,87.36770760844351,12.632292391556483,9.199939109255393,0
2026-03-28,1916,1648,1648,551808,474875,76933,74872,56425,551808,0,86.05801293203433,13.94198706796567,10.22547697749942,0
2026-03-29,1916,1647,1647,551808,474584,77224,74894,57576,551808,0,86.00527719786592,13.994722802134076,10.434064022268615,0
2026-03-30,1916,1643,1643,551808,473388,78420,75759,58428,551808,0,85.78853514265832,14.211464857341683,10.588465553235908,0
2026-03-31,1916,1652,1652,551808,475972,75836,74041,54696,551808,0,86.25681396427743,13.74318603572257,9.91214335421016,0
2026-04-01,1916,1626,1626,551808,468505,83303,78848,62329,551808,0,84.90362589886337,15.096374101136627,11.295414347019253,0
2026-04-02,1916,1641,1641,551808,472806,79002,76088,56980,551808,0,85.6830636743215,14.316936325678498,10.326055439573185,0
2026-04-03,1916,1645,1645,551808,474218,77590,74090,56255,551808,0,85.93894977963349,14.061050220366504,10.194669160287637,0
2026-04-04,1916,1638,1638,551808,471985,79823,76369,58582,551808,0,85.53428003943401,14.465719960565995,10.6163738111807,0
2026-04-05,1916,1641,1641,551808,472822,78986,76058,57573,551808,0,85.6859632335885,14.314036766411505,10.433520354906054,0
2026-04-06,1916,1643,1643,551808,473445,78363,74899,56690,551808,0,85.79886482254697,14.201135177453027,10.273500927858965,0
2026-04-07,1916,1655,1655,551808,477183,74625,71970,54321,551808,0,86.47627435629784,13.523725643702157,9.844184933890048,0
2026-04-08,1916,1647,1647,551808,475304,76504,74591,55711,551808,0,86.13575736488053,13.864242635119462,10.096084145209929,0
2026-04-09,1916,1648,1648,551808,475153,76655,74313,55251,551808,0,86.10839277429831,13.891607225701692,10.012721816283925,0
2026-04-10,1916,1654,1654,551808,476595,75213,73464,55139,551808,0,86.3697155532359,13.630284446764092,9.992424901414985,0
2026-04-11,1916,1641,1641,551808,472845,78963,77468,57752,551808,0,85.69013135003479,14.309868649965205,10.465959174205521,0
2026-04-12,1916,1654,1654,551808,476560,75248,73461,55266,551808,0,86.36337276733937,13.636627232660636,10.01544015309673,0
2026-04-13,1916,1642,1642,551808,473185,78623,76020,58706,551808,0,85.75174698445836,14.248253015541637,10.638845395499883,0
2026-04-14,1916,1654,1654,551808,476834,74974,72072,54662,551808,0,86.4130277197866,13.586972280213407,9.905981790767804,0
2026-04-15,1916,1648,1648,551808,474862,76946,74345,56976,551808,0,86.0556570401299,13.9443429598701,10.325330549756437,0
2026-04-16,1916,1654,1654,551808,477011,74797,72490,55167,551808,0,86.44510409417768,13.554895905822315,9.99749913013222,0
2026-04-17,1916,1648,1648,551808,474866,76942,74907,57010,551808,0,86.05638192994665,13.943618070053352,10.331492113198793,0
2026-04-18,1916,1664,1664,551808,479476,72332,69718,51603,551808,0,86.89181744374855,13.10818255625145,9.351622303409881,0
2026-04-19,1916,1647,1647,551808,474565,77243,74620,54251,551808,0,86.00183397123637,13.998166028763627,9.831499362096961,0
2026-04-20,1916,1664,1664,551808,479467,72341,70302,53237,551808,0,86.89018644166087,13.109813558339132,9.64773979355138,0
2026-04-21,1916,1645,1645,551808,473981,77827,76044,57583,551808,0,85.89600005799119,14.103999942008814,10.435332579447923,0
2026-04-22,1916,1650,1650,551808,475462,76346,73070,55364,551808,0,86.16439051264207,13.835609487357921,10.03319995360705,0
2026-04-23,1916,1649,1649,551808,474912,76896,74865,56723,551808,0,86.06471816283924,13.935281837160751,10.279481268847135,0
2026-04-24,1916,1655,1655,551808,476640,75168,72563,55754,551808,0,86.37787056367432,13.622129436325679,10.103876710739968,0
2026-04-25,1916,1647,1647,551808,474336,77472,74877,57865,551808,0,85.96033402922755,14.039665970772443,10.486437311528647,0
2026-04-26,1916,1662,1662,551808,478656,73152,71127,54132,551808,0,86.74321503131524,13.25678496868476,9.809933890048713,0
2026-04-27,1916,1654,1654,551808,476352,75456,73133,56187,551808,0,86.32567849686848,13.674321503131525,10.182346033402922,0
2026-04-28,1916,1653,1653,551808,476064,75744,73723,55980,551808,0,86.27348643006263,13.726513569937369,10.144832985386222,0
2026-04-29,1916,1654,1654,551808,476354,75454,73408,55195,551808,0,86.32604094177685,13.67395905822315,10.002573358849455,0
2026-04-30,1916,1657,1657,551808,477216,74592,73151,55927,551808,0,86.48225469728601,13.517745302713987,10.135228195314312,0
2026-05-01,1916,1652,1652,551808,476059,75749,74014,55550,551808,0,86.2725803177917,13.727419682208305,10.066907330085828,0
2026-05-02,1916,1650,1650,551808,475436,76372,75190,55864,551808,0,86.15967872883321,13.840321271166783,10.123811180700534,0
2026-05-03,1916,1650,1650,551808,475402,76406,74338,56722,551808,0,86.15351716539087,13.846482834609139,10.27930004639295,0
2026-05-04,1916,1651,1651,551808,475728,76080,74035,55274,551808,0,86.21259568545581,13.787404314544188,10.016889932730225,0
2026-05-05,1916,1653,1653,551808,476066,75742,73142,55189,551808,0,86.27384887497101,13.726151125028995,10.001486024124333,0
2026-05-06,1916,1653,1653,551808,476377,75431,73398,56088,551808,0,86.33020905822315,13.66979094177685,10.164405010438413,0
2026-05-07,1916,1644,1644,551808,473473,78335,76016,56142,551808,0,85.80393905126421,14.196060948735791,10.174191022964509,0
2026-05-08,1916,1660,1660,551808,478082,73726,71126,54021,551808,0,86.63919334261192,13.360806657388077,9.78981819763396,0
2026-05-09,1916,1649,1649,551808,474913,76895,75163,56634,551808,0,86.06489938529343,13.935100614706565,10.263352470424495,0
2026-05-10,1916,1650,1650,551808,475200,76608,73436,55275,551808,0,86.1169102296451,13.883089770354905,10.017071155184412,0
2026-05-11,1916,1670,1670,551808,480997,70811,66816,50606,551808,0,87.16745679656692,12.832543203433078,9.17094351658548,0
2026-05-12,1916,1650,1650,551808,475201,76607,73434,54304,551808,0,86.11709145209927,13.882908547900719,9.841104152168871,0
2026-05-13,1916,1638,1638,551808,471744,80064,76817,56391,551808,0,85.49060542797494,14.509394572025052,10.219315414057064,0
2026-05-14,1916,1652,1652,551808,475915,75893,72712,52955,551808,0,86.24648428438877,13.753515715611227,9.596635061470657,0
2026-05-15,1916,1641,1641,551808,472612,79196,75168,57319,551808,0,85.64790651820923,14.352093481790767,10.387489851542565,0
2026-05-16,1916,1622,1622,551808,467380,84428,80089,61222,551808,0,84.69975063790304,15.300249362096961,11.094801090234284,0
2026-05-17,1916,1622,1622,551808,467341,84467,79239,61291,551808,0,84.69268296218975,15.307317037810252,11.107305439573185,0
2026-05-18,1916,1615,1615,551808,465363,86445,82097,62452,551808,0,84.33422494780794,15.665775052192068,11.31770470888425,0
2026-05-19,1916,1628,1628,551808,469095,82713,79397,62878,551808,0,85.01054714683369,14.989452853166318,11.394905474367896,0
2026-05-20,1916,1630,1630,551808,469682,82126,77791,61403,551808,0,85.11692472744143,14.883075272558571,11.127602354442125,0
2026-05-21,1916,1625,1625,551808,468509,83299,79802,60645,551808,0,84.90435078868012,15.095649211319879,10.990235734168406,0
2026-05-22,1916,1647,1647,551808,474573,77235,74258,57716,551808,0,86.00328375086987,13.996716249130133,10.45943516585479,0
2026-05-23,1916,1657,1657,551808,477488,74320,71136,54277,551808,0,86.53154720482486,13.468452795175134,9.836211145905823,0
2026-05-24,1916,1654,1654,551808,476611,75197,71419,57221,551808,0,86.3726151125029,13.6273848874971,10.369730051032244,0
2026-05-25,1916,1656,1656,551808,477206,74602,69697,56092,551808,0,86.48044247274414,13.519557527255857,10.165129900255161,0
2026-05-26,1916,1648,1648,551808,522141,29667,28311,22762,551808,0,94.62367345163536,5.3763265483646485,4.124985502203665,0
2026-05-27,1916,1916,1916,551808,551808,0,0,0,551808,0,100.0,0.0,0.0,0
2026-05-28,1916,1667,1667,551808,517846,33962,32465,26068,551808,0,93.84532301090235,6.154676989097657,4.724106935745767,0
2026-05-29,1916,1666,1666,551808,480363,71445,68262,54711,551808,0,87.05256176061239,12.947438239387614,9.914861691022965,0
2026-05-30,1916,1650,1650,551808,475475,76333,73153,58246,551808,0,86.16674640454652,13.833253595453492,10.555483066573881,0
2026-05-31,1916,1651,1651,551808,475740,76068,71997,57341,551808,0,86.21477035490605,13.785229645093946,10.391476745534678,0
