event_id,station_id,control_number,control_anchor_time,relative_minute,timestamp,speed_mph,flow_veh_5min,occupancy_fraction,present
1,716152,1,2026-02-07 11:00:00,-30,2026-02-07 10:30:00,64.1,482.0,0.1175,True
1,716152,1,2026-02-07 11:00:00,-25,2026-02-07 10:35:00,64.6,537.0,0.1291,True
1,716152,1,2026-02-07 11:00:00,-20,2026-02-07 10:40:00,64.1,527.0,0.1317,True
1,716152,1,2026-02-07 11:00:00,-15,2026-02-07 10:45:00,60.7,492.0,0.1392,True
1,716152,1,2026-02-07 11:00:00,-10,2026-02-07 10:50:00,62.4,524.0,0.1283,True
1,716152,1,2026-02-07 11:00:00,-5,2026-02-07 10:55:00,61.6,544.0,0.1414,True
1,716152,1,2026-02-07 11:00:00,0,2026-02-07 11:00:00,63.2,462.0,0.1127,True
1,716152,2,2026-02-07 11:05:00,-30,2026-02-07 10:35:00,64.6,537.0,0.1291,True
1,716152,2,2026-02-07 11:05:00,-25,2026-02-07 10:40:00,64.1,527.0,0.1317,True
1,716152,2,2026-02-07 11:05:00,-20,2026-02-07 10:45:00,60.7,492.0,0.1392,True
1,716152,2,2026-02-07 11:05:00,-15,2026-02-07 10:50:00,62.4,524.0,0.1283,True
1,716152,2,2026-02-07 11:05:00,-10,2026-02-07 10:55:00,61.6,544.0,0.1414,True
1,716152,2,2026-02-07 11:05:00,-5,2026-02-07 11:00:00,63.2,462.0,0.1127,True
1,716152,2,2026-02-07 11:05:00,0,2026-02-07 11:05:00,63.8,515.0,0.1269,True
1,716152,3,2026-02-07 11:10:00,-30,2026-02-07 10:40:00,64.1,527.0,0.1317,True
1,716152,3,2026-02-07 11:10:00,-25,2026-02-07 10:45:00,60.7,492.0,0.1392,True
1,716152,3,2026-02-07 11:10:00,-20,2026-02-07 10:50:00,62.4,524.0,0.1283,True
1,716152,3,2026-02-07 11:10:00,-15,2026-02-07 10:55:00,61.6,544.0,0.1414,True
1,716152,3,2026-02-07 11:10:00,-10,2026-02-07 11:00:00,63.2,462.0,0.1127,True
1,716152,3,2026-02-07 11:10:00,-5,2026-02-07 11:05:00,63.8,515.0,0.1269,True
1,716152,3,2026-02-07 11:10:00,0,2026-02-07 11:10:00,64.3,550.0,0.133,True
1,716152,4,2026-02-07 11:15:00,-30,2026-02-07 10:45:00,60.7,492.0,0.1392,True
1,716152,4,2026-02-07 11:15:00,-25,2026-02-07 10:50:00,62.4,524.0,0.1283,True
1,716152,4,2026-02-07 11:15:00,-20,2026-02-07 10:55:00,61.6,544.0,0.1414,True
1,716152,4,2026-02-07 11:15:00,-15,2026-02-07 11:00:00,63.2,462.0,0.1127,True
1,716152,4,2026-02-07 11:15:00,-10,2026-02-07 11:05:00,63.8,515.0,0.1269,True
1,716152,4,2026-02-07 11:15:00,-5,2026-02-07 11:10:00,64.3,550.0,0.133,True
1,716152,4,2026-02-07 11:15:00,0,2026-02-07 11:15:00,63.9,544.0,0.1365,True
1,716152,5,2026-02-07 11:20:00,-30,2026-02-07 10:50:00,62.4,524.0,0.1283,True
1,716152,5,2026-02-07 11:20:00,-25,2026-02-07 10:55:00,61.6,544.0,0.1414,True
1,716152,5,2026-02-07 11:20:00,-20,2026-02-07 11:00:00,63.2,462.0,0.1127,True
1,716152,5,2026-02-07 11:20:00,-15,2026-02-07 11:05:00,63.8,515.0,0.1269,True
1,716152,5,2026-02-07 11:20:00,-10,2026-02-07 11:10:00,64.3,550.0,0.133,True
1,716152,5,2026-02-07 11:20:00,-5,2026-02-07 11:15:00,63.9,544.0,0.1365,True
1,716152,5,2026-02-07 11:20:00,0,2026-02-07 11:20:00,63.9,510.0,0.1259,True
1,716152,6,2026-02-07 11:25:00,-30,2026-02-07 10:55:00,61.6,544.0,0.1414,True
1,716152,6,2026-02-07 11:25:00,-25,2026-02-07 11:00:00,63.2,462.0,0.1127,True
1,716152,6,2026-02-07 11:25:00,-20,2026-02-07 11:05:00,63.8,515.0,0.1269,True
1,716152,6,2026-02-07 11:25:00,-15,2026-02-07 11:10:00,64.3,550.0,0.133,True
1,716152,6,2026-02-07 11:25:00,-10,2026-02-07 11:15:00,63.9,544.0,0.1365,True
1,716152,6,2026-02-07 11:25:00,-5,2026-02-07 11:20:00,63.9,510.0,0.1259,True
1,716152,6,2026-02-07 11:25:00,0,2026-02-07 11:25:00,63.8,512.0,0.1276,True
1,716152,7,2026-02-08 11:00:00,-30,2026-02-08 10:30:00,70.7,170.0,0.0323,True
1,716152,7,2026-02-08 11:00:00,-25,2026-02-08 10:35:00,70.7,170.0,0.0323,True
1,716152,7,2026-02-08 11:00:00,-20,2026-02-08 10:40:00,70.7,170.0,0.0323,True
1,716152,7,2026-02-08 11:00:00,-15,2026-02-08 10:45:00,70.7,170.0,0.0323,True
1,716152,7,2026-02-08 11:00:00,-10,2026-02-08 10:50:00,70.7,170.0,0.0323,True
1,716152,7,2026-02-08 11:00:00,-5,2026-02-08 10:55:00,70.7,170.0,0.0323,True
1,716152,7,2026-02-08 11:00:00,0,2026-02-08 11:00:00,70.7,170.0,0.0323,True
1,716152,8,2026-02-08 11:05:00,-30,2026-02-08 10:35:00,70.7,170.0,0.0323,True
1,716152,8,2026-02-08 11:05:00,-25,2026-02-08 10:40:00,70.7,170.0,0.0323,True
1,716152,8,2026-02-08 11:05:00,-20,2026-02-08 10:45:00,70.7,170.0,0.0323,True
1,716152,8,2026-02-08 11:05:00,-15,2026-02-08 10:50:00,70.7,170.0,0.0323,True
1,716152,8,2026-02-08 11:05:00,-10,2026-02-08 10:55:00,70.7,170.0,0.0323,True
1,716152,8,2026-02-08 11:05:00,-5,2026-02-08 11:00:00,70.7,170.0,0.0323,True
1,716152,8,2026-02-08 11:05:00,0,2026-02-08 11:05:00,70.7,170.0,0.0323,True
1,716152,9,2026-02-08 11:10:00,-30,2026-02-08 10:40:00,70.7,170.0,0.0323,True
1,716152,9,2026-02-08 11:10:00,-25,2026-02-08 10:45:00,70.7,170.0,0.0323,True
1,716152,9,2026-02-08 11:10:00,-20,2026-02-08 10:50:00,70.7,170.0,0.0323,True
1,716152,9,2026-02-08 11:10:00,-15,2026-02-08 10:55:00,70.7,170.0,0.0323,True
1,716152,9,2026-02-08 11:10:00,-10,2026-02-08 11:00:00,70.7,170.0,0.0323,True
1,716152,9,2026-02-08 11:10:00,-5,2026-02-08 11:05:00,70.7,170.0,0.0323,True
1,716152,9,2026-02-08 11:10:00,0,2026-02-08 11:10:00,70.7,170.0,0.0323,True
1,716152,10,2026-02-08 11:15:00,-30,2026-02-08 10:45:00,70.7,170.0,0.0323,True
1,716152,10,2026-02-08 11:15:00,-25,2026-02-08 10:50:00,70.7,170.0,0.0323,True
1,716152,10,2026-02-08 11:15:00,-20,2026-02-08 10:55:00,70.7,170.0,0.0323,True
1,716152,10,2026-02-08 11:15:00,-15,2026-02-08 11:00:00,70.7,170.0,0.0323,True
1,716152,10,2026-02-08 11:15:00,-10,2026-02-08 11:05:00,70.7,170.0,0.0323,True
1,716152,10,2026-02-08 11:15:00,-5,2026-02-08 11:10:00,70.7,170.0,0.0323,True
1,716152,10,2026-02-08 11:15:00,0,2026-02-08 11:15:00,70.7,170.0,0.0323,True
330,717185,1,2026-02-26 08:00:00,-30,2026-02-26 07:30:00,46.5,534.0,0.1628,True
330,717185,1,2026-02-26 08:00:00,-25,2026-02-26 07:35:00,34.6,444.0,0.2601,True
330,717185,1,2026-02-26 08:00:00,-20,2026-02-26 07:40:00,33.0,528.0,0.2262,True
330,717185,1,2026-02-26 08:00:00,-15,2026-02-26 07:45:00,35.7,509.0,0.1787,True
330,717185,1,2026-02-26 08:00:00,-10,2026-02-26 07:50:00,32.3,489.0,0.2249,True
330,717185,1,2026-02-26 08:00:00,-5,2026-02-26 07:55:00,28.2,455.0,0.2552,True
330,717185,1,2026-02-26 08:00:00,0,2026-02-26 08:00:00,30.7,487.0,0.1971,True
330,717185,2,2026-02-26 08:05:00,-30,2026-02-26 07:35:00,34.6,444.0,0.2601,True
330,717185,2,2026-02-26 08:05:00,-25,2026-02-26 07:40:00,33.0,528.0,0.2262,True
330,717185,2,2026-02-26 08:05:00,-20,2026-02-26 07:45:00,35.7,509.0,0.1787,True
330,717185,2,2026-02-26 08:05:00,-15,2026-02-26 07:50:00,32.3,489.0,0.2249,True
330,717185,2,2026-02-26 08:05:00,-10,2026-02-26 07:55:00,28.2,455.0,0.2552,True
330,717185,2,2026-02-26 08:05:00,-5,2026-02-26 08:00:00,30.7,487.0,0.1971,True
330,717185,2,2026-02-26 08:05:00,0,2026-02-26 08:05:00,29.2,458.0,0.2223,True
330,717185,3,2026-02-26 08:10:00,-30,2026-02-26 07:40:00,33.0,528.0,0.2262,True
330,717185,3,2026-02-26 08:10:00,-25,2026-02-26 07:45:00,35.7,509.0,0.1787,True
330,717185,3,2026-02-26 08:10:00,-20,2026-02-26 07:50:00,32.3,489.0,0.2249,True
330,717185,3,2026-02-26 08:10:00,-15,2026-02-26 07:55:00,28.2,455.0,0.2552,True
330,717185,3,2026-02-26 08:10:00,-10,2026-02-26 08:00:00,30.7,487.0,0.1971,True
330,717185,3,2026-02-26 08:10:00,-5,2026-02-26 08:05:00,29.2,458.0,0.2223,True
330,717185,3,2026-02-26 08:10:00,0,2026-02-26 08:10:00,25.3,422.0,0.2646,True
330,717185,4,2026-02-26 08:15:00,-30,2026-02-26 07:45:00,35.7,509.0,0.1787,True
330,717185,4,2026-02-26 08:15:00,-25,2026-02-26 07:50:00,32.3,489.0,0.2249,True
330,717185,4,2026-02-26 08:15:00,-20,2026-02-26 07:55:00,28.2,455.0,0.2552,True
330,717185,4,2026-02-26 08:15:00,-15,2026-02-26 08:00:00,30.7,487.0,0.1971,True
330,717185,4,2026-02-26 08:15:00,-10,2026-02-26 08:05:00,29.2,458.0,0.2223,True
330,717185,4,2026-02-26 08:15:00,-5,2026-02-26 08:10:00,25.3,422.0,0.2646,True
330,717185,4,2026-02-26 08:15:00,0,2026-02-26 08:15:00,24.1,413.0,0.2454,True
330,717185,5,2026-02-26 08:20:00,-30,2026-02-26 07:50:00,32.3,489.0,0.2249,True
330,717185,5,2026-02-26 08:20:00,-25,2026-02-26 07:55:00,28.2,455.0,0.2552,True
330,717185,5,2026-02-26 08:20:00,-20,2026-02-26 08:00:00,30.7,487.0,0.1971,True
330,717185,5,2026-02-26 08:20:00,-15,2026-02-26 08:05:00,29.2,458.0,0.2223,True
330,717185,5,2026-02-26 08:20:00,-10,2026-02-26 08:10:00,25.3,422.0,0.2646,True
330,717185,5,2026-02-26 08:20:00,-5,2026-02-26 08:15:00,24.1,413.0,0.2454,True
330,717185,5,2026-02-26 08:20:00,0,2026-02-26 08:20:00,26.2,486.0,0.2288,True
330,717185,6,2026-02-26 08:25:00,-30,2026-02-26 07:55:00,28.2,455.0,0.2552,True
330,717185,6,2026-02-26 08:25:00,-25,2026-02-26 08:00:00,30.7,487.0,0.1971,True
330,717185,6,2026-02-26 08:25:00,-20,2026-02-26 08:05:00,29.2,458.0,0.2223,True
330,717185,6,2026-02-26 08:25:00,-15,2026-02-26 08:10:00,25.3,422.0,0.2646,True
330,717185,6,2026-02-26 08:25:00,-10,2026-02-26 08:15:00,24.1,413.0,0.2454,True
330,717185,6,2026-02-26 08:25:00,-5,2026-02-26 08:20:00,26.2,486.0,0.2288,True
330,717185,6,2026-02-26 08:25:00,0,2026-02-26 08:25:00,29.7,503.0,0.2082,True
330,717185,7,2026-02-25 08:00:00,-30,2026-02-25 07:30:00,49.2,538.0,0.1479,True
330,717185,7,2026-02-25 08:00:00,-25,2026-02-25 07:35:00,45.3,510.0,0.1664,True
330,717185,7,2026-02-25 08:00:00,-20,2026-02-25 07:40:00,36.5,490.0,0.239,True
330,717185,7,2026-02-25 08:00:00,-15,2026-02-25 07:45:00,30.8,447.0,0.2399,True
330,717185,7,2026-02-25 08:00:00,-10,2026-02-25 07:50:00,27.9,463.0,0.2504,True
330,717185,7,2026-02-25 08:00:00,-5,2026-02-25 07:55:00,29.5,489.0,0.2143,True
330,717185,7,2026-02-25 08:00:00,0,2026-02-25 08:00:00,29.3,490.0,0.2285,True
330,717185,8,2026-02-25 08:05:00,-30,2026-02-25 07:35:00,45.3,510.0,0.1664,True
330,717185,8,2026-02-25 08:05:00,-25,2026-02-25 07:40:00,36.5,490.0,0.239,True
330,717185,8,2026-02-25 08:05:00,-20,2026-02-25 07:45:00,30.8,447.0,0.2399,True
330,717185,8,2026-02-25 08:05:00,-15,2026-02-25 07:50:00,27.9,463.0,0.2504,True
330,717185,8,2026-02-25 08:05:00,-10,2026-02-25 07:55:00,29.5,489.0,0.2143,True
330,717185,8,2026-02-25 08:05:00,-5,2026-02-25 08:00:00,29.3,490.0,0.2285,True
330,717185,8,2026-02-25 08:05:00,0,2026-02-25 08:05:00,31.1,485.0,0.2004,True
330,717185,9,2026-02-25 08:10:00,-30,2026-02-25 07:40:00,36.5,490.0,0.239,True
330,717185,9,2026-02-25 08:10:00,-25,2026-02-25 07:45:00,30.8,447.0,0.2399,True
330,717185,9,2026-02-25 08:10:00,-20,2026-02-25 07:50:00,27.9,463.0,0.2504,True
330,717185,9,2026-02-25 08:10:00,-15,2026-02-25 07:55:00,29.5,489.0,0.2143,True
330,717185,9,2026-02-25 08:10:00,-10,2026-02-25 08:00:00,29.3,490.0,0.2285,True
330,717185,9,2026-02-25 08:10:00,-5,2026-02-25 08:05:00,31.1,485.0,0.2004,True
330,717185,9,2026-02-25 08:10:00,0,2026-02-25 08:10:00,38.3,526.0,0.1586,True
330,717185,10,2026-02-25 08:15:00,-30,2026-02-25 07:45:00,30.8,447.0,0.2399,True
330,717185,10,2026-02-25 08:15:00,-25,2026-02-25 07:50:00,27.9,463.0,0.2504,True
330,717185,10,2026-02-25 08:15:00,-20,2026-02-25 07:55:00,29.5,489.0,0.2143,True
330,717185,10,2026-02-25 08:15:00,-15,2026-02-25 08:00:00,29.3,490.0,0.2285,True
330,717185,10,2026-02-25 08:15:00,-10,2026-02-25 08:05:00,31.1,485.0,0.2004,True
330,717185,10,2026-02-25 08:15:00,-5,2026-02-25 08:10:00,38.3,526.0,0.1586,True
330,717185,10,2026-02-25 08:15:00,0,2026-02-25 08:15:00,32.0,460.0,0.243,True
332,717190,1,2026-02-26 08:00:00,-30,2026-02-26 07:30:00,44.4,529.0,0.1906,True
332,717190,1,2026-02-26 08:00:00,-25,2026-02-26 07:35:00,36.5,490.0,0.2331,True
332,717190,1,2026-02-26 08:00:00,-20,2026-02-26 07:40:00,35.4,556.0,0.2231,True
332,717190,1,2026-02-26 08:00:00,-15,2026-02-26 07:45:00,38.7,549.0,0.1811,True
332,717190,1,2026-02-26 08:00:00,-10,2026-02-26 07:50:00,33.0,506.0,0.2532,True
332,717190,1,2026-02-26 08:00:00,-5,2026-02-26 07:55:00,30.1,492.0,0.2424,True
332,717190,1,2026-02-26 08:00:00,0,2026-02-26 08:00:00,34.6,509.0,0.1776,True
332,717190,2,2026-02-26 08:05:00,-30,2026-02-26 07:35:00,36.5,490.0,0.2331,True
332,717190,2,2026-02-26 08:05:00,-25,2026-02-26 07:40:00,35.4,556.0,0.2231,True
332,717190,2,2026-02-26 08:05:00,-20,2026-02-26 07:45:00,38.7,549.0,0.1811,True
332,717190,2,2026-02-26 08:05:00,-15,2026-02-26 07:50:00,33.0,506.0,0.2532,True
332,717190,2,2026-02-26 08:05:00,-10,2026-02-26 07:55:00,30.1,492.0,0.2424,True
332,717190,2,2026-02-26 08:05:00,-5,2026-02-26 08:00:00,34.6,509.0,0.1776,True
332,717190,2,2026-02-26 08:05:00,0,2026-02-26 08:05:00,33.8,511.0,0.2134,True
332,717190,3,2026-02-26 08:10:00,-30,2026-02-26 07:40:00,35.4,556.0,0.2231,True
332,717190,3,2026-02-26 08:10:00,-25,2026-02-26 07:45:00,38.7,549.0,0.1811,True
332,717190,3,2026-02-26 08:10:00,-20,2026-02-26 07:50:00,33.0,506.0,0.2532,True
332,717190,3,2026-02-26 08:10:00,-15,2026-02-26 07:55:00,30.1,492.0,0.2424,True
332,717190,3,2026-02-26 08:10:00,-10,2026-02-26 08:00:00,34.6,509.0,0.1776,True
332,717190,3,2026-02-26 08:10:00,-5,2026-02-26 08:05:00,33.8,511.0,0.2134,True
332,717190,3,2026-02-26 08:10:00,0,2026-02-26 08:10:00,28.9,463.0,0.2624,True
332,717190,4,2026-02-26 08:15:00,-30,2026-02-26 07:45:00,38.7,549.0,0.1811,True
332,717190,4,2026-02-26 08:15:00,-25,2026-02-26 07:50:00,33.0,506.0,0.2532,True
332,717190,4,2026-02-26 08:15:00,-20,2026-02-26 07:55:00,30.1,492.0,0.2424,True
332,717190,4,2026-02-26 08:15:00,-15,2026-02-26 08:00:00,34.6,509.0,0.1776,True
332,717190,4,2026-02-26 08:15:00,-10,2026-02-26 08:05:00,33.8,511.0,0.2134,True
332,717190,4,2026-02-26 08:15:00,-5,2026-02-26 08:10:00,28.9,463.0,0.2624,True
332,717190,4,2026-02-26 08:15:00,0,2026-02-26 08:15:00,28.3,450.0,0.2187,True
332,717190,5,2026-02-26 08:20:00,-30,2026-02-26 07:50:00,33.0,506.0,0.2532,True
332,717190,5,2026-02-26 08:20:00,-25,2026-02-26 07:55:00,30.1,492.0,0.2424,True
332,717190,5,2026-02-26 08:20:00,-20,2026-02-26 08:00:00,34.6,509.0,0.1776,True
332,717190,5,2026-02-26 08:20:00,-15,2026-02-26 08:05:00,33.8,511.0,0.2134,True
332,717190,5,2026-02-26 08:20:00,-10,2026-02-26 08:10:00,28.9,463.0,0.2624,True
332,717190,5,2026-02-26 08:20:00,-5,2026-02-26 08:15:00,28.3,450.0,0.2187,True
332,717190,5,2026-02-26 08:20:00,0,2026-02-26 08:20:00,30.5,516.0,0.2153,True
332,717190,6,2026-02-26 08:25:00,-30,2026-02-26 07:55:00,30.1,492.0,0.2424,True
332,717190,6,2026-02-26 08:25:00,-25,2026-02-26 08:00:00,34.6,509.0,0.1776,True
332,717190,6,2026-02-26 08:25:00,-20,2026-02-26 08:05:00,33.8,511.0,0.2134,True
332,717190,6,2026-02-26 08:25:00,-15,2026-02-26 08:10:00,28.9,463.0,0.2624,True
332,717190,6,2026-02-26 08:25:00,-10,2026-02-26 08:15:00,28.3,450.0,0.2187,True
332,717190,6,2026-02-26 08:25:00,-5,2026-02-26 08:20:00,30.5,516.0,0.2153,True
332,717190,6,2026-02-26 08:25:00,0,2026-02-26 08:25:00,31.9,519.0,0.216,True
332,717190,7,2026-02-25 08:00:00,-30,2026-02-25 07:30:00,48.8,563.0,0.1554,True
332,717190,7,2026-02-25 08:00:00,-25,2026-02-25 07:35:00,43.2,535.0,0.1953,True
332,717190,7,2026-02-25 08:00:00,-20,2026-02-25 07:40:00,35.3,516.0,0.2606,True
332,717190,7,2026-02-25 08:00:00,-15,2026-02-25 07:45:00,29.6,459.0,0.263,True
332,717190,7,2026-02-25 08:00:00,-10,2026-02-25 07:50:00,29.0,516.0,0.2523,True
332,717190,7,2026-02-25 08:00:00,-5,2026-02-25 07:55:00,31.5,524.0,0.2136,True
332,717190,7,2026-02-25 08:00:00,0,2026-02-25 08:00:00,29.3,513.0,0.256,True
332,717190,8,2026-02-25 08:05:00,-30,2026-02-25 07:35:00,43.2,535.0,0.1953,True
332,717190,8,2026-02-25 08:05:00,-25,2026-02-25 07:40:00,35.3,516.0,0.2606,True
332,717190,8,2026-02-25 08:05:00,-20,2026-02-25 07:45:00,29.6,459.0,0.263,True
332,717190,8,2026-02-25 08:05:00,-15,2026-02-25 07:50:00,29.0,516.0,0.2523,True
332,717190,8,2026-02-25 08:05:00,-10,2026-02-25 07:55:00,31.5,524.0,0.2136,True
332,717190,8,2026-02-25 08:05:00,-5,2026-02-25 08:00:00,29.3,513.0,0.256,True
332,717190,8,2026-02-25 08:05:00,0,2026-02-25 08:05:00,32.6,518.0,0.1983,True
332,717190,9,2026-02-25 08:10:00,-30,2026-02-25 07:40:00,35.3,516.0,0.2606,True
332,717190,9,2026-02-25 08:10:00,-25,2026-02-25 07:45:00,29.6,459.0,0.263,True
332,717190,9,2026-02-25 08:10:00,-20,2026-02-25 07:50:00,29.0,516.0,0.2523,True
332,717190,9,2026-02-25 08:10:00,-15,2026-02-25 07:55:00,31.5,524.0,0.2136,True
332,717190,9,2026-02-25 08:10:00,-10,2026-02-25 08:00:00,29.3,513.0,0.256,True
332,717190,9,2026-02-25 08:10:00,-5,2026-02-25 08:05:00,32.6,518.0,0.1983,True
332,717190,9,2026-02-25 08:10:00,0,2026-02-25 08:10:00,36.5,576.0,0.1985,True
332,717190,10,2026-02-25 08:15:00,-30,2026-02-25 07:45:00,29.6,459.0,0.263,True
332,717190,10,2026-02-25 08:15:00,-25,2026-02-25 07:50:00,29.0,516.0,0.2523,True
332,717190,10,2026-02-25 08:15:00,-20,2026-02-25 07:55:00,31.5,524.0,0.2136,True
332,717190,10,2026-02-25 08:15:00,-15,2026-02-25 08:00:00,29.3,513.0,0.256,True
332,717190,10,2026-02-25 08:15:00,-10,2026-02-25 08:05:00,32.6,518.0,0.1983,True
332,717190,10,2026-02-25 08:15:00,-5,2026-02-25 08:10:00,36.5,576.0,0.1985,True
332,717190,10,2026-02-25 08:15:00,0,2026-02-25 08:15:00,32.1,487.0,0.2474,True
340,717198,1,2026-03-03 05:00:00,-30,2026-03-03 04:30:00,67.4,117.0,0.0247,True
340,717198,1,2026-03-03 05:00:00,-25,2026-03-03 04:35:00,67.7,134.0,0.0278,True
340,717198,1,2026-03-03 05:00:00,-20,2026-03-03 04:40:00,67.3,159.0,0.0321,True
340,717198,1,2026-03-03 05:00:00,-15,2026-03-03 04:45:00,68.4,188.0,0.0358,True
340,717198,1,2026-03-03 05:00:00,-10,2026-03-03 04:50:00,68.5,164.0,0.0316,True
340,717198,1,2026-03-03 05:00:00,-5,2026-03-03 04:55:00,65.2,183.0,0.0422,True
340,717198,1,2026-03-03 05:00:00,0,2026-03-03 05:00:00,67.5,173.0,0.0337,True
340,717198,2,2026-03-03 05:05:00,-30,2026-03-03 04:35:00,67.7,134.0,0.0278,True
340,717198,2,2026-03-03 05:05:00,-25,2026-03-03 04:40:00,67.3,159.0,0.0321,True
340,717198,2,2026-03-03 05:05:00,-20,2026-03-03 04:45:00,68.4,188.0,0.0358,True
340,717198,2,2026-03-03 05:05:00,-15,2026-03-03 04:50:00,68.5,164.0,0.0316,True
340,717198,2,2026-03-03 05:05:00,-10,2026-03-03 04:55:00,65.2,183.0,0.0422,True
340,717198,2,2026-03-03 05:05:00,-5,2026-03-03 05:00:00,67.5,173.0,0.0337,True
340,717198,2,2026-03-03 05:05:00,0,2026-03-03 05:05:00,70.5,179.0,0.032,True
340,717198,3,2026-03-03 05:10:00,-30,2026-03-03 04:40:00,67.3,159.0,0.0321,True
340,717198,3,2026-03-03 05:10:00,-25,2026-03-03 04:45:00,68.4,188.0,0.0358,True
340,717198,3,2026-03-03 05:10:00,-20,2026-03-03 04:50:00,68.5,164.0,0.0316,True
340,717198,3,2026-03-03 05:10:00,-15,2026-03-03 04:55:00,65.2,183.0,0.0422,True
340,717198,3,2026-03-03 05:10:00,-10,2026-03-03 05:00:00,67.5,173.0,0.0337,True
340,717198,3,2026-03-03 05:10:00,-5,2026-03-03 05:05:00,70.5,179.0,0.032,True
340,717198,3,2026-03-03 05:10:00,0,2026-03-03 05:10:00,71.2,225.0,0.0422,True
340,717198,4,2026-03-03 05:15:00,-30,2026-03-03 04:45:00,68.4,188.0,0.0358,True
340,717198,4,2026-03-03 05:15:00,-25,2026-03-03 04:50:00,68.5,164.0,0.0316,True
340,717198,4,2026-03-03 05:15:00,-20,2026-03-03 04:55:00,65.2,183.0,0.0422,True
340,717198,4,2026-03-03 05:15:00,-15,2026-03-03 05:00:00,67.5,173.0,0.0337,True
340,717198,4,2026-03-03 05:15:00,-10,2026-03-03 05:05:00,70.5,179.0,0.032,True
340,717198,4,2026-03-03 05:15:00,-5,2026-03-03 05:10:00,71.2,225.0,0.0422,True
340,717198,4,2026-03-03 05:15:00,0,2026-03-03 05:15:00,69.7,198.0,0.0396,True
340,717198,5,2026-03-03 05:20:00,-30,2026-03-03 04:50:00,68.5,164.0,0.0316,True
340,717198,5,2026-03-03 05:20:00,-25,2026-03-03 04:55:00,65.2,183.0,0.0422,True
340,717198,5,2026-03-03 05:20:00,-20,2026-03-03 05:00:00,67.5,173.0,0.0337,True
340,717198,5,2026-03-03 05:20:00,-15,2026-03-03 05:05:00,70.5,179.0,0.032,True
340,717198,5,2026-03-03 05:20:00,-10,2026-03-03 05:10:00,71.2,225.0,0.0422,True
340,717198,5,2026-03-03 05:20:00,-5,2026-03-03 05:15:00,69.7,198.0,0.0396,True
340,717198,5,2026-03-03 05:20:00,0,2026-03-03 05:20:00,70.3,208.0,0.0382,True
340,717198,6,2026-03-03 05:25:00,-30,2026-03-03 04:55:00,65.2,183.0,0.0422,True
340,717198,6,2026-03-03 05:25:00,-25,2026-03-03 05:00:00,67.5,173.0,0.0337,True
340,717198,6,2026-03-03 05:25:00,-20,2026-03-03 05:05:00,70.5,179.0,0.032,True
340,717198,6,2026-03-03 05:25:00,-15,2026-03-03 05:10:00,71.2,225.0,0.0422,True
340,717198,6,2026-03-03 05:25:00,-10,2026-03-03 05:15:00,69.7,198.0,0.0396,True
340,717198,6,2026-03-03 05:25:00,-5,2026-03-03 05:20:00,70.3,208.0,0.0382,True
340,717198,6,2026-03-03 05:25:00,0,2026-03-03 05:25:00,69.8,252.0,0.0485,True
340,717198,7,2026-03-04 05:00:00,-30,2026-03-04 04:30:00,68.2,123.0,0.025,True
340,717198,7,2026-03-04 05:00:00,-25,2026-03-04 04:35:00,68.8,184.0,0.0376,True
340,717198,7,2026-03-04 05:00:00,-20,2026-03-04 04:40:00,68.2,144.0,0.0306,True
340,717198,7,2026-03-04 05:00:00,-15,2026-03-04 04:45:00,67.9,146.0,0.0306,True
340,717198,7,2026-03-04 05:00:00,-10,2026-03-04 04:50:00,71.0,164.0,0.0291,True
340,717198,7,2026-03-04 05:00:00,-5,2026-03-04 04:55:00,70.3,147.0,0.029,True
340,717198,7,2026-03-04 05:00:00,0,2026-03-04 05:00:00,68.0,168.0,0.0356,True
340,717198,8,2026-03-04 05:05:00,-30,2026-03-04 04:35:00,68.8,184.0,0.0376,True
340,717198,8,2026-03-04 05:05:00,-25,2026-03-04 04:40:00,68.2,144.0,0.0306,True
340,717198,8,2026-03-04 05:05:00,-20,2026-03-04 04:45:00,67.9,146.0,0.0306,True
340,717198,8,2026-03-04 05:05:00,-15,2026-03-04 04:50:00,71.0,164.0,0.0291,True
340,717198,8,2026-03-04 05:05:00,-10,2026-03-04 04:55:00,70.3,147.0,0.029,True
340,717198,8,2026-03-04 05:05:00,-5,2026-03-04 05:00:00,68.0,168.0,0.0356,True
340,717198,8,2026-03-04 05:05:00,0,2026-03-04 05:05:00,69.4,177.0,0.0332,True
340,717198,9,2026-03-04 05:10:00,-30,2026-03-04 04:40:00,68.2,144.0,0.0306,True
340,717198,9,2026-03-04 05:10:00,-25,2026-03-04 04:45:00,67.9,146.0,0.0306,True
340,717198,9,2026-03-04 05:10:00,-20,2026-03-04 04:50:00,71.0,164.0,0.0291,True
340,717198,9,2026-03-04 05:10:00,-15,2026-03-04 04:55:00,70.3,147.0,0.029,True
340,717198,9,2026-03-04 05:10:00,-10,2026-03-04 05:00:00,68.0,168.0,0.0356,True
340,717198,9,2026-03-04 05:10:00,-5,2026-03-04 05:05:00,69.4,177.0,0.0332,True
340,717198,9,2026-03-04 05:10:00,0,2026-03-04 05:10:00,67.6,231.0,0.0481,True
340,717198,10,2026-03-04 05:15:00,-30,2026-03-04 04:45:00,67.9,146.0,0.0306,True
340,717198,10,2026-03-04 05:15:00,-25,2026-03-04 04:50:00,71.0,164.0,0.0291,True
340,717198,10,2026-03-04 05:15:00,-20,2026-03-04 04:55:00,70.3,147.0,0.029,True
340,717198,10,2026-03-04 05:15:00,-15,2026-03-04 05:00:00,68.0,168.0,0.0356,True
340,717198,10,2026-03-04 05:15:00,-10,2026-03-04 05:05:00,69.4,177.0,0.0332,True
340,717198,10,2026-03-04 05:15:00,-5,2026-03-04 05:10:00,67.6,231.0,0.0481,True
340,717198,10,2026-03-04 05:15:00,0,2026-03-04 05:15:00,69.2,214.0,0.0403,True
342,717190,1,2026-03-03 05:00:00,-30,2026-03-03 04:30:00,70.3,201.0,0.0432,True
342,717190,1,2026-03-03 05:00:00,-25,2026-03-03 04:35:00,70.6,162.0,0.0347,True
342,717190,1,2026-03-03 05:00:00,-20,2026-03-03 04:40:00,71.1,201.0,0.0433,True
342,717190,1,2026-03-03 05:00:00,-15,2026-03-03 04:45:00,66.1,215.0,0.0558,True
342,717190,1,2026-03-03 05:00:00,-10,2026-03-03 04:50:00,71.4,220.0,0.0427,True
342,717190,1,2026-03-03 05:00:00,-5,2026-03-03 04:55:00,68.1,216.0,0.0521,True
342,717190,1,2026-03-03 05:00:00,0,2026-03-03 05:00:00,67.7,195.0,0.0442,True
342,717190,2,2026-03-03 05:05:00,-30,2026-03-03 04:35:00,70.6,162.0,0.0347,True
342,717190,2,2026-03-03 05:05:00,-25,2026-03-03 04:40:00,71.1,201.0,0.0433,True
342,717190,2,2026-03-03 05:05:00,-20,2026-03-03 04:45:00,66.1,215.0,0.0558,True
342,717190,2,2026-03-03 05:05:00,-15,2026-03-03 04:50:00,71.4,220.0,0.0427,True
342,717190,2,2026-03-03 05:05:00,-10,2026-03-03 04:55:00,68.1,216.0,0.0521,True
342,717190,2,2026-03-03 05:05:00,-5,2026-03-03 05:00:00,67.7,195.0,0.0442,True
342,717190,2,2026-03-03 05:05:00,0,2026-03-03 05:05:00,65.7,196.0,0.0493,True
342,717190,3,2026-03-03 05:10:00,-30,2026-03-03 04:40:00,71.1,201.0,0.0433,True
342,717190,3,2026-03-03 05:10:00,-25,2026-03-03 04:45:00,66.1,215.0,0.0558,True
342,717190,3,2026-03-03 05:10:00,-20,2026-03-03 04:50:00,71.4,220.0,0.0427,True
342,717190,3,2026-03-03 05:10:00,-15,2026-03-03 04:55:00,68.1,216.0,0.0521,True
342,717190,3,2026-03-03 05:10:00,-10,2026-03-03 05:00:00,67.7,195.0,0.0442,True
342,717190,3,2026-03-03 05:10:00,-5,2026-03-03 05:05:00,65.7,196.0,0.0493,True
342,717190,3,2026-03-03 05:10:00,0,2026-03-03 05:10:00,65.2,239.0,0.0572,True
342,717190,4,2026-03-03 05:15:00,-30,2026-03-03 04:45:00,66.1,215.0,0.0558,True
342,717190,4,2026-03-03 05:15:00,-25,2026-03-03 04:50:00,71.4,220.0,0.0427,True
342,717190,4,2026-03-03 05:15:00,-20,2026-03-03 04:55:00,68.1,216.0,0.0521,True
342,717190,4,2026-03-03 05:15:00,-15,2026-03-03 05:00:00,67.7,195.0,0.0442,True
342,717190,4,2026-03-03 05:15:00,-10,2026-03-03 05:05:00,65.7,196.0,0.0493,True
342,717190,4,2026-03-03 05:15:00,-5,2026-03-03 05:10:00,65.2,239.0,0.0572,True
342,717190,4,2026-03-03 05:15:00,0,2026-03-03 05:15:00,65.5,251.0,0.057,True
342,717190,5,2026-03-03 05:20:00,-30,2026-03-03 04:50:00,71.4,220.0,0.0427,True
342,717190,5,2026-03-03 05:20:00,-25,2026-03-03 04:55:00,68.1,216.0,0.0521,True
342,717190,5,2026-03-03 05:20:00,-20,2026-03-03 05:00:00,67.7,195.0,0.0442,True
342,717190,5,2026-03-03 05:20:00,-15,2026-03-03 05:05:00,65.7,196.0,0.0493,True
342,717190,5,2026-03-03 05:20:00,-10,2026-03-03 05:10:00,65.2,239.0,0.0572,True
342,717190,5,2026-03-03 05:20:00,-5,2026-03-03 05:15:00,65.5,251.0,0.057,True
342,717190,5,2026-03-03 05:20:00,0,2026-03-03 05:20:00,70.8,273.0,0.0517,True
342,717190,6,2026-03-03 05:25:00,-30,2026-03-03 04:55:00,68.1,216.0,0.0521,True
342,717190,6,2026-03-03 05:25:00,-25,2026-03-03 05:00:00,67.7,195.0,0.0442,True
342,717190,6,2026-03-03 05:25:00,-20,2026-03-03 05:05:00,65.7,196.0,0.0493,True
342,717190,6,2026-03-03 05:25:00,-15,2026-03-03 05:10:00,65.2,239.0,0.0572,True
342,717190,6,2026-03-03 05:25:00,-10,2026-03-03 05:15:00,65.5,251.0,0.057,True
342,717190,6,2026-03-03 05:25:00,-5,2026-03-03 05:20:00,70.8,273.0,0.0517,True
342,717190,6,2026-03-03 05:25:00,0,2026-03-03 05:25:00,72.9,293.0,0.0555,True
342,717190,7,2026-03-04 05:00:00,-30,2026-03-04 04:30:00,72.3,175.0,0.0359,True
342,717190,7,2026-03-04 05:00:00,-25,2026-03-04 04:35:00,70.3,182.0,0.0412,True
342,717190,7,2026-03-04 05:00:00,-20,2026-03-04 04:40:00,71.4,191.0,0.0391,True
342,717190,7,2026-03-04 05:00:00,-15,2026-03-04 04:45:00,68.9,152.0,0.0359,True
342,717190,7,2026-03-04 05:00:00,-10,2026-03-04 04:50:00,68.7,221.0,0.0498,True
342,717190,7,2026-03-04 05:00:00,-5,2026-03-04 04:55:00,66.7,198.0,0.0476,True
342,717190,7,2026-03-04 05:00:00,0,2026-03-04 05:00:00,69.1,182.0,0.0384,True
342,717190,8,2026-03-04 05:05:00,-30,2026-03-04 04:35:00,70.3,182.0,0.0412,True
342,717190,8,2026-03-04 05:05:00,-25,2026-03-04 04:40:00,71.4,191.0,0.0391,True
342,717190,8,2026-03-04 05:05:00,-20,2026-03-04 04:45:00,68.9,152.0,0.0359,True
342,717190,8,2026-03-04 05:05:00,-15,2026-03-04 04:50:00,68.7,221.0,0.0498,True
342,717190,8,2026-03-04 05:05:00,-10,2026-03-04 04:55:00,66.7,198.0,0.0476,True
342,717190,8,2026-03-04 05:05:00,-5,2026-03-04 05:00:00,69.1,182.0,0.0384,True
342,717190,8,2026-03-04 05:05:00,0,2026-03-04 05:05:00,70.9,219.0,0.0438,True
342,717190,9,2026-03-04 05:10:00,-30,2026-03-04 04:40:00,71.4,191.0,0.0391,True
342,717190,9,2026-03-04 05:10:00,-25,2026-03-04 04:45:00,68.9,152.0,0.0359,True
342,717190,9,2026-03-04 05:10:00,-20,2026-03-04 04:50:00,68.7,221.0,0.0498,True
342,717190,9,2026-03-04 05:10:00,-15,2026-03-04 04:55:00,66.7,198.0,0.0476,True
342,717190,9,2026-03-04 05:10:00,-10,2026-03-04 05:00:00,69.1,182.0,0.0384,True
342,717190,9,2026-03-04 05:10:00,-5,2026-03-04 05:05:00,70.9,219.0,0.0438,True
342,717190,9,2026-03-04 05:10:00,0,2026-03-04 05:10:00,69.1,244.0,0.0537,True
342,717190,10,2026-03-04 05:15:00,-30,2026-03-04 04:45:00,68.9,152.0,0.0359,True
342,717190,10,2026-03-04 05:15:00,-25,2026-03-04 04:50:00,68.7,221.0,0.0498,True
342,717190,10,2026-03-04 05:15:00,-20,2026-03-04 04:55:00,66.7,198.0,0.0476,True
342,717190,10,2026-03-04 05:15:00,-15,2026-03-04 05:00:00,69.1,182.0,0.0384,True
342,717190,10,2026-03-04 05:15:00,-10,2026-03-04 05:05:00,70.9,219.0,0.0438,True
342,717190,10,2026-03-04 05:15:00,-5,2026-03-04 05:10:00,69.1,244.0,0.0537,True
342,717190,10,2026-03-04 05:15:00,0,2026-03-04 05:15:00,68.6,223.0,0.0503,True
344,717185,1,2026-03-03 05:00:00,-30,2026-03-03 04:30:00,72.3,199.0,0.0403,True
344,717185,1,2026-03-03 05:00:00,-25,2026-03-03 04:35:00,70.8,152.0,0.0334,True
344,717185,1,2026-03-03 05:00:00,-20,2026-03-03 04:40:00,72.3,196.0,0.0399,True
344,717185,1,2026-03-03 05:00:00,-15,2026-03-03 04:45:00,67.3,197.0,0.0497,True
344,717185,1,2026-03-03 05:00:00,-10,2026-03-03 04:50:00,72.2,204.0,0.0385,True
344,717185,1,2026-03-03 05:00:00,-5,2026-03-03 04:55:00,69.1,203.0,0.0479,True
344,717185,1,2026-03-03 05:00:00,0,2026-03-03 05:00:00,68.8,172.0,0.0373,True
344,717185,2,2026-03-03 05:05:00,-30,2026-03-03 04:35:00,70.8,152.0,0.0334,True
344,717185,2,2026-03-03 05:05:00,-25,2026-03-03 04:40:00,72.3,196.0,0.0399,True
344,717185,2,2026-03-03 05:05:00,-20,2026-03-03 04:45:00,67.3,197.0,0.0497,True
344,717185,2,2026-03-03 05:05:00,-15,2026-03-03 04:50:00,72.2,204.0,0.0385,True
344,717185,2,2026-03-03 05:05:00,-10,2026-03-03 04:55:00,69.1,203.0,0.0479,True
344,717185,2,2026-03-03 05:05:00,-5,2026-03-03 05:00:00,68.8,172.0,0.0373,True
344,717185,2,2026-03-03 05:05:00,0,2026-03-03 05:05:00,66.2,187.0,0.0462,True
344,717185,3,2026-03-03 05:10:00,-30,2026-03-03 04:40:00,72.3,196.0,0.0399,True
344,717185,3,2026-03-03 05:10:00,-25,2026-03-03 04:45:00,67.3,197.0,0.0497,True
344,717185,3,2026-03-03 05:10:00,-20,2026-03-03 04:50:00,72.2,204.0,0.0385,True
344,717185,3,2026-03-03 05:10:00,-15,2026-03-03 04:55:00,69.1,203.0,0.0479,True
344,717185,3,2026-03-03 05:10:00,-10,2026-03-03 05:00:00,68.8,172.0,0.0373,True
344,717185,3,2026-03-03 05:10:00,-5,2026-03-03 05:05:00,66.2,187.0,0.0462,True
344,717185,3,2026-03-03 05:10:00,0,2026-03-03 05:10:00,65.6,237.0,0.0549,True
344,717185,4,2026-03-03 05:15:00,-30,2026-03-03 04:45:00,67.3,197.0,0.0497,True
344,717185,4,2026-03-03 05:15:00,-25,2026-03-03 04:50:00,72.2,204.0,0.0385,True
344,717185,4,2026-03-03 05:15:00,-20,2026-03-03 04:55:00,69.1,203.0,0.0479,True
344,717185,4,2026-03-03 05:15:00,-15,2026-03-03 05:00:00,68.8,172.0,0.0373,True
344,717185,4,2026-03-03 05:15:00,-10,2026-03-03 05:05:00,66.2,187.0,0.0462,True
344,717185,4,2026-03-03 05:15:00,-5,2026-03-03 05:10:00,65.6,237.0,0.0549,True
344,717185,4,2026-03-03 05:15:00,0,2026-03-03 05:15:00,65.8,245.0,0.0553,True
344,717185,5,2026-03-03 05:20:00,-30,2026-03-03 04:50:00,72.2,204.0,0.0385,True
344,717185,5,2026-03-03 05:20:00,-25,2026-03-03 04:55:00,69.1,203.0,0.0479,True
344,717185,5,2026-03-03 05:20:00,-20,2026-03-03 05:00:00,68.8,172.0,0.0373,True
344,717185,5,2026-03-03 05:20:00,-15,2026-03-03 05:05:00,66.2,187.0,0.0462,True
344,717185,5,2026-03-03 05:20:00,-10,2026-03-03 05:10:00,65.6,237.0,0.0549,True
344,717185,5,2026-03-03 05:20:00,-5,2026-03-03 05:15:00,65.8,245.0,0.0553,True
344,717185,5,2026-03-03 05:20:00,0,2026-03-03 05:20:00,70.9,272.0,0.0514,True
344,717185,6,2026-03-03 05:25:00,-30,2026-03-03 04:55:00,69.1,203.0,0.0479,True
344,717185,6,2026-03-03 05:25:00,-25,2026-03-03 05:00:00,68.8,172.0,0.0373,True
344,717185,6,2026-03-03 05:25:00,-20,2026-03-03 05:05:00,66.2,187.0,0.0462,True
344,717185,6,2026-03-03 05:25:00,-15,2026-03-03 05:10:00,65.6,237.0,0.0549,True
344,717185,6,2026-03-03 05:25:00,-10,2026-03-03 05:15:00,65.8,245.0,0.0553,True
344,717185,6,2026-03-03 05:25:00,-5,2026-03-03 05:20:00,70.9,272.0,0.0514,True
344,717185,6,2026-03-03 05:25:00,0,2026-03-03 05:25:00,72.3,282.0,0.0532,True
344,717185,7,2026-03-04 05:00:00,-30,2026-03-04 04:30:00,72.5,159.0,0.0317,True
344,717185,7,2026-03-04 05:00:00,-25,2026-03-04 04:35:00,71.2,177.0,0.0387,True
344,717185,7,2026-03-04 05:00:00,-20,2026-03-04 04:40:00,71.0,189.0,0.0381,True
344,717185,7,2026-03-04 05:00:00,-15,2026-03-04 04:45:00,69.7,144.0,0.0318,True
344,717185,7,2026-03-04 05:00:00,-10,2026-03-04 04:50:00,69.6,201.0,0.0442,True
344,717185,7,2026-03-04 05:00:00,-5,2026-03-04 04:55:00,67.5,186.0,0.0437,True
344,717185,7,2026-03-04 05:00:00,0,2026-03-04 05:00:00,69.1,175.0,0.0376,True
344,717185,8,2026-03-04 05:05:00,-30,2026-03-04 04:35:00,71.2,177.0,0.0387,True
344,717185,8,2026-03-04 05:05:00,-25,2026-03-04 04:40:00,71.0,189.0,0.0381,True
344,717185,8,2026-03-04 05:05:00,-20,2026-03-04 04:45:00,69.7,144.0,0.0318,True
344,717185,8,2026-03-04 05:05:00,-15,2026-03-04 04:50:00,69.6,201.0,0.0442,True
344,717185,8,2026-03-04 05:05:00,-10,2026-03-04 04:55:00,67.5,186.0,0.0437,True
344,717185,8,2026-03-04 05:05:00,-5,2026-03-04 05:00:00,69.1,175.0,0.0376,True
344,717185,8,2026-03-04 05:05:00,0,2026-03-04 05:05:00,72.1,212.0,0.0402,True
344,717185,9,2026-03-04 05:10:00,-30,2026-03-04 04:40:00,71.0,189.0,0.0381,True
344,717185,9,2026-03-04 05:10:00,-25,2026-03-04 04:45:00,69.7,144.0,0.0318,True
344,717185,9,2026-03-04 05:10:00,-20,2026-03-04 04:50:00,69.6,201.0,0.0442,True
344,717185,9,2026-03-04 05:10:00,-15,2026-03-04 04:55:00,67.5,186.0,0.0437,True
344,717185,9,2026-03-04 05:10:00,-10,2026-03-04 05:00:00,69.1,175.0,0.0376,True
344,717185,9,2026-03-04 05:10:00,-5,2026-03-04 05:05:00,72.1,212.0,0.0402,True
344,717185,9,2026-03-04 05:10:00,0,2026-03-04 05:10:00,69.7,217.0,0.0485,True
344,717185,10,2026-03-04 05:15:00,-30,2026-03-04 04:45:00,69.7,144.0,0.0318,True
344,717185,10,2026-03-04 05:15:00,-25,2026-03-04 04:50:00,69.6,201.0,0.0442,True
344,717185,10,2026-03-04 05:15:00,-20,2026-03-04 04:55:00,67.5,186.0,0.0437,True
344,717185,10,2026-03-04 05:15:00,-15,2026-03-04 05:00:00,69.1,175.0,0.0376,True
344,717185,10,2026-03-04 05:15:00,-10,2026-03-04 05:05:00,72.1,212.0,0.0402,True
344,717185,10,2026-03-04 05:15:00,-5,2026-03-04 05:10:00,69.7,217.0,0.0485,True
344,717185,10,2026-03-04 05:15:00,0,2026-03-04 05:15:00,68.9,213.0,0.0486,True
346,717195,1,2026-03-03 05:00:00,-30,2026-03-03 04:30:00,68.5,151.0,0.032,True
346,717195,1,2026-03-03 05:00:00,-25,2026-03-03 04:35:00,69.4,172.0,0.0355,True
346,717195,1,2026-03-03 05:00:00,-20,2026-03-03 04:40:00,70.2,194.0,0.0377,True
346,717195,1,2026-03-03 05:00:00,-15,2026-03-03 04:45:00,70.6,236.0,0.0473,True
346,717195,1,2026-03-03 05:00:00,-10,2026-03-03 04:50:00,71.1,211.0,0.0404,True
346,717195,1,2026-03-03 05:00:00,-5,2026-03-03 04:55:00,66.1,219.0,0.0529,True
346,717195,1,2026-03-03 05:00:00,0,2026-03-03 05:00:00,68.6,202.0,0.0401,True
346,717195,2,2026-03-03 05:05:00,-30,2026-03-03 04:35:00,69.4,172.0,0.0355,True
346,717195,2,2026-03-03 05:05:00,-25,2026-03-03 04:40:00,70.2,194.0,0.0377,True
346,717195,2,2026-03-03 05:05:00,-20,2026-03-03 04:45:00,70.6,236.0,0.0473,True
346,717195,2,2026-03-03 05:05:00,-15,2026-03-03 04:50:00,71.1,211.0,0.0404,True
346,717195,2,2026-03-03 05:05:00,-10,2026-03-03 04:55:00,66.1,219.0,0.0529,True
346,717195,2,2026-03-03 05:05:00,-5,2026-03-03 05:00:00,68.6,202.0,0.0401,True
346,717195,2,2026-03-03 05:05:00,0,2026-03-03 05:05:00,70.0,206.0,0.0404,True
346,717195,3,2026-03-03 05:10:00,-30,2026-03-03 04:40:00,70.2,194.0,0.0377,True
346,717195,3,2026-03-03 05:10:00,-25,2026-03-03 04:45:00,70.6,236.0,0.0473,True
346,717195,3,2026-03-03 05:10:00,-20,2026-03-03 04:50:00,71.1,211.0,0.0404,True
346,717195,3,2026-03-03 05:10:00,-15,2026-03-03 04:55:00,66.1,219.0,0.0529,True
346,717195,3,2026-03-03 05:10:00,-10,2026-03-03 05:00:00,68.6,202.0,0.0401,True
346,717195,3,2026-03-03 05:10:00,-5,2026-03-03 05:05:00,70.0,206.0,0.0404,True
346,717195,3,2026-03-03 05:10:00,0,2026-03-03 05:10:00,70.6,264.0,0.0516,True
346,717195,4,2026-03-03 05:15:00,-30,2026-03-03 04:45:00,70.6,236.0,0.0473,True
346,717195,4,2026-03-03 05:15:00,-25,2026-03-03 04:50:00,71.1,211.0,0.0404,True
346,717195,4,2026-03-03 05:15:00,-20,2026-03-03 04:55:00,66.1,219.0,0.0529,True
346,717195,4,2026-03-03 05:15:00,-15,2026-03-03 05:00:00,68.6,202.0,0.0401,True
346,717195,4,2026-03-03 05:15:00,-10,2026-03-03 05:05:00,70.0,206.0,0.0404,True
346,717195,4,2026-03-03 05:15:00,-5,2026-03-03 05:10:00,70.6,264.0,0.0516,True
346,717195,4,2026-03-03 05:15:00,0,2026-03-03 05:15:00,70.6,243.0,0.0484,True
346,717195,5,2026-03-03 05:20:00,-30,2026-03-03 04:50:00,71.1,211.0,0.0404,True
346,717195,5,2026-03-03 05:20:00,-25,2026-03-03 04:55:00,66.1,219.0,0.0529,True
346,717195,5,2026-03-03 05:20:00,-20,2026-03-03 05:00:00,68.6,202.0,0.0401,True
346,717195,5,2026-03-03 05:20:00,-15,2026-03-03 05:05:00,70.0,206.0,0.0404,True
346,717195,5,2026-03-03 05:20:00,-10,2026-03-03 05:10:00,70.6,264.0,0.0516,True
346,717195,5,2026-03-03 05:20:00,-5,2026-03-03 05:15:00,70.6,243.0,0.0484,True
346,717195,5,2026-03-03 05:20:00,0,2026-03-03 05:20:00,72.5,258.0,0.0481,True
346,717195,6,2026-03-03 05:25:00,-30,2026-03-03 04:55:00,66.1,219.0,0.0529,True
346,717195,6,2026-03-03 05:25:00,-25,2026-03-03 05:00:00,68.6,202.0,0.0401,True
346,717195,6,2026-03-03 05:25:00,-20,2026-03-03 05:05:00,70.0,206.0,0.0404,True
346,717195,6,2026-03-03 05:25:00,-15,2026-03-03 05:10:00,70.6,264.0,0.0516,True
346,717195,6,2026-03-03 05:25:00,-10,2026-03-03 05:15:00,70.6,243.0,0.0484,True
346,717195,6,2026-03-03 05:25:00,-5,2026-03-03 05:20:00,72.5,258.0,0.0481,True
346,717195,6,2026-03-03 05:25:00,0,2026-03-03 05:25:00,70.7,302.0,0.0612,True
346,717195,7,2026-03-04 05:00:00,-30,2026-03-04 04:30:00,71.6,158.0,0.0319,True
346,717195,7,2026-03-04 05:00:00,-25,2026-03-04 04:35:00,69.7,222.0,0.048,True
346,717195,7,2026-03-04 05:00:00,-20,2026-03-04 04:40:00,69.8,181.0,0.0383,True
346,717195,7,2026-03-04 05:00:00,-15,2026-03-04 04:45:00,68.7,175.0,0.0391,True
346,717195,7,2026-03-04 05:00:00,-10,2026-03-04 04:50:00,72.4,199.0,0.0352,True
346,717195,7,2026-03-04 05:00:00,-5,2026-03-04 04:55:00,71.5,193.0,0.0392,True
346,717195,7,2026-03-04 05:00:00,0,2026-03-04 05:00:00,67.9,194.0,0.0447,True
346,717195,8,2026-03-04 05:05:00,-30,2026-03-04 04:35:00,69.7,222.0,0.048,True
346,717195,8,2026-03-04 05:05:00,-25,2026-03-04 04:40:00,69.8,181.0,0.0383,True
346,717195,8,2026-03-04 05:05:00,-20,2026-03-04 04:45:00,68.7,175.0,0.0391,True
346,717195,8,2026-03-04 05:05:00,-15,2026-03-04 04:50:00,72.4,199.0,0.0352,True
346,717195,8,2026-03-04 05:05:00,-10,2026-03-04 04:55:00,71.5,193.0,0.0392,True
346,717195,8,2026-03-04 05:05:00,-5,2026-03-04 05:00:00,67.9,194.0,0.0447,True
346,717195,8,2026-03-04 05:05:00,0,2026-03-04 05:05:00,71.8,237.0,0.0439,True
346,717195,9,2026-03-04 05:10:00,-30,2026-03-04 04:40:00,69.8,181.0,0.0383,True
346,717195,9,2026-03-04 05:10:00,-25,2026-03-04 04:45:00,68.7,175.0,0.0391,True
346,717195,9,2026-03-04 05:10:00,-20,2026-03-04 04:50:00,72.4,199.0,0.0352,True
346,717195,9,2026-03-04 05:10:00,-15,2026-03-04 04:55:00,71.5,193.0,0.0392,True
346,717195,9,2026-03-04 05:10:00,-10,2026-03-04 05:00:00,67.9,194.0,0.0447,True
346,717195,9,2026-03-04 05:10:00,-5,2026-03-04 05:05:00,71.8,237.0,0.0439,True
346,717195,9,2026-03-04 05:10:00,0,2026-03-04 05:10:00,71.7,281.0,0.0568,True
346,717195,10,2026-03-04 05:15:00,-30,2026-03-04 04:45:00,68.7,175.0,0.0391,True
346,717195,10,2026-03-04 05:15:00,-25,2026-03-04 04:50:00,72.4,199.0,0.0352,True
346,717195,10,2026-03-04 05:15:00,-20,2026-03-04 04:55:00,71.5,193.0,0.0392,True
346,717195,10,2026-03-04 05:15:00,-15,2026-03-04 05:00:00,67.9,194.0,0.0447,True
346,717195,10,2026-03-04 05:15:00,-10,2026-03-04 05:05:00,71.8,237.0,0.0439,True
346,717195,10,2026-03-04 05:15:00,-5,2026-03-04 05:10:00,71.7,281.0,0.0568,True
346,717195,10,2026-03-04 05:15:00,0,2026-03-04 05:15:00,72.3,253.0,0.0462,True
588,716152,1,2026-03-18 10:30:00,-30,2026-03-18 10:00:00,58.9,467.0,0.1444,True
588,716152,1,2026-03-18 10:30:00,-25,2026-03-18 10:05:00,60.0,452.0,0.1333,True
588,716152,1,2026-03-18 10:30:00,-20,2026-03-18 10:10:00,60.9,465.0,0.1355,True
588,716152,1,2026-03-18 10:30:00,-15,2026-03-18 10:15:00,60.4,502.0,0.1507,True
588,716152,1,2026-03-18 10:30:00,-10,2026-03-18 10:20:00,61.5,481.0,0.1423,True
588,716152,1,2026-03-18 10:30:00,-5,2026-03-18 10:25:00,60.6,460.0,0.1375,True
588,716152,1,2026-03-18 10:30:00,0,2026-03-18 10:30:00,60.5,447.0,0.1303,True
588,716152,2,2026-03-18 10:35:00,-30,2026-03-18 10:05:00,60.0,452.0,0.1333,True
588,716152,2,2026-03-18 10:35:00,-25,2026-03-18 10:10:00,60.9,465.0,0.1355,True
588,716152,2,2026-03-18 10:35:00,-20,2026-03-18 10:15:00,60.4,502.0,0.1507,True
588,716152,2,2026-03-18 10:35:00,-15,2026-03-18 10:20:00,61.5,481.0,0.1423,True
588,716152,2,2026-03-18 10:35:00,-10,2026-03-18 10:25:00,60.6,460.0,0.1375,True
588,716152,2,2026-03-18 10:35:00,-5,2026-03-18 10:30:00,60.5,447.0,0.1303,True
588,716152,2,2026-03-18 10:35:00,0,2026-03-18 10:35:00,58.4,456.0,0.1447,True
588,716152,3,2026-03-18 10:40:00,-30,2026-03-18 10:10:00,60.9,465.0,0.1355,True
588,716152,3,2026-03-18 10:40:00,-25,2026-03-18 10:15:00,60.4,502.0,0.1507,True
588,716152,3,2026-03-18 10:40:00,-20,2026-03-18 10:20:00,61.5,481.0,0.1423,True
588,716152,3,2026-03-18 10:40:00,-15,2026-03-18 10:25:00,60.6,460.0,0.1375,True
588,716152,3,2026-03-18 10:40:00,-10,2026-03-18 10:30:00,60.5,447.0,0.1303,True
588,716152,3,2026-03-18 10:40:00,-5,2026-03-18 10:35:00,58.4,456.0,0.1447,True
588,716152,3,2026-03-18 10:40:00,0,2026-03-18 10:40:00,52.7,499.0,0.1881,True
588,716152,4,2026-03-18 10:45:00,-30,2026-03-18 10:15:00,60.4,502.0,0.1507,True
588,716152,4,2026-03-18 10:45:00,-25,2026-03-18 10:20:00,61.5,481.0,0.1423,True
588,716152,4,2026-03-18 10:45:00,-20,2026-03-18 10:25:00,60.6,460.0,0.1375,True
588,716152,4,2026-03-18 10:45:00,-15,2026-03-18 10:30:00,60.5,447.0,0.1303,True
588,716152,4,2026-03-18 10:45:00,-10,2026-03-18 10:35:00,58.4,456.0,0.1447,True
588,716152,4,2026-03-18 10:45:00,-5,2026-03-18 10:40:00,52.7,499.0,0.1881,True
588,716152,4,2026-03-18 10:45:00,0,2026-03-18 10:45:00,46.8,502.0,0.2208,True
588,716152,5,2026-03-18 10:50:00,-30,2026-03-18 10:20:00,61.5,481.0,0.1423,True
588,716152,5,2026-03-18 10:50:00,-25,2026-03-18 10:25:00,60.6,460.0,0.1375,True
588,716152,5,2026-03-18 10:50:00,-20,2026-03-18 10:30:00,60.5,447.0,0.1303,True
588,716152,5,2026-03-18 10:50:00,-15,2026-03-18 10:35:00,58.4,456.0,0.1447,True
588,716152,5,2026-03-18 10:50:00,-10,2026-03-18 10:40:00,52.7,499.0,0.1881,True
588,716152,5,2026-03-18 10:50:00,-5,2026-03-18 10:45:00,46.8,502.0,0.2208,True
588,716152,5,2026-03-18 10:50:00,0,2026-03-18 10:50:00,51.1,440.0,0.1398,True
588,716152,6,2026-03-18 10:55:00,-30,2026-03-18 10:25:00,60.6,460.0,0.1375,True
588,716152,6,2026-03-18 10:55:00,-25,2026-03-18 10:30:00,60.5,447.0,0.1303,True
588,716152,6,2026-03-18 10:55:00,-20,2026-03-18 10:35:00,58.4,456.0,0.1447,True
588,716152,6,2026-03-18 10:55:00,-15,2026-03-18 10:40:00,52.7,499.0,0.1881,True
588,716152,6,2026-03-18 10:55:00,-10,2026-03-18 10:45:00,46.8,502.0,0.2208,True
588,716152,6,2026-03-18 10:55:00,-5,2026-03-18 10:50:00,51.1,440.0,0.1398,True
588,716152,6,2026-03-18 10:55:00,0,2026-03-18 10:55:00,58.2,456.0,0.1263,True
588,716152,7,2026-03-20 10:30:00,-30,2026-03-20 10:00:00,54.7,491.0,0.1421,True
588,716152,7,2026-03-20 10:30:00,-25,2026-03-20 10:05:00,52.6,485.0,0.1504,True
588,716152,7,2026-03-20 10:30:00,-20,2026-03-20 10:10:00,54.4,451.0,0.1268,True
588,716152,7,2026-03-20 10:30:00,-15,2026-03-20 10:15:00,55.2,426.0,0.119,True
588,716152,7,2026-03-20 10:30:00,-10,2026-03-20 10:20:00,56.9,460.0,0.1226,True
588,716152,7,2026-03-20 10:30:00,-5,2026-03-20 10:25:00,56.9,482.0,0.1337,True
588,716152,7,2026-03-20 10:30:00,0,2026-03-20 10:30:00,55.6,485.0,0.1411,True
588,716152,8,2026-03-20 10:35:00,-30,2026-03-20 10:05:00,52.6,485.0,0.1504,True
588,716152,8,2026-03-20 10:35:00,-25,2026-03-20 10:10:00,54.4,451.0,0.1268,True
588,716152,8,2026-03-20 10:35:00,-20,2026-03-20 10:15:00,55.2,426.0,0.119,True
588,716152,8,2026-03-20 10:35:00,-15,2026-03-20 10:20:00,56.9,460.0,0.1226,True
588,716152,8,2026-03-20 10:35:00,-10,2026-03-20 10:25:00,56.9,482.0,0.1337,True
588,716152,8,2026-03-20 10:35:00,-5,2026-03-20 10:30:00,55.6,485.0,0.1411,True
588,716152,8,2026-03-20 10:35:00,0,2026-03-20 10:35:00,52.0,458.0,0.151,True
588,716152,9,2026-03-20 10:40:00,-30,2026-03-20 10:10:00,54.4,451.0,0.1268,True
588,716152,9,2026-03-20 10:40:00,-25,2026-03-20 10:15:00,55.2,426.0,0.119,True
588,716152,9,2026-03-20 10:40:00,-20,2026-03-20 10:20:00,56.9,460.0,0.1226,True
588,716152,9,2026-03-20 10:40:00,-15,2026-03-20 10:25:00,56.9,482.0,0.1337,True
588,716152,9,2026-03-20 10:40:00,-10,2026-03-20 10:30:00,55.6,485.0,0.1411,True
588,716152,9,2026-03-20 10:40:00,-5,2026-03-20 10:35:00,52.0,458.0,0.151,True
588,716152,9,2026-03-20 10:40:00,0,2026-03-20 10:40:00,48.9,517.0,0.1774,True
588,716152,10,2026-03-20 10:45:00,-30,2026-03-20 10:15:00,55.2,426.0,0.119,True
588,716152,10,2026-03-20 10:45:00,-25,2026-03-20 10:20:00,56.9,460.0,0.1226,True
588,716152,10,2026-03-20 10:45:00,-20,2026-03-20 10:25:00,56.9,482.0,0.1337,True
588,716152,10,2026-03-20 10:45:00,-15,2026-03-20 10:30:00,55.6,485.0,0.1411,True
588,716152,10,2026-03-20 10:45:00,-10,2026-03-20 10:35:00,52.0,458.0,0.151,True
588,716152,10,2026-03-20 10:45:00,-5,2026-03-20 10:40:00,48.9,517.0,0.1774,True
588,716152,10,2026-03-20 10:45:00,0,2026-03-20 10:45:00,51.0,509.0,0.1498,True
1159,716152,1,2026-04-29 10:00:00,-30,2026-04-29 09:30:00,46.2,458.0,0.1824,True
1159,716152,1,2026-04-29 10:00:00,-25,2026-04-29 09:35:00,45.3,507.0,0.1972,True
1159,716152,1,2026-04-29 10:00:00,-20,2026-04-29 09:40:00,46.3,520.0,0.1876,True
1159,716152,1,2026-04-29 10:00:00,-15,2026-04-29 09:45:00,52.2,549.0,0.1598,True
1159,716152,1,2026-04-29 10:00:00,-10,2026-04-29 09:50:00,53.2,470.0,0.1456,True
1159,716152,1,2026-04-29 10:00:00,-5,2026-04-29 09:55:00,55.8,484.0,0.1412,True
1159,716152,1,2026-04-29 10:00:00,0,2026-04-29 10:00:00,57.6,437.0,0.1258,True
1159,716152,2,2026-04-29 10:05:00,-30,2026-04-29 09:35:00,45.3,507.0,0.1972,True
1159,716152,2,2026-04-29 10:05:00,-25,2026-04-29 09:40:00,46.3,520.0,0.1876,True
1159,716152,2,2026-04-29 10:05:00,-20,2026-04-29 09:45:00,52.2,549.0,0.1598,True
1159,716152,2,2026-04-29 10:05:00,-15,2026-04-29 09:50:00,53.2,470.0,0.1456,True
1159,716152,2,2026-04-29 10:05:00,-10,2026-04-29 09:55:00,55.8,484.0,0.1412,True
1159,716152,2,2026-04-29 10:05:00,-5,2026-04-29 10:00:00,57.6,437.0,0.1258,True
1159,716152,2,2026-04-29 10:05:00,0,2026-04-29 10:05:00,59.9,425.0,0.1194,True
1159,716152,3,2026-04-29 10:10:00,-30,2026-04-29 09:40:00,46.3,520.0,0.1876,True
1159,716152,3,2026-04-29 10:10:00,-25,2026-04-29 09:45:00,52.2,549.0,0.1598,True
1159,716152,3,2026-04-29 10:10:00,-20,2026-04-29 09:50:00,53.2,470.0,0.1456,True
1159,716152,3,2026-04-29 10:10:00,-15,2026-04-29 09:55:00,55.8,484.0,0.1412,True
1159,716152,3,2026-04-29 10:10:00,-10,2026-04-29 10:00:00,57.6,437.0,0.1258,True
1159,716152,3,2026-04-29 10:10:00,-5,2026-04-29 10:05:00,59.9,425.0,0.1194,True
1159,716152,3,2026-04-29 10:10:00,0,2026-04-29 10:10:00,60.1,425.0,0.1173,True
1159,716152,4,2026-04-29 10:15:00,-30,2026-04-29 09:45:00,52.2,549.0,0.1598,True
1159,716152,4,2026-04-29 10:15:00,-25,2026-04-29 09:50:00,53.2,470.0,0.1456,True
1159,716152,4,2026-04-29 10:15:00,-20,2026-04-29 09:55:00,55.8,484.0,0.1412,True
1159,716152,4,2026-04-29 10:15:00,-15,2026-04-29 10:00:00,57.6,437.0,0.1258,True
1159,716152,4,2026-04-29 10:15:00,-10,2026-04-29 10:05:00,59.9,425.0,0.1194,True
1159,716152,4,2026-04-29 10:15:00,-5,2026-04-29 10:10:00,60.1,425.0,0.1173,True
1159,716152,4,2026-04-29 10:15:00,0,2026-04-29 10:15:00,60.8,480.0,0.1351,True
1159,716152,5,2026-04-29 10:20:00,-30,2026-04-29 09:50:00,53.2,470.0,0.1456,True
1159,716152,5,2026-04-29 10:20:00,-25,2026-04-29 09:55:00,55.8,484.0,0.1412,True
1159,716152,5,2026-04-29 10:20:00,-20,2026-04-29 10:00:00,57.6,437.0,0.1258,True
1159,716152,5,2026-04-29 10:20:00,-15,2026-04-29 10:05:00,59.9,425.0,0.1194,True
1159,716152,5,2026-04-29 10:20:00,-10,2026-04-29 10:10:00,60.1,425.0,0.1173,True
1159,716152,5,2026-04-29 10:20:00,-5,2026-04-29 10:15:00,60.8,480.0,0.1351,True
1159,716152,5,2026-04-29 10:20:00,0,2026-04-29 10:20:00,59.2,479.0,0.1462,True
1159,716152,6,2026-04-29 10:25:00,-30,2026-04-29 09:55:00,55.8,484.0,0.1412,True
1159,716152,6,2026-04-29 10:25:00,-25,2026-04-29 10:00:00,57.6,437.0,0.1258,True
1159,716152,6,2026-04-29 10:25:00,-20,2026-04-29 10:05:00,59.9,425.0,0.1194,True
1159,716152,6,2026-04-29 10:25:00,-15,2026-04-29 10:10:00,60.1,425.0,0.1173,True
1159,716152,6,2026-04-29 10:25:00,-10,2026-04-29 10:15:00,60.8,480.0,0.1351,True
1159,716152,6,2026-04-29 10:25:00,-5,2026-04-29 10:20:00,59.2,479.0,0.1462,True
1159,716152,6,2026-04-29 10:25:00,0,2026-04-29 10:25:00,58.9,518.0,0.1507,True
1159,716152,7,2026-05-01 10:00:00,-30,2026-05-01 09:30:00,59.0,497.0,0.1407,True
1159,716152,7,2026-05-01 10:00:00,-25,2026-05-01 09:35:00,60.2,501.0,0.1405,True
1159,716152,7,2026-05-01 10:00:00,-20,2026-05-01 09:40:00,60.5,501.0,0.1407,True
1159,716152,7,2026-05-01 10:00:00,-15,2026-05-01 09:45:00,57.4,495.0,0.1552,True
1159,716152,7,2026-05-01 10:00:00,-10,2026-05-01 09:50:00,58.8,526.0,0.1482,True
1159,716152,7,2026-05-01 10:00:00,-5,2026-05-01 09:55:00,60.4,453.0,0.1244,True
1159,716152,7,2026-05-01 10:00:00,0,2026-05-01 10:00:00,59.7,495.0,0.1442,True
1159,716152,8,2026-05-01 10:05:00,-30,2026-05-01 09:35:00,60.2,501.0,0.1405,True
1159,716152,8,2026-05-01 10:05:00,-25,2026-05-01 09:40:00,60.5,501.0,0.1407,True
1159,716152,8,2026-05-01 10:05:00,-20,2026-05-01 09:45:00,57.4,495.0,0.1552,True
1159,716152,8,2026-05-01 10:05:00,-15,2026-05-01 09:50:00,58.8,526.0,0.1482,True
1159,716152,8,2026-05-01 10:05:00,-10,2026-05-01 09:55:00,60.4,453.0,0.1244,True
1159,716152,8,2026-05-01 10:05:00,-5,2026-05-01 10:00:00,59.7,495.0,0.1442,True
1159,716152,8,2026-05-01 10:05:00,0,2026-05-01 10:05:00,57.5,464.0,0.1442,True
1159,716152,9,2026-05-01 10:10:00,-30,2026-05-01 09:40:00,60.5,501.0,0.1407,True
1159,716152,9,2026-05-01 10:10:00,-25,2026-05-01 09:45:00,57.4,495.0,0.1552,True
1159,716152,9,2026-05-01 10:10:00,-20,2026-05-01 09:50:00,58.8,526.0,0.1482,True
1159,716152,9,2026-05-01 10:10:00,-15,2026-05-01 09:55:00,60.4,453.0,0.1244,True
1159,716152,9,2026-05-01 10:10:00,-10,2026-05-01 10:00:00,59.7,495.0,0.1442,True
1159,716152,9,2026-05-01 10:10:00,-5,2026-05-01 10:05:00,57.5,464.0,0.1442,True
1159,716152,9,2026-05-01 10:10:00,0,2026-05-01 10:10:00,60.1,477.0,0.1302,True
1159,716152,10,2026-05-01 10:15:00,-30,2026-05-01 09:45:00,57.4,495.0,0.1552,True
1159,716152,10,2026-05-01 10:15:00,-25,2026-05-01 09:50:00,58.8,526.0,0.1482,True
1159,716152,10,2026-05-01 10:15:00,-20,2026-05-01 09:55:00,60.4,453.0,0.1244,True
1159,716152,10,2026-05-01 10:15:00,-15,2026-05-01 10:00:00,59.7,495.0,0.1442,True
1159,716152,10,2026-05-01 10:15:00,-10,2026-05-01 10:05:00,57.5,464.0,0.1442,True
1159,716152,10,2026-05-01 10:15:00,-5,2026-05-01 10:10:00,60.1,477.0,0.1302,True
1159,716152,10,2026-05-01 10:15:00,0,2026-05-01 10:15:00,59.2,501.0,0.1476,True
1472,717185,1,2026-05-30 14:00:00,-30,2026-05-30 13:30:00,59.6,503.0,0.1033,True
1472,717185,1,2026-05-30 14:00:00,-25,2026-05-30 13:35:00,59.7,484.0,0.0982,True
1472,717185,1,2026-05-30 14:00:00,-20,2026-05-30 13:40:00,59.9,515.0,0.1038,True
1472,717185,1,2026-05-30 14:00:00,-15,2026-05-30 13:45:00,58.8,555.0,0.1172,True
1472,717185,1,2026-05-30 14:00:00,-10,2026-05-30 13:50:00,56.0,509.0,0.1162,True
1472,717185,1,2026-05-30 14:00:00,-5,2026-05-30 13:55:00,54.6,487.0,0.1114,True
1472,717185,1,2026-05-30 14:00:00,0,2026-05-30 14:00:00,53.1,546.0,0.1288,True
1472,717185,2,2026-05-30 14:05:00,-30,2026-05-30 13:35:00,59.7,484.0,0.0982,True
1472,717185,2,2026-05-30 14:05:00,-25,2026-05-30 13:40:00,59.9,515.0,0.1038,True
1472,717185,2,2026-05-30 14:05:00,-20,2026-05-30 13:45:00,58.8,555.0,0.1172,True
1472,717185,2,2026-05-30 14:05:00,-15,2026-05-30 13:50:00,56.0,509.0,0.1162,True
1472,717185,2,2026-05-30 14:05:00,-10,2026-05-30 13:55:00,54.6,487.0,0.1114,True
1472,717185,2,2026-05-30 14:05:00,-5,2026-05-30 14:00:00,53.1,546.0,0.1288,True
1472,717185,2,2026-05-30 14:05:00,0,2026-05-30 14:05:00,43.3,456.0,0.1693,True
1472,717185,3,2026-05-30 14:10:00,-30,2026-05-30 13:40:00,59.9,515.0,0.1038,True
1472,717185,3,2026-05-30 14:10:00,-25,2026-05-30 13:45:00,58.8,555.0,0.1172,True
1472,717185,3,2026-05-30 14:10:00,-20,2026-05-30 13:50:00,56.0,509.0,0.1162,True
1472,717185,3,2026-05-30 14:10:00,-15,2026-05-30 13:55:00,54.6,487.0,0.1114,True
1472,717185,3,2026-05-30 14:10:00,-10,2026-05-30 14:00:00,53.1,546.0,0.1288,True
1472,717185,3,2026-05-30 14:10:00,-5,2026-05-30 14:05:00,43.3,456.0,0.1693,True
1472,717185,3,2026-05-30 14:10:00,0,2026-05-30 14:10:00,46.5,493.0,0.121,True
1472,717185,4,2026-05-30 14:15:00,-30,2026-05-30 13:45:00,58.8,555.0,0.1172,True
1472,717185,4,2026-05-30 14:15:00,-25,2026-05-30 13:50:00,56.0,509.0,0.1162,True
1472,717185,4,2026-05-30 14:15:00,-20,2026-05-30 13:55:00,54.6,487.0,0.1114,True
1472,717185,4,2026-05-30 14:15:00,-15,2026-05-30 14:00:00,53.1,546.0,0.1288,True
1472,717185,4,2026-05-30 14:15:00,-10,2026-05-30 14:05:00,43.3,456.0,0.1693,True
1472,717185,4,2026-05-30 14:15:00,-5,2026-05-30 14:10:00,46.5,493.0,0.121,True
1472,717185,4,2026-05-30 14:15:00,0,2026-05-30 14:15:00,47.5,539.0,0.1351,True
1472,717185,5,2026-05-30 14:20:00,-30,2026-05-30 13:50:00,56.0,509.0,0.1162,True
1472,717185,5,2026-05-30 14:20:00,-25,2026-05-30 13:55:00,54.6,487.0,0.1114,True
1472,717185,5,2026-05-30 14:20:00,-20,2026-05-30 14:00:00,53.1,546.0,0.1288,True
1472,717185,5,2026-05-30 14:20:00,-15,2026-05-30 14:05:00,43.3,456.0,0.1693,True
1472,717185,5,2026-05-30 14:20:00,-10,2026-05-30 14:10:00,46.5,493.0,0.121,True
1472,717185,5,2026-05-30 14:20:00,-5,2026-05-30 14:15:00,47.5,539.0,0.1351,True
1472,717185,5,2026-05-30 14:20:00,0,2026-05-30 14:20:00,40.0,481.0,0.1802,True
1472,717185,6,2026-05-30 14:25:00,-30,2026-05-30 13:55:00,54.6,487.0,0.1114,True
1472,717185,6,2026-05-30 14:25:00,-25,2026-05-30 14:00:00,53.1,546.0,0.1288,True
1472,717185,6,2026-05-30 14:25:00,-20,2026-05-30 14:05:00,43.3,456.0,0.1693,True
1472,717185,6,2026-05-30 14:25:00,-15,2026-05-30 14:10:00,46.5,493.0,0.121,True
1472,717185,6,2026-05-30 14:25:00,-10,2026-05-30 14:15:00,47.5,539.0,0.1351,True
1472,717185,6,2026-05-30 14:25:00,-5,2026-05-30 14:20:00,40.0,481.0,0.1802,True
1472,717185,6,2026-05-30 14:25:00,0,2026-05-30 14:25:00,41.5,503.0,0.1417,True
1472,717185,7,2026-05-24 14:00:00,-30,2026-05-24 13:30:00,60.3,473.0,0.0907,True
1472,717185,7,2026-05-24 14:00:00,-25,2026-05-24 13:35:00,59.2,490.0,0.0972,True
1472,717185,7,2026-05-24 14:00:00,-20,2026-05-24 13:40:00,59.3,485.0,0.0947,True
1472,717185,7,2026-05-24 14:00:00,-15,2026-05-24 13:45:00,61.0,473.0,0.0874,True
1472,717185,7,2026-05-24 14:00:00,-10,2026-05-24 13:50:00,61.6,508.0,0.0941,True
1472,717185,7,2026-05-24 14:00:00,-5,2026-05-24 13:55:00,62.0,527.0,0.0971,True
1472,717185,7,2026-05-24 14:00:00,0,2026-05-24 14:00:00,61.5,458.0,0.0872,True
1472,717185,8,2026-05-24 14:05:00,-30,2026-05-24 13:35:00,59.2,490.0,0.0972,True
1472,717185,8,2026-05-24 14:05:00,-25,2026-05-24 13:40:00,59.3,485.0,0.0947,True
1472,717185,8,2026-05-24 14:05:00,-20,2026-05-24 13:45:00,61.0,473.0,0.0874,True
1472,717185,8,2026-05-24 14:05:00,-15,2026-05-24 13:50:00,61.6,508.0,0.0941,True
1472,717185,8,2026-05-24 14:05:00,-10,2026-05-24 13:55:00,62.0,527.0,0.0971,True
1472,717185,8,2026-05-24 14:05:00,-5,2026-05-24 14:00:00,61.5,458.0,0.0872,True
1472,717185,8,2026-05-24 14:05:00,0,2026-05-24 14:05:00,61.4,501.0,0.0948,True
1472,717185,9,2026-05-24 14:10:00,-30,2026-05-24 13:40:00,59.3,485.0,0.0947,True
1472,717185,9,2026-05-24 14:10:00,-25,2026-05-24 13:45:00,61.0,473.0,0.0874,True
1472,717185,9,2026-05-24 14:10:00,-20,2026-05-24 13:50:00,61.6,508.0,0.0941,True
1472,717185,9,2026-05-24 14:10:00,-15,2026-05-24 13:55:00,62.0,527.0,0.0971,True
1472,717185,9,2026-05-24 14:10:00,-10,2026-05-24 14:00:00,61.5,458.0,0.0872,True
1472,717185,9,2026-05-24 14:10:00,-5,2026-05-24 14:05:00,61.4,501.0,0.0948,True
1472,717185,9,2026-05-24 14:10:00,0,2026-05-24 14:10:00,61.9,469.0,0.0858,True
1472,717185,10,2026-05-24 14:15:00,-30,2026-05-24 13:45:00,61.0,473.0,0.0874,True
1472,717185,10,2026-05-24 14:15:00,-25,2026-05-24 13:50:00,61.6,508.0,0.0941,True
1472,717185,10,2026-05-24 14:15:00,-20,2026-05-24 13:55:00,62.0,527.0,0.0971,True
1472,717185,10,2026-05-24 14:15:00,-15,2026-05-24 14:00:00,61.5,458.0,0.0872,True
1472,717185,10,2026-05-24 14:15:00,-10,2026-05-24 14:05:00,61.4,501.0,0.0948,True
1472,717185,10,2026-05-24 14:15:00,-5,2026-05-24 14:10:00,61.9,469.0,0.0858,True
1472,717185,10,2026-05-24 14:15:00,0,2026-05-24 14:15:00,60.9,487.0,0.0944,True
