event_id,method,station_id,start_time,end_time,duration_minutes,intervals,onset_observed,recovery_observed,left_censored,right_censored,start_speed_mph,minimum_speed_mph,prebreakdown_speed_mph,prebreakdown_flow_veh_5min,prebreakdown_occupancy_fraction,speed_drop_mph,upstream_station_id,upstream_gap_miles,event_date,start_hour,corridor_episode_id
1,LA_20drop_below40,716152,2026-02-01 11:10:00,2026-02-01 11:10:00,5,1,True,True,False,False,37.7,37.7,64.0,452.0,0.1115,26.299999999999997,,,2026-02-01,11.166666666666666,1
330,LA_20drop_below40,717185,2026-02-27 08:00:00,2026-02-27 09:35:00,100,20,True,True,False,False,33.6,8.6,57.1,408.0,0.106,23.5,,,2026-02-27,8.0,2
332,LA_20drop_below40,717190,2026-02-27 08:00:00,2026-02-27 09:35:00,100,20,True,True,False,False,33.7,9.9,58.3,476.0,0.1255,24.59999999999999,,,2026-02-27,8.0,2
340,LA_20drop_below40,717198,2026-03-02 05:10:00,2026-03-02 05:10:00,5,1,True,True,False,False,27.8,27.8,62.4,2.0,0.0016,34.599999999999994,,,2026-03-02,5.166666666666667,3
342,LA_20drop_below40,717190,2026-03-02 05:15:00,2026-03-02 05:40:00,30,6,True,False,False,True,35.7,3.7,57.9,186.0,0.0546,22.199999999999996,,,2026-03-02,5.25,3
344,LA_20drop_below40,717185,2026-03-02 05:20:00,2026-03-02 06:10:00,55,11,True,True,False,False,30.1,3.4,53.4,167.0,0.0575,23.299999999999997,,,2026-03-02,5.333333333333333,3
346,LA_20drop_below40,717195,2026-03-02 05:20:00,2026-03-02 05:20:00,5,1,True,True,False,False,27.9,27.9,53.8,0.0,0.0,25.9,,,2026-03-02,5.333333333333333,3
588,LA_20drop_below40,716152,2026-03-19 10:40:00,2026-03-19 11:20:00,45,9,True,True,False,False,39.2,14.0,59.7,430.0,0.1239,20.5,,,2026-03-19,10.666666666666666,4
1159,LA_20drop_below40,716152,2026-04-30 10:20:00,2026-04-30 10:30:00,15,3,True,True,False,False,35.5,27.9,60.6,465.0,0.1311,25.1,,,2026-04-30,10.333333333333334,5
1472,LA_20drop_below40,717185,2026-05-31 14:10:00,2026-05-31 14:30:00,25,5,True,True,False,False,29.9,19.7,51.0,452.0,0.1314,21.1,,,2026-05-31,14.166666666666666,6
