corridor_id,Fwy,Dir,station_count,first_station_id,last_station_id,min_abs_pm,max_abs_pm,first_route_order,last_route_order,mean_positive_pct,median_positive_pct,mean_ge80_pct,median_ge80_pct,mean_ge100_pct,median_ge100_pct,min_days_positive,mean_days_positive,mean_ge80_longest_run_minutes,min_ge80_longest_run_minutes,max_physical_neighbor_gap_miles,postmile_span,weighted_positive_pct,weighted_ge80_pct,weighted_ge100_pct,review_score,eligible_for_corridor_review,review_rank
Fwy_210_W_physical_run_4,210,W,7,770187,769926,11.1,17.88,16,22,92.30552936700904,93.967812897997,80.07699432673382,91.44957739956004,78.39568964091367,91.4206321639458,101,112.0,1392.142857142857,1105,2.880000000000001,6.779999999999999,92.30552936700904,80.07699432673382,78.39568964091367,627.8036355215932,True,1
Fwy_10_E_physical_run_9,10,E,6,716187,774729,43.18,45.7,113,118,96.884527806723,96.88404538612946,80.6636177685153,96.46433946972328,80.6636177685153,96.46433946972328,117,117.5,1200.0,0,0.6400000000000006,2.520000000000003,96.88452780672301,80.66361776851531,80.66361776851531,568.678505268033,True,2
Fwy_10_E_physical_run_6,10,E,5,717185,717198,33.86,35.064,96,100,96.6354058122033,97.30230404075488,95.32071321060553,97.29940951719348,95.32071321060553,97.29940951719348,114,117.2,1440.0,1440,0.5600000000000023,1.2040000000000006,96.63540581220332,95.32071321060553,95.32071321060553,558.5793794141484,True,3
Fwy_210_E_physical_run_6,210,E,6,717638,717659,27.14,30.299,36,41,95.91148546949171,95.63505846937592,79.96941453436763,95.63505846937592,79.82372351510942,95.61769132800741,116,116.33333333333333,1200.0,0,1.0500000000000007,3.158999999999999,95.91148546949172,79.96941453436764,79.8237235151094,558.1865134498862,True,4
Fwy_10_W_physical_run_13,10,W,7,717245,774728,43.18,45.7,109,115,90.30169205577333,96.46868125506542,63.670834780595115,95.62348037513026,63.670834780595115,95.62348037513026,63,109.57142857142857,1234.2857142857142,0,0.8299999999999983,2.520000000000003,90.30169205577333,63.670834780595115,63.670834780595115,488.3553027671645,True,5
Fwy_10_E_physical_run_3,10,E,7,717077,717097,21.79,23.37,66,72,87.2277080335434,87.34803751302536,63.549678294381316,87.34224846590251,63.549678294381316,87.34224846590251,103,105.85714285714286,1234.2857142857142,0,0.5500000000000007,1.5800000000000018,87.2277080335434,63.549678294381316,63.549678294381316,470.90311616136563,True,6
Fwy_210_E_physical_run_4,210,E,7,769895,769819,15.68,19.98,18,24,67.47920078069436,71.49473196711821,67.47713326386477,71.49473196711821,67.47713326386477,71.49473196711821,51,81.71428571428571,1440.0,1440,1.3000000000000007,4.300000000000001,67.47920078069436,67.47713326386477,67.47713326386477,385.9692022693065,True,7
Fwy_10_W_physical_run_7,10,W,4,717160,775029,30.22,31.0,78,81,93.35055574852379,97.30230404075488,84.44917216626143,87.05424337154105,60.551985643163135,60.64316313534792,99,113.25,1440.0,1440,0.490000000000002,0.7800000000000011,93.35055574852379,84.44917216626143,60.551985643163135,382.5547499131643,True,8
Fwy_91_E_physical_run_8,91,E,6,717431,759980,11.958,13.408,27,32,88.68578981899579,96.5063100613639,58.054976650843265,72.79871483153872,58.054976650843265,72.79871483153872,76,107.5,1375.8333333333333,1055,0.5899999999999999,1.4499999999999993,88.68578981899579,58.05497665084327,58.05497665084327,374.4545993979391,True,9
Fwy_10_W_physical_run_4,10,W,8,717087,717116,22.45,24.3,56,63,72.47452819265949,86.09760333449114,50.94831828181081,69.87524603450272,50.94831828181081,69.87524603450272,5,88.0,1080.0,0,0.5700000000000003,1.8500000000000014,72.47452819265949,50.94831828181081,50.94831828181081,358.6761607039481,True,10
Fwy_10_W_physical_run_9,10,W,5,717187,717200,33.86,35.028,87,91,95.63505846937593,94.80143568368646,61.49241634826908,93.88387171471577,61.49241634826908,93.88387171471577,114,116.0,1152.0,0,0.509999999999998,1.1679999999999993,95.63505846937593,61.492416348269074,61.492416348269074,356.65601481996066,True,11
Fwy_134_E_physical_run_4,134,E,4,773927,717583,5.7,7.41,13,16,86.08023619312262,86.08023619312262,84.36812550654162,84.39417621859442,84.36812550654162,84.39417621859442,103,104.5,1440.0,1440,0.9299999999999997,1.71,86.08023619312262,84.36812550654162,84.36812550654162,352.65876461734393,True,12
Fwy_57_S_physical_run_1,57,S,4,763583,763573,16.942,18.178,7,10,90.81133495426651,91.82297093898343,79.18837559337733,88.94436725714948,79.18837559337733,88.94436725714948,102,110.25,1440.0,1440,0.5700000000000003,1.2360000000000007,90.81133495426653,79.18837559337733,79.18837559337733,349.22073636679403,True,13
Fwy_210_E_physical_run_11,210,E,4,761220,772903,39.339,40.189,58,61,65.37715642005325,81.4837327775848,65.37209100382077,81.48083825402338,65.37209100382077,81.48083825402338,14,79.0,1440.0,1440,0.5900000000000034,0.8500000000000014,65.37715642005325,65.37209100382077,65.37209100382077,206.57580757207364,True,14
Fwy_60_W_physical_run_2,60,W,5,766602,765461,29.111,30.335,66,70,80.54185481069817,88.16429315734631,40.95692948940605,36.91964802593493,40.95692948940605,36.91964802593493,66,97.4,1010.0,0,0.4640000000000022,1.2240000000000002,80.54185481069815,40.95692948940604,40.95692948940604,199.46024661340743,True,15
Fwy_210_W_physical_run_13,210,W,4,769722,772858,36.289,37.389,57,60,70.26745397707538,87.71564200532592,46.53308440430705,44.4352784531666,45.69946161861757,43.16747713326386,11,85.25,1318.75,955,0.5,1.1000000000000014,70.26745397707538,46.533084404307054,45.699461618617576,158.67781781868706,True,16
Fwy_5_S_physical_run_5,5,S,9,759762,716986,144.77,148.85,55,63,46.50180746915724,61.45652425610744,29.984047959039273,35.617112423295126,29.70585208341374,35.617112423295126,3,56.888888888888886,1239.4444444444443,0,0.8599999999999852,4.079999999999984,46.50180746915724,29.984047959039277,29.70585208341374,153.51832555028108,True,17
Fwy_210_W_physical_run_15,210,W,5,717676,717685,39.159,40.549,65,69,56.130021998379064,76.8988074562927,40.74505036470997,12.472502026166492,40.404654393886766,12.472502026166492,15,67.8,1152.0,0,0.6499999999999986,1.3900000000000006,56.130021998379064,40.74505036470997,40.404654393886766,138.1257207363668,True,18
Fwy_5_S_physical_run_4,5,S,4,718370,718376,138.04,139.33,43,46,60.74953687623018,74.01875651267801,39.92633437536182,33.28557369456988,39.92633437536182,33.28557369456988,3,73.75,720.0,0,0.7699999999999818,1.2900000000000205,60.749536876230174,39.92633437536182,39.92633437536182,117.78268640731736,True,19
Fwy_10_E_physical_run_7,10,E,6,717205,763479,36.09,39.09,102,107,36.52213345683301,8.548975338659258,32.56580216896299,0.8307282621280537,32.5411987186909,0.8177029061016556,5,44.333333333333336,992.5,0,1.4500000000000028,3.0,36.522133456833004,32.56580216896299,32.5411987186909,86.62503376944156,True,20
Fwy_91_W_physical_run_4,91,W,4,717397,717404,6.198,7.508,13,16,45.29422832001852,47.69306472154683,39.65931457682065,36.42323723515109,35.813216394581445,28.731040870672686,16,54.5,1440.0,1440,0.5,1.3099999999999996,45.294228320018526,39.659314576820655,35.81321639458145,86.45730577746903,True,21
Fwy_10_W_physical_run_10,10,W,7,717202,717224,35.93,37.55,93,99,17.709522155510346,6.6689822855158045,13.540167716965216,0.8336227856894756,13.540167716965216,0.8336227856894756,4,21.428571428571427,1090.7142857142858,0,0.5,1.6199999999999974,17.709522155510346,13.540167716965216,13.540167716965216,20.310251575447825,True,22
Fwy_23_N_physical_run_2,23,N,8,771329,771421,15.733,18.763,9,16,9.975613638995023,10.388445061942805,9.974890008104667,10.388445061942805,9.974890008104667,10.388445061942805,8,12.0,1440.0,1440,0.9299999999999979,3.030000000000001,9.975613638995021,9.974890008104666,9.974890008104666,9.57589440778048,True,23
Fwy_118_W_physical_run_2,118,W,6,772119,764076,23.361,25.131,5,10,9.13801088340859,9.13801088340859,9.003897958396047,9.13801088340859,9.003897958396047,9.13801088340859,11,11.0,1440.0,1440,0.9299999999999997,1.7699999999999996,9.13801088340859,9.003897958396047,9.003897958396047,5.942572652541391,True,24
Fwy_118_E_physical_run_9,118,E,5,771706,717536,37.431,39.361,38,42,9.471459997684383,10.805256454787544,9.471459997684383,10.805256454787544,9.471459997684383,10.805256454787544,9,11.4,1440.0,1440,0.6999999999999957,1.9299999999999997,9.47145999768438,9.47145999768438,9.47145999768438,5.398732198680097,True,25
