Fwy,Dir,physical_ml_stations,candidate_stations,min_abs_pm,max_abs_pm,candidate_share_pct,postmile_span
10,W,118,42,0.175,46.7,35.59322033898305,46.525000000000006
210,W,90,41,0.32,52.229,45.55555555555556,51.909
210,E,82,36,0.32,52.139,43.90243902439025,51.819
10,E,121,33,0.175,46.7,27.272727272727273,46.525000000000006
118,E,56,30,20.289,45.831,53.57142857142857,25.542
118,W,54,28,19.949,45.827,51.851851851851855,25.877999999999997
91,E,35,19,0.108,14.698,54.285714285714285,14.59
101,N,89,19,1.538,63.749,21.348314606741575,62.211000000000006
5,S,97,19,116.6,182.047,19.587628865979383,65.447
91,W,34,16,0.558,14.698,47.05882352941177,14.14
5,N,92,16,117.313,194.617,17.391304347826086,77.30399999999999
101,S,98,16,1.798,82.914,16.3265306122449,81.116
23,N,18,15,12.523,20.013,83.33333333333333,7.490000000000002
605,N,58,15,2.282,27.052,25.862068965517242,24.77
405,N,105,15,24.058,72.072,14.285714285714286,48.014
605,S,55,12,2.252,27.052,21.818181818181817,24.8
23,S,18,10,12.523,19.813,55.55555555555556,7.289999999999999
710,N,43,9,0.17,21.407,20.930232558139537,21.237
405,S,114,9,24.058,72.072,7.894736842105263,48.014
134,E,27,8,0.59,13.18,29.62962962962963,12.59
710,S,42,8,0.17,20.907,19.047619047619047,20.737
60,W,70,8,0.624,30.335,11.428571428571429,29.711000000000002
2,W,14,7,7.762,15.188,50.0,7.426000000000001
57,N,20,7,12.437,23.197,35.0,10.76
57,S,22,7,12.522,23.282,31.818181818181817,10.76
134,W,24,7,0.38,12.763,29.166666666666668,12.383
14,S,11,6,0.012,33.163,54.54545454545455,33.150999999999996
14,N,10,5,2.062,33.163,50.0,31.100999999999996
60,E,70,5,0.694,30.512,7.142857142857143,29.818
2,E,14,4,7.762,15.188,28.571428571428573,7.426000000000001
110,N,50,3,1.58,30.43,6.0,28.85
47,N,2,1,1.942,2.447,50.0,0.5050000000000001
90,E,6,1,0.009,2.466,16.666666666666668,2.4570000000000003
90,W,6,1,0.009,2.466,16.666666666666668,2.4570000000000003
105,W,39,1,0.6,17.9,2.5641025641025643,17.299999999999997
110,S,40,1,1.58,30.382,2.5,28.802
105,E,40,0,0.9,17.3,0.0,16.400000000000002
170,S,9,0,2.346,7.356,0.0,5.01
47,S,5,0,0.234,2.447,0.0,2.213
71,N,5,0,0.476,3.684,0.0,3.208
71,S,4,0,0.501,4.139,0.0,3.6380000000000003
170,N,3,0,3.046,7.356,0.0,4.3100000000000005
126,E,2,0,39.398,39.398,0.0,0.0
33,N,1,0,1.6,1.6,0.0,0.0
126,W,1,0,39.478,39.478,0.0,0.0
