window_minutes,corridor_episode_id,stations_with_state,classification,earliest_lag_minutes,latest_lag_minutes,lag_span_minutes
30,1,0,localized/no propagation,,,
30,2,3,partial propagation,-10.0,0.0,10.0
30,3,3,partial propagation,0.0,10.0,10.0
30,4,5,corridor-wide propagation,-5.0,5.0,10.0
30,5,3,partial propagation,0.0,0.0,0.0
30,6,3,partial propagation,-5.0,0.0,5.0
60,1,0,localized/no propagation,,,
60,2,3,partial propagation,-10.0,0.0,10.0
60,3,4,corridor-wide propagation,0.0,50.0,50.0
60,4,5,corridor-wide propagation,-5.0,5.0,10.0
60,5,3,partial propagation,0.0,0.0,0.0
60,6,3,partial propagation,-5.0,0.0,5.0
120,1,0,localized/no propagation,,,
120,2,3,partial propagation,-10.0,0.0,10.0
120,3,4,corridor-wide propagation,0.0,50.0,50.0
120,4,5,corridor-wide propagation,-5.0,5.0,10.0
120,5,5,corridor-wide propagation,0.0,110.0,110.0
120,6,3,partial propagation,-5.0,0.0,5.0
