rank,station_id,freeway,direction,days_present,days_run_ge120min,rows_ranking,positive_rows_ranking,rows,valid_coverage_rows,zero_rows,positive_rows,ge40_rows,ge80_rows,observed_sum,positive_pct_of_all_rows,zero_pct_of_all_rows,ge40_pct_of_all_rows,ge80_pct_of_all_rows,invalid_coverage_rows,mean_observed_pct_valid_rows,days_no_positive,no_positive_dates
1,717142,10.0,W,120,118,34548,33616,34548,34548,932,33616,33616,33613,3361525.0,97.30230404075489,2.697695959245108,97.30230404075489,97.29362047007062,0,97.30013314808383,2,2026-02-28; 2026-05-27
2,717150,10.0,W,120,118,34548,33616,34548,34548,932,33616,33616,33326,3343100.0,97.30230404075489,2.697695959245108,97.30230404075489,96.46289220794257,0,96.76681718189187,2,2026-02-28; 2026-05-27
3,717154,10.0,W,120,118,34548,33616,34548,34548,932,33616,33616,33615,3355800.0,97.30230404075489,2.697695959245108,97.30230404075489,97.29940951719347,0,97.13442167419242,2,2026-02-28; 2026-05-27
4,717160,10.0,W,120,118,34548,33616,34548,34548,932,33616,33616,33614,3361550.0,97.30230404075489,2.697695959245108,97.30230404075489,97.29651499363204,0,97.30085677897418,2,2026-02-28; 2026-05-27
5,717162,10.0,W,120,118,34548,33616,34548,34548,932,33616,33616,32579,2945920.0,97.30230404075489,2.697695959245108,97.30230404075489,94.3006831075605,0,85.2703485006368,2,2026-02-28; 2026-05-27
6,717165,10.0,E,120,118,34548,33616,34548,34548,932,33616,33616,22249,2490360.0,97.30230404075489,2.697695959245108,97.30230404075489,64.4002547180734,0,72.08405696422369,2,2026-02-28; 2026-05-27
7,717167,10.0,W,120,118,34548,33616,34548,34548,932,33616,33616,22937,2638260.0,97.30230404075489,2.697695959245108,97.30230404075489,66.3916869283316,0,76.36505731156652,2,2026-02-28; 2026-05-27
8,717174,10.0,E,120,118,34548,33616,34548,34548,932,33616,33616,33614,3361550.0,97.30230404075489,2.697695959245108,97.30230404075489,97.29651499363204,0,97.30085677897418,2,2026-02-28; 2026-05-27
9,717176,10.0,W,120,118,34548,33616,34548,34548,932,33616,33616,33318,3354125.0,97.30230404075489,2.697695959245108,97.30230404075489,96.4397360194512,0,97.08593840453861,2,2026-02-28; 2026-05-27
10,717179,10.0,E,120,118,34548,33616,34548,34548,932,33616,33323,288,1687875.0,97.30230404075489,2.697695959245108,96.4542086372583,0.8336227856894756,0,48.855939562348034,2,2026-02-28; 2026-05-27
11,717185,10.0,E,120,118,34548,33616,34548,34548,932,33616,33616,33616,3361600.0,97.30230404075489,2.697695959245108,97.30230404075489,97.30230404075489,0,97.30230404075489,2,2026-02-28; 2026-05-27
12,717190,10.0,E,120,118,34548,33616,34548,34548,932,33616,33616,33615,3361575.0,97.30230404075489,2.697695959245108,97.30230404075489,97.29940951719347,0,97.30158040986454,2,2026-02-28; 2026-05-27
13,717195,10.0,E,120,118,34548,33616,34548,34548,932,33616,33616,31636,3304900.0,97.30230404075489,2.697695959245108,97.30230404075489,91.57114738913975,0,95.66110918142874,2,2026-02-28; 2026-05-27
14,717196,10.0,W,120,118,34548,33616,34548,34548,932,33616,33616,8575,2181225.0,97.30230404075489,2.697695959245108,97.30230404075489,24.82053953919185,0,63.13607155262244,2,2026-02-28; 2026-05-27
15,717198,10.0,E,120,118,34548,33616,34548,34548,932,33616,33616,33616,3361600.0,97.30230404075489,2.697695959245108,97.30230404075489,97.30230404075489,0,97.30230404075489,2,2026-02-28; 2026-05-27
16,717200,10.0,W,120,118,34548,33616,34548,34548,932,33616,33616,32461,3332725.0,97.30230404075489,2.697695959245108,97.30230404075489,93.95912932731272,0,96.46651036239435,2,2026-02-28; 2026-05-27
17,717240,10.0,W,120,118,34548,33616,34548,34548,932,33616,33616,33021,3339200.0,97.30230404075489,2.697695959245108,97.30230404075489,95.58006252170892,0,96.65393076299641,2,2026-02-28; 2026-05-27
18,717241,10.0,E,120,118,34548,33616,34548,34548,932,33616,33616,33616,3361600.0,97.30230404075489,2.697695959245108,97.30230404075489,97.30230404075489,0,97.30230404075489,2,2026-02-28; 2026-05-27
19,717245,10.0,W,120,118,34548,33616,34548,34548,932,33616,33616,0,2521200.0,97.30230404075489,2.697695959245108,97.30230404075489,0.0,0,72.97672803056616,2,2026-02-28; 2026-05-27
20,717246,10.0,W,120,118,34548,33616,34548,34548,932,33616,33613,33610,3361300.0,97.30230404075489,2.697695959245108,97.29362047007062,97.28493689938637,0,97.29362047007062,2,2026-02-28; 2026-05-27
