date,corridor_id,weekday,station_count,station_intervals_ge80,station_intervals_below_speed_ge80,simultaneous_ge80_timestamps,simultaneous_ge80_any_below_speed_timestamps,am_simultaneous_ge80_timestamps,pm_simultaneous_ge80_timestamps
2026-02-01,Fwy_210_W_physical_run_4,False,7,1662,0,0,0,0,0
2026-02-01,Fwy_10_E_physical_run_6,False,5,1384,6,276,3,48,48
2026-02-01,Fwy_10_E_physical_run_9,False,6,1385,4,0,0,0,0
2026-02-01,Fwy_210_E_physical_run_6,False,6,1385,0,0,0,0,0
2026-02-01,Fwy_10_W_physical_run_13,False,7,1385,0,0,0,0,0
2026-02-02,Fwy_210_W_physical_run_4,True,7,1728,55,0,0,0,0
2026-02-02,Fwy_10_E_physical_run_6,True,5,1440,340,288,84,48,48
2026-02-02,Fwy_10_E_physical_run_9,True,6,1440,143,0,0,0,0
2026-02-02,Fwy_210_E_physical_run_6,True,6,1440,177,0,0,0,0
2026-02-02,Fwy_10_W_physical_run_13,True,7,1440,107,0,0,0,0
2026-02-03,Fwy_210_W_physical_run_4,True,7,1440,33,0,0,0,0
2026-02-03,Fwy_10_E_physical_run_6,True,5,1440,326,288,81,48,48
2026-02-03,Fwy_10_E_physical_run_9,True,6,1152,180,0,0,0,0
2026-02-03,Fwy_210_E_physical_run_6,True,6,1152,171,0,0,0,0
2026-02-03,Fwy_10_W_physical_run_13,True,7,864,155,0,0,0,0
2026-02-04,Fwy_210_W_physical_run_4,True,7,1440,104,0,0,0,0
2026-02-04,Fwy_10_E_physical_run_6,True,5,1440,364,288,95,48,48
2026-02-04,Fwy_10_E_physical_run_9,True,6,1440,182,0,0,0,0
2026-02-04,Fwy_210_E_physical_run_6,True,6,1440,116,0,0,0,0
2026-02-04,Fwy_10_W_physical_run_13,True,7,1440,126,0,0,0,0
2026-02-05,Fwy_210_W_physical_run_4,True,7,1728,114,0,0,0,0
2026-02-05,Fwy_10_E_physical_run_6,True,5,1440,195,288,56,48,48
2026-02-05,Fwy_10_E_physical_run_9,True,6,1440,166,0,0,0,0
2026-02-05,Fwy_210_E_physical_run_6,True,6,1440,207,0,0,0,0
2026-02-05,Fwy_10_W_physical_run_13,True,7,1440,133,0,0,0,0
2026-02-06,Fwy_210_W_physical_run_4,True,7,1728,26,0,0,0,0
2026-02-06,Fwy_10_E_physical_run_6,True,5,1440,364,288,89,48,48
2026-02-06,Fwy_10_E_physical_run_9,True,6,1440,280,0,0,0,0
2026-02-06,Fwy_210_E_physical_run_6,True,6,1440,225,0,0,0,0
2026-02-06,Fwy_10_W_physical_run_13,True,7,1440,49,0,0,0,0
2026-02-07,Fwy_210_W_physical_run_4,False,7,1152,0,0,0,0,0
2026-02-07,Fwy_10_E_physical_run_6,False,5,1440,222,288,54,48,48
2026-02-07,Fwy_10_E_physical_run_9,False,6,1152,184,0,0,0,0
2026-02-07,Fwy_210_E_physical_run_6,False,6,1440,94,0,0,0,0
2026-02-07,Fwy_10_W_physical_run_13,False,7,1440,0,0,0,0,0
2026-02-08,Fwy_210_W_physical_run_4,False,7,1440,0,0,0,0,0
2026-02-08,Fwy_10_E_physical_run_6,False,5,1152,0,0,0,0,0
2026-02-08,Fwy_10_E_physical_run_9,False,6,1440,29,0,0,0,0
2026-02-08,Fwy_210_E_physical_run_6,False,6,1440,101,0,0,0,0
2026-02-08,Fwy_10_W_physical_run_13,False,7,1437,12,0,0,0,0
2026-02-09,Fwy_210_W_physical_run_4,True,7,1728,5,0,0,0,0
2026-02-09,Fwy_10_E_physical_run_6,True,5,864,157,0,0,0,0
2026-02-09,Fwy_10_E_physical_run_9,True,6,1440,251,0,0,0,0
2026-02-09,Fwy_210_E_physical_run_6,True,6,1440,112,0,0,0,0
2026-02-09,Fwy_10_W_physical_run_13,True,7,1440,70,0,0,0,0
2026-02-10,Fwy_210_W_physical_run_4,True,7,1440,32,0,0,0,0
2026-02-10,Fwy_10_E_physical_run_6,True,5,1440,315,288,83,48,48
2026-02-10,Fwy_10_E_physical_run_9,True,6,1440,299,0,0,0,0
2026-02-10,Fwy_210_E_physical_run_6,True,6,1440,208,0,0,0,0
2026-02-10,Fwy_10_W_physical_run_13,True,7,1440,243,0,0,0,0
2026-02-11,Fwy_210_W_physical_run_4,True,7,1945,25,217,25,48,48
2026-02-11,Fwy_10_E_physical_run_6,True,5,1440,274,288,78,48,48
2026-02-11,Fwy_10_E_physical_run_9,True,6,1440,114,0,0,0,0
2026-02-11,Fwy_210_E_physical_run_6,True,6,1440,138,0,0,0,0
2026-02-11,Fwy_10_W_physical_run_13,True,7,1438,213,0,0,0,0
2026-02-12,Fwy_210_W_physical_run_4,True,7,1440,89,0,0,0,0
2026-02-12,Fwy_10_E_physical_run_6,True,5,1440,394,288,93,48,48
2026-02-12,Fwy_10_E_physical_run_9,True,6,1440,298,0,0,0,0
2026-02-12,Fwy_210_E_physical_run_6,True,6,1440,313,0,0,0,0
2026-02-12,Fwy_10_W_physical_run_13,True,7,1440,100,0,0,0,0
2026-02-13,Fwy_210_W_physical_run_4,True,7,1728,147,0,0,0,0
2026-02-13,Fwy_10_E_physical_run_6,True,5,1440,367,288,96,48,48
2026-02-13,Fwy_10_E_physical_run_9,True,6,1440,463,0,0,0,0
2026-02-13,Fwy_210_E_physical_run_6,True,6,1440,414,0,0,0,0
2026-02-13,Fwy_10_W_physical_run_13,True,7,1440,16,0,0,0,0
2026-02-14,Fwy_210_W_physical_run_4,False,7,1440,0,0,0,0,0
2026-02-14,Fwy_10_E_physical_run_6,False,5,1440,205,288,64,48,48
2026-02-14,Fwy_10_E_physical_run_9,False,6,1432,152,0,0,0,0
2026-02-14,Fwy_210_E_physical_run_6,False,6,1440,126,0,0,0,0
2026-02-14,Fwy_10_W_physical_run_13,False,7,1440,69,0,0,0,0
2026-02-15,Fwy_210_W_physical_run_4,False,7,1440,0,0,0,0,0
2026-02-15,Fwy_10_E_physical_run_6,False,5,1440,0,288,0,48,48
2026-02-15,Fwy_10_E_physical_run_9,False,6,1440,0,0,0,0,0
2026-02-15,Fwy_210_E_physical_run_6,False,6,864,14,0,0,0,0
2026-02-15,Fwy_10_W_physical_run_13,False,7,1440,0,0,0,0,0
2026-02-16,Fwy_210_W_physical_run_4,True,7,1439,26,0,0,0,0
2026-02-16,Fwy_10_E_physical_run_6,True,5,1440,199,288,67,48,48
2026-02-16,Fwy_10_E_physical_run_9,True,6,1440,314,0,0,0,0
2026-02-16,Fwy_210_E_physical_run_6,True,6,1440,35,0,0,0,0
2026-02-16,Fwy_10_W_physical_run_13,True,7,1440,125,0,0,0,0
2026-02-17,Fwy_210_W_physical_run_4,True,7,1440,139,0,0,0,0
2026-02-17,Fwy_10_E_physical_run_6,True,5,1440,151,288,40,48,48
2026-02-17,Fwy_10_E_physical_run_9,True,6,1440,37,0,0,0,0
2026-02-17,Fwy_210_E_physical_run_6,True,6,1440,107,0,0,0,0
2026-02-17,Fwy_10_W_physical_run_13,True,7,1440,29,0,0,0,0
2026-02-18,Fwy_210_W_physical_run_4,True,7,1728,122,0,0,0,0
2026-02-18,Fwy_10_E_physical_run_6,True,5,1440,306,288,79,48,48
2026-02-18,Fwy_10_E_physical_run_9,True,6,1440,77,0,0,0,0
2026-02-18,Fwy_210_E_physical_run_6,True,6,1440,168,0,0,0,0
2026-02-18,Fwy_10_W_physical_run_13,True,7,1440,151,0,0,0,0
2026-02-19,Fwy_210_W_physical_run_4,True,7,1728,32,0,0,0,0
2026-02-19,Fwy_10_E_physical_run_6,True,5,1152,265,0,0,0,0
2026-02-19,Fwy_10_E_physical_run_9,True,6,1440,370,0,0,0,0
2026-02-19,Fwy_210_E_physical_run_6,True,6,1440,105,0,0,0,0
2026-02-19,Fwy_10_W_physical_run_13,True,7,1440,65,0,0,0,0
2026-02-20,Fwy_210_W_physical_run_4,True,7,1728,157,0,0,0,0
2026-02-20,Fwy_10_E_physical_run_6,True,5,1440,265,288,86,48,48
2026-02-20,Fwy_10_E_physical_run_9,True,6,1440,493,0,0,0,0
2026-02-20,Fwy_210_E_physical_run_6,True,6,1440,308,0,0,0,0
2026-02-20,Fwy_10_W_physical_run_13,True,7,1439,20,0,0,0,0
2026-02-21,Fwy_210_W_physical_run_4,False,7,1728,57,0,0,0,0
2026-02-21,Fwy_10_E_physical_run_6,False,5,1440,248,288,65,48,48
2026-02-21,Fwy_10_E_physical_run_9,False,6,1440,327,0,0,0,0
2026-02-21,Fwy_210_E_physical_run_6,False,6,1440,263,0,0,0,0
2026-02-21,Fwy_10_W_physical_run_13,False,7,1440,59,0,0,0,0
2026-02-22,Fwy_210_W_physical_run_4,False,7,1728,0,0,0,0,0
2026-02-22,Fwy_10_E_physical_run_6,False,5,1440,7,288,3,48,48
2026-02-22,Fwy_10_E_physical_run_9,False,6,1440,7,0,0,0,0
2026-02-22,Fwy_210_E_physical_run_6,False,6,1440,5,0,0,0,0
2026-02-22,Fwy_10_W_physical_run_13,False,7,1440,4,0,0,0,0
2026-02-23,Fwy_210_W_physical_run_4,True,7,1440,57,0,0,0,0
2026-02-23,Fwy_10_E_physical_run_6,True,5,1440,350,288,90,48,48
2026-02-23,Fwy_10_E_physical_run_9,True,6,1440,360,0,0,0,0
2026-02-23,Fwy_210_E_physical_run_6,True,6,1440,224,0,0,0,0
2026-02-23,Fwy_10_W_physical_run_13,True,7,1440,234,0,0,0,0
2026-02-24,Fwy_210_W_physical_run_4,True,7,1728,89,0,0,0,0
2026-02-24,Fwy_10_E_physical_run_6,True,5,1440,394,288,104,48,48
2026-02-24,Fwy_10_E_physical_run_9,True,6,1440,300,0,0,0,0
2026-02-24,Fwy_210_E_physical_run_6,True,6,1440,229,0,0,0,0
2026-02-24,Fwy_10_W_physical_run_13,True,7,1440,168,0,0,0,0
2026-02-25,Fwy_210_W_physical_run_4,True,7,1728,110,0,0,0,0
2026-02-25,Fwy_10_E_physical_run_6,True,5,1440,338,288,90,48,48
2026-02-25,Fwy_10_E_physical_run_9,True,6,1440,226,0,0,0,0
2026-02-25,Fwy_210_E_physical_run_6,True,6,1440,260,0,0,0,0
2026-02-25,Fwy_10_W_physical_run_13,True,7,1440,444,0,0,0,0
2026-02-26,Fwy_210_W_physical_run_4,True,7,1728,158,0,0,0,0
2026-02-26,Fwy_10_E_physical_run_6,True,5,1440,474,288,114,48,48
2026-02-26,Fwy_10_E_physical_run_9,True,6,1439,295,0,0,0,0
2026-02-26,Fwy_210_E_physical_run_6,True,6,1440,227,0,0,0,0
2026-02-26,Fwy_10_W_physical_run_13,True,7,1152,257,0,0,0,0
2026-02-27,Fwy_210_W_physical_run_4,True,7,1626,227,0,0,0,0
2026-02-27,Fwy_10_E_physical_run_6,True,5,1355,513,271,123,48,48
2026-02-27,Fwy_10_E_physical_run_9,True,6,1355,499,0,0,0,0
2026-02-27,Fwy_210_E_physical_run_6,True,6,1355,375,0,0,0,0
2026-02-27,Fwy_10_W_physical_run_13,True,7,1355,125,0,0,0,0
2026-02-28,Fwy_210_W_physical_run_4,False,7,0,0,0,0,0,0
2026-02-28,Fwy_10_E_physical_run_6,False,5,0,0,0,0,0,0
2026-02-28,Fwy_10_E_physical_run_9,False,6,0,0,0,0,0,0
2026-02-28,Fwy_210_E_physical_run_6,False,6,0,0,0,0,0,0
2026-02-28,Fwy_10_W_physical_run_13,False,7,0,0,0,0,0,0
2026-03-01,Fwy_210_W_physical_run_4,False,7,1723,22,0,0,0,0
2026-03-01,Fwy_10_E_physical_run_6,False,5,1440,0,288,0,48,48
2026-03-01,Fwy_10_E_physical_run_9,False,6,1440,38,0,0,0,0
2026-03-01,Fwy_210_E_physical_run_6,False,6,0,0,0,0,0,0
2026-03-01,Fwy_10_W_physical_run_13,False,7,1440,1,0,0,0,0
2026-03-02,Fwy_210_W_physical_run_4,True,7,1728,122,0,0,0,0
2026-03-02,Fwy_10_E_physical_run_6,True,5,1437,476,285,111,48,48
2026-03-02,Fwy_10_E_physical_run_9,True,6,1440,273,0,0,0,0
2026-03-02,Fwy_210_E_physical_run_6,True,6,1440,207,0,0,0,0
2026-03-02,Fwy_10_W_physical_run_13,True,7,1440,260,0,0,0,0
2026-03-03,Fwy_210_W_physical_run_4,True,7,1723,96,0,0,0,0
2026-03-03,Fwy_10_E_physical_run_6,True,5,1152,487,0,0,0,0
2026-03-03,Fwy_10_E_physical_run_9,True,6,1440,171,0,0,0,0
2026-03-03,Fwy_210_E_physical_run_6,True,6,1440,159,0,0,0,0
2026-03-03,Fwy_10_W_physical_run_13,True,7,1440,272,0,0,0,0
2026-03-04,Fwy_210_W_physical_run_4,True,7,1152,11,0,0,0,0
2026-03-04,Fwy_10_E_physical_run_6,True,5,1440,641,288,146,48,48
2026-03-04,Fwy_10_E_physical_run_9,True,6,1440,194,0,0,0,0
2026-03-04,Fwy_210_E_physical_run_6,True,6,1440,91,0,0,0,0
2026-03-04,Fwy_10_W_physical_run_13,True,7,1440,284,0,0,0,0
2026-03-05,Fwy_210_W_physical_run_4,True,7,1440,111,0,0,0,0
2026-03-05,Fwy_10_E_physical_run_6,True,5,1440,549,288,144,48,48
2026-03-05,Fwy_10_E_physical_run_9,True,6,1440,355,0,0,0,0
2026-03-05,Fwy_210_E_physical_run_6,True,6,1440,85,0,0,0,0
2026-03-05,Fwy_10_W_physical_run_13,True,7,1440,251,0,0,0,0
2026-03-06,Fwy_210_W_physical_run_4,True,7,1440,70,0,0,0,0
2026-03-06,Fwy_10_E_physical_run_6,True,5,1440,404,288,102,48,48
2026-03-06,Fwy_10_E_physical_run_9,True,6,1440,516,0,0,0,0
2026-03-06,Fwy_210_E_physical_run_6,True,6,1440,279,0,0,0,0
2026-03-06,Fwy_10_W_physical_run_13,True,7,1440,87,0,0,0,0
2026-03-07,Fwy_210_W_physical_run_4,False,7,1152,0,0,0,0,0
2026-03-07,Fwy_10_E_physical_run_6,False,5,1440,181,288,46,48,48
2026-03-07,Fwy_10_E_physical_run_9,False,6,1440,225,0,0,0,0
2026-03-07,Fwy_210_E_physical_run_6,False,6,1440,214,0,0,0,0
2026-03-07,Fwy_10_W_physical_run_13,False,7,1440,5,0,0,0,0
2026-03-08,Fwy_210_W_physical_run_4,False,7,1380,0,0,0,0,0
2026-03-08,Fwy_10_E_physical_run_6,False,5,1379,1,275,1,48,48
2026-03-08,Fwy_10_E_physical_run_9,False,6,1380,2,0,0,0,0
2026-03-08,Fwy_210_E_physical_run_6,False,6,1380,37,0,0,0,0
2026-03-08,Fwy_10_W_physical_run_13,False,7,1380,0,0,0,0,0
2026-03-09,Fwy_210_W_physical_run_4,True,7,1440,54,0,0,0,0
2026-03-09,Fwy_10_E_physical_run_6,True,5,1152,284,0,0,0,0
2026-03-09,Fwy_10_E_physical_run_9,True,6,1440,267,0,0,0,0
2026-03-09,Fwy_210_E_physical_run_6,True,6,1440,122,0,0,0,0
2026-03-09,Fwy_10_W_physical_run_13,True,7,1438,185,0,0,0,0
2026-03-10,Fwy_210_W_physical_run_4,True,7,1440,102,0,0,0,0
2026-03-10,Fwy_10_E_physical_run_6,True,5,1440,318,288,83,48,48
2026-03-10,Fwy_10_E_physical_run_9,True,6,1440,285,0,0,0,0
2026-03-10,Fwy_210_E_physical_run_6,True,6,1440,150,0,0,0,0
2026-03-10,Fwy_10_W_physical_run_13,True,7,1440,187,0,0,0,0
2026-03-11,Fwy_210_W_physical_run_4,True,7,1440,77,0,0,0,0
2026-03-11,Fwy_10_E_physical_run_6,True,5,1440,335,288,90,48,48
2026-03-11,Fwy_10_E_physical_run_9,True,6,1440,279,0,0,0,0
2026-03-11,Fwy_210_E_physical_run_6,True,6,1440,247,0,0,0,0
2026-03-11,Fwy_10_W_physical_run_13,True,7,1440,246,0,0,0,0
2026-03-12,Fwy_210_W_physical_run_4,True,7,1645,156,0,0,0,0
2026-03-12,Fwy_10_E_physical_run_6,True,5,1440,400,288,96,48,48
2026-03-12,Fwy_10_E_physical_run_9,True,6,1440,395,0,0,0,0
2026-03-12,Fwy_210_E_physical_run_6,True,6,1438,188,0,0,0,0
2026-03-12,Fwy_10_W_physical_run_13,True,7,1440,223,0,0,0,0
2026-03-13,Fwy_210_W_physical_run_4,True,7,1440,89,0,0,0,0
2026-03-13,Fwy_10_E_physical_run_6,True,5,1440,463,288,107,48,48
2026-03-13,Fwy_10_E_physical_run_9,True,6,1440,391,0,0,0,0
2026-03-13,Fwy_210_E_physical_run_6,True,6,1440,264,0,0,0,0
2026-03-13,Fwy_10_W_physical_run_13,True,7,1440,93,0,0,0,0
2026-03-14,Fwy_210_W_physical_run_4,False,7,1601,2,0,0,0,0
2026-03-14,Fwy_10_E_physical_run_6,False,5,1152,115,0,0,0,0
2026-03-14,Fwy_10_E_physical_run_9,False,6,1440,143,0,0,0,0
2026-03-14,Fwy_210_E_physical_run_6,False,6,1440,155,0,0,0,0
2026-03-14,Fwy_10_W_physical_run_13,False,7,1440,11,0,0,0,0
2026-03-15,Fwy_210_W_physical_run_4,False,7,1152,0,0,0,0,0
2026-03-15,Fwy_10_E_physical_run_6,False,5,1152,15,0,0,0,0
2026-03-15,Fwy_10_E_physical_run_9,False,6,1152,0,0,0,0,0
2026-03-15,Fwy_210_E_physical_run_6,False,6,1440,0,0,0,0,0
2026-03-15,Fwy_10_W_physical_run_13,False,7,1152,0,0,0,0,0
2026-03-16,Fwy_210_W_physical_run_4,True,7,1152,66,0,0,0,0
2026-03-16,Fwy_10_E_physical_run_6,True,5,1440,331,288,75,48,48
2026-03-16,Fwy_10_E_physical_run_9,True,6,1440,247,0,0,0,0
2026-03-16,Fwy_210_E_physical_run_6,True,6,1440,120,0,0,0,0
2026-03-16,Fwy_10_W_physical_run_13,True,7,1440,185,0,0,0,0
2026-03-17,Fwy_210_W_physical_run_4,True,7,1152,75,0,0,0,0
2026-03-17,Fwy_10_E_physical_run_6,True,5,1440,352,288,91,48,48
2026-03-17,Fwy_10_E_physical_run_9,True,6,1440,308,0,0,0,0
2026-03-17,Fwy_210_E_physical_run_6,True,6,1440,200,0,0,0,0
2026-03-17,Fwy_10_W_physical_run_13,True,7,1440,248,0,0,0,0
2026-03-18,Fwy_210_W_physical_run_4,True,7,1152,87,0,0,0,0
2026-03-18,Fwy_10_E_physical_run_6,True,5,1440,366,288,95,48,48
2026-03-18,Fwy_10_E_physical_run_9,True,6,1440,226,0,0,0,0
2026-03-18,Fwy_210_E_physical_run_6,True,6,1440,225,0,0,0,0
2026-03-18,Fwy_10_W_physical_run_13,True,7,1440,265,0,0,0,0
2026-03-19,Fwy_210_W_physical_run_4,True,7,1440,124,0,0,0,0
2026-03-19,Fwy_10_E_physical_run_6,True,5,1440,424,288,116,48,48
2026-03-19,Fwy_10_E_physical_run_9,True,6,1440,247,0,0,0,0
2026-03-19,Fwy_210_E_physical_run_6,True,6,1440,209,0,0,0,0
2026-03-19,Fwy_10_W_physical_run_13,True,7,1440,259,0,0,0,0
2026-03-20,Fwy_210_W_physical_run_4,True,7,1440,101,0,0,0,0
2026-03-20,Fwy_10_E_physical_run_6,True,5,1440,433,288,100,48,48
2026-03-20,Fwy_10_E_physical_run_9,True,6,1440,540,0,0,0,0
2026-03-20,Fwy_210_E_physical_run_6,True,6,1440,274,0,0,0,0
2026-03-20,Fwy_10_W_physical_run_13,True,7,1440,111,0,0,0,0
2026-03-21,Fwy_210_W_physical_run_4,False,7,1728,0,0,0,0,0
2026-03-21,Fwy_10_E_physical_run_6,False,5,1440,198,288,63,48,48
2026-03-21,Fwy_10_E_physical_run_9,False,6,1440,180,0,0,0,0
2026-03-21,Fwy_210_E_physical_run_6,False,6,1440,193,0,0,0,0
2026-03-21,Fwy_10_W_physical_run_13,False,7,1440,15,0,0,0,0
2026-03-22,Fwy_210_W_physical_run_4,False,7,1440,0,0,0,0,0
2026-03-22,Fwy_10_E_physical_run_6,False,5,1440,65,288,18,48,48
2026-03-22,Fwy_10_E_physical_run_9,False,6,1440,89,0,0,0,0
2026-03-22,Fwy_210_E_physical_run_6,False,6,1440,0,0,0,0,0
2026-03-22,Fwy_10_W_physical_run_13,False,7,1440,6,0,0,0,0
2026-03-23,Fwy_210_W_physical_run_4,True,7,1728,44,0,0,0,0
2026-03-23,Fwy_10_E_physical_run_6,True,5,1440,339,288,79,48,48
2026-03-23,Fwy_10_E_physical_run_9,True,6,1440,221,0,0,0,0
2026-03-23,Fwy_210_E_physical_run_6,True,6,1440,127,0,0,0,0
2026-03-23,Fwy_10_W_physical_run_13,True,7,1439,236,0,0,0,0
2026-03-24,Fwy_210_W_physical_run_4,True,7,1440,61,0,0,0,0
2026-03-24,Fwy_10_E_physical_run_6,True,5,1440,320,288,87,48,48
2026-03-24,Fwy_10_E_physical_run_9,True,6,1440,243,0,0,0,0
2026-03-24,Fwy_210_E_physical_run_6,True,6,1440,128,0,0,0,0
2026-03-24,Fwy_10_W_physical_run_13,True,7,1440,275,0,0,0,0
2026-03-25,Fwy_210_W_physical_run_4,True,7,1728,111,0,0,0,0
2026-03-25,Fwy_10_E_physical_run_6,True,5,1440,348,288,93,48,48
2026-03-25,Fwy_10_E_physical_run_9,True,6,1440,257,0,0,0,0
2026-03-25,Fwy_210_E_physical_run_6,True,6,1440,198,0,0,0,0
2026-03-25,Fwy_10_W_physical_run_13,True,7,1440,255,0,0,0,0
2026-03-26,Fwy_210_W_physical_run_4,True,7,1728,154,0,0,0,0
2026-03-26,Fwy_10_E_physical_run_6,True,5,1440,364,288,102,48,48
2026-03-26,Fwy_10_E_physical_run_9,True,6,1440,287,0,0,0,0
2026-03-26,Fwy_210_E_physical_run_6,True,6,1440,267,0,0,0,0
2026-03-26,Fwy_10_W_physical_run_13,True,7,1440,233,0,0,0,0
2026-03-27,Fwy_210_W_physical_run_4,True,7,1440,74,0,0,0,0
2026-03-27,Fwy_10_E_physical_run_6,True,5,1440,438,288,115,48,48
2026-03-27,Fwy_10_E_physical_run_9,True,6,1440,462,0,0,0,0
2026-03-27,Fwy_210_E_physical_run_6,True,6,1440,310,0,0,0,0
2026-03-27,Fwy_10_W_physical_run_13,True,7,1440,131,0,0,0,0
2026-03-28,Fwy_210_W_physical_run_4,False,7,1728,0,0,0,0,0
2026-03-28,Fwy_10_E_physical_run_6,False,5,1440,213,288,67,48,48
2026-03-28,Fwy_10_E_physical_run_9,False,6,1440,164,0,0,0,0
2026-03-28,Fwy_210_E_physical_run_6,False,6,1440,238,0,0,0,0
2026-03-28,Fwy_10_W_physical_run_13,False,7,1440,0,0,0,0,0
2026-03-29,Fwy_210_W_physical_run_4,False,7,1728,0,0,0,0,0
2026-03-29,Fwy_10_E_physical_run_6,False,5,1440,0,288,0,48,48
2026-03-29,Fwy_10_E_physical_run_9,False,6,1440,3,0,0,0,0
2026-03-29,Fwy_210_E_physical_run_6,False,6,1440,14,0,0,0,0
2026-03-29,Fwy_10_W_physical_run_13,False,7,1440,33,0,0,0,0
2026-03-30,Fwy_210_W_physical_run_4,True,7,1728,0,0,0,0,0
2026-03-30,Fwy_10_E_physical_run_6,True,5,1439,171,287,55,48,48
2026-03-30,Fwy_10_E_physical_run_9,True,6,1440,81,0,0,0,0
2026-03-30,Fwy_210_E_physical_run_6,True,6,1440,131,0,0,0,0
2026-03-30,Fwy_10_W_physical_run_13,True,7,1440,78,0,0,0,0
2026-03-31,Fwy_210_W_physical_run_4,True,7,1440,0,0,0,0,0
2026-03-31,Fwy_10_E_physical_run_6,True,5,1152,94,0,0,0,0
2026-03-31,Fwy_10_E_physical_run_9,True,6,1440,58,0,0,0,0
2026-03-31,Fwy_210_E_physical_run_6,True,6,1440,118,0,0,0,0
2026-03-31,Fwy_10_W_physical_run_13,True,7,1440,61,0,0,0,0
2026-04-01,Fwy_210_W_physical_run_4,True,7,1953,76,225,31,48,48
2026-04-01,Fwy_10_E_physical_run_6,True,5,1440,228,288,76,48,48
2026-04-01,Fwy_10_E_physical_run_9,True,6,1440,92,0,0,0,0
2026-04-01,Fwy_210_E_physical_run_6,True,6,1440,231,0,0,0,0
2026-04-01,Fwy_10_W_physical_run_13,True,7,1440,129,0,0,0,0
2026-04-02,Fwy_210_W_physical_run_4,True,7,1728,17,0,0,0,0
2026-04-02,Fwy_10_E_physical_run_6,True,5,1440,224,288,68,48,48
2026-04-02,Fwy_10_E_physical_run_9,True,6,1440,136,0,0,0,0
2026-04-02,Fwy_210_E_physical_run_6,True,6,1440,211,0,0,0,0
2026-04-02,Fwy_10_W_physical_run_13,True,7,1440,30,0,0,0,0
2026-04-03,Fwy_210_W_physical_run_4,True,7,1440,10,0,0,0,0
2026-04-03,Fwy_10_E_physical_run_6,True,5,1440,190,288,62,48,48
2026-04-03,Fwy_10_E_physical_run_9,True,6,1440,201,0,0,0,0
2026-04-03,Fwy_210_E_physical_run_6,True,6,1440,222,0,0,0,0
2026-04-03,Fwy_10_W_physical_run_13,True,7,1174,38,0,0,0,0
2026-04-04,Fwy_210_W_physical_run_4,False,7,1728,0,0,0,0,0
2026-04-04,Fwy_10_E_physical_run_6,False,5,1440,121,288,34,48,48
2026-04-04,Fwy_10_E_physical_run_9,False,6,1440,108,0,0,0,0
2026-04-04,Fwy_210_E_physical_run_6,False,6,1440,121,0,0,0,0
2026-04-04,Fwy_10_W_physical_run_13,False,7,1152,13,0,0,0,0
2026-04-05,Fwy_210_W_physical_run_4,False,7,1728,0,0,0,0,0
2026-04-05,Fwy_10_E_physical_run_6,False,5,1440,24,288,11,48,48
2026-04-05,Fwy_10_E_physical_run_9,False,6,1440,6,0,0,0,0
2026-04-05,Fwy_210_E_physical_run_6,False,6,1440,101,0,0,0,0
2026-04-05,Fwy_10_W_physical_run_13,False,7,1152,35,0,0,0,0
2026-04-06,Fwy_210_W_physical_run_4,True,7,1728,34,0,0,0,0
2026-04-06,Fwy_10_E_physical_run_6,True,5,1440,324,288,80,48,48
2026-04-06,Fwy_10_E_physical_run_9,True,6,1440,268,0,0,0,0
2026-04-06,Fwy_210_E_physical_run_6,True,6,1440,131,0,0,0,0
2026-04-06,Fwy_10_W_physical_run_13,True,7,1152,139,0,0,0,0
2026-04-07,Fwy_210_W_physical_run_4,True,7,1728,64,0,0,0,0
2026-04-07,Fwy_10_E_physical_run_6,True,5,1440,289,288,82,48,48
2026-04-07,Fwy_10_E_physical_run_9,True,6,1440,245,0,0,0,0
2026-04-07,Fwy_210_E_physical_run_6,True,6,1440,170,0,0,0,0
2026-04-07,Fwy_10_W_physical_run_13,True,7,1152,92,0,0,0,0
2026-04-08,Fwy_210_W_physical_run_4,True,7,1728,58,0,0,0,0
2026-04-08,Fwy_10_E_physical_run_6,True,5,1440,303,288,78,48,48
2026-04-08,Fwy_10_E_physical_run_9,True,6,1440,351,0,0,0,0
2026-04-08,Fwy_210_E_physical_run_6,True,6,1440,152,0,0,0,0
2026-04-08,Fwy_10_W_physical_run_13,True,7,1152,100,0,0,0,0
2026-04-09,Fwy_210_W_physical_run_4,True,7,1728,66,0,0,0,0
2026-04-09,Fwy_10_E_physical_run_6,True,5,1440,260,288,68,48,48
2026-04-09,Fwy_10_E_physical_run_9,True,6,1440,462,0,0,0,0
2026-04-09,Fwy_210_E_physical_run_6,True,6,1440,253,0,0,0,0
2026-04-09,Fwy_10_W_physical_run_13,True,7,1152,136,0,0,0,0
2026-04-10,Fwy_210_W_physical_run_4,True,7,1949,56,221,21,48,48
2026-04-10,Fwy_10_E_physical_run_6,True,5,1440,250,288,73,48,48
2026-04-10,Fwy_10_E_physical_run_9,True,6,1440,339,0,0,0,0
2026-04-10,Fwy_210_E_physical_run_6,True,6,1440,173,0,0,0,0
2026-04-10,Fwy_10_W_physical_run_13,True,7,1152,55,0,0,0,0
2026-04-11,Fwy_210_W_physical_run_4,False,7,1917,2,189,2,35,48
2026-04-11,Fwy_10_E_physical_run_6,False,5,1440,200,288,48,48,48
2026-04-11,Fwy_10_E_physical_run_9,False,6,1440,116,0,0,0,0
2026-04-11,Fwy_210_E_physical_run_6,False,6,1440,37,0,0,0,0
2026-04-11,Fwy_10_W_physical_run_13,False,7,1152,2,0,0,0,0
2026-04-12,Fwy_210_W_physical_run_4,False,7,1728,1,0,0,0,0
2026-04-12,Fwy_10_E_physical_run_6,False,5,1440,0,288,0,48,48
2026-04-12,Fwy_10_E_physical_run_9,False,6,1440,2,0,0,0,0
2026-04-12,Fwy_210_E_physical_run_6,False,6,1436,24,0,0,0,0
2026-04-12,Fwy_10_W_physical_run_13,False,7,1150,40,0,0,0,0
2026-04-13,Fwy_210_W_physical_run_4,True,7,1728,70,0,0,0,0
2026-04-13,Fwy_10_E_physical_run_6,True,5,1440,192,288,54,48,48
2026-04-13,Fwy_10_E_physical_run_9,True,6,1440,164,0,0,0,0
2026-04-13,Fwy_210_E_physical_run_6,True,6,1440,79,0,0,0,0
2026-04-13,Fwy_10_W_physical_run_13,True,7,1152,212,0,0,0,0
2026-04-14,Fwy_210_W_physical_run_4,True,7,1728,75,0,0,0,0
2026-04-14,Fwy_10_E_physical_run_6,True,5,1440,373,288,92,48,48
2026-04-14,Fwy_10_E_physical_run_9,True,6,1440,260,0,0,0,0
2026-04-14,Fwy_210_E_physical_run_6,True,6,1440,159,0,0,0,0
2026-04-14,Fwy_10_W_physical_run_13,True,7,1152,202,0,0,0,0
2026-04-15,Fwy_210_W_physical_run_4,True,7,1728,43,0,0,0,0
2026-04-15,Fwy_10_E_physical_run_6,True,5,1440,329,288,87,48,48
2026-04-15,Fwy_10_E_physical_run_9,True,6,1440,254,0,0,0,0
2026-04-15,Fwy_210_E_physical_run_6,True,6,1440,173,0,0,0,0
2026-04-15,Fwy_10_W_physical_run_13,True,7,1152,147,0,0,0,0
2026-04-16,Fwy_210_W_physical_run_4,True,7,1440,61,0,0,0,0
2026-04-16,Fwy_10_E_physical_run_6,True,5,1440,443,288,110,48,48
2026-04-16,Fwy_10_E_physical_run_9,True,6,1440,345,0,0,0,0
2026-04-16,Fwy_210_E_physical_run_6,True,6,1440,334,0,0,0,0
2026-04-16,Fwy_10_W_physical_run_13,True,7,1152,153,0,0,0,0
2026-04-17,Fwy_210_W_physical_run_4,True,7,1728,113,0,0,0,0
2026-04-17,Fwy_10_E_physical_run_6,True,5,1440,340,288,84,48,48
2026-04-17,Fwy_10_E_physical_run_9,True,6,1440,441,0,0,0,0
2026-04-17,Fwy_210_E_physical_run_6,True,6,1440,213,0,0,0,0
2026-04-17,Fwy_10_W_physical_run_13,True,7,1152,25,0,0,0,0
2026-04-18,Fwy_210_W_physical_run_4,False,7,1907,0,179,0,25,48
2026-04-18,Fwy_10_E_physical_run_6,False,5,1440,191,288,61,48,48
2026-04-18,Fwy_10_E_physical_run_9,False,6,1440,196,0,0,0,0
2026-04-18,Fwy_210_E_physical_run_6,False,6,1440,135,0,0,0,0
2026-04-18,Fwy_10_W_physical_run_13,False,7,1152,0,0,0,0,0
2026-04-19,Fwy_210_W_physical_run_4,False,7,1728,0,0,0,0,0
2026-04-19,Fwy_10_E_physical_run_6,False,5,1440,0,288,0,48,48
2026-04-19,Fwy_10_E_physical_run_9,False,6,1440,56,0,0,0,0
2026-04-19,Fwy_210_E_physical_run_6,False,6,1440,1,0,0,0,0
2026-04-19,Fwy_10_W_physical_run_13,False,7,1152,0,0,0,0,0
2026-04-20,Fwy_210_W_physical_run_4,True,7,1728,70,0,0,0,0
2026-04-20,Fwy_10_E_physical_run_6,True,5,1440,304,288,80,48,48
2026-04-20,Fwy_10_E_physical_run_9,True,6,1440,281,0,0,0,0
2026-04-20,Fwy_210_E_physical_run_6,True,6,1440,104,0,0,0,0
2026-04-20,Fwy_10_W_physical_run_13,True,7,1152,189,0,0,0,0
2026-04-21,Fwy_210_W_physical_run_4,True,7,1728,113,0,0,0,0
2026-04-21,Fwy_10_E_physical_run_6,True,5,1440,271,288,80,48,48
2026-04-21,Fwy_10_E_physical_run_9,True,6,1440,230,0,0,0,0
2026-04-21,Fwy_210_E_physical_run_6,True,6,1440,179,0,0,0,0
2026-04-21,Fwy_10_W_physical_run_13,True,7,1152,234,0,0,0,0
2026-04-22,Fwy_210_W_physical_run_4,True,7,1933,79,205,33,48,48
2026-04-22,Fwy_10_E_physical_run_6,True,5,1440,342,288,94,48,48
2026-04-22,Fwy_10_E_physical_run_9,True,6,1440,276,0,0,0,0
2026-04-22,Fwy_210_E_physical_run_6,True,6,1440,160,0,0,0,0
2026-04-22,Fwy_10_W_physical_run_13,True,7,1152,122,0,0,0,0
2026-04-23,Fwy_210_W_physical_run_4,True,7,1728,62,0,0,0,0
2026-04-23,Fwy_10_E_physical_run_6,True,5,1440,376,288,90,48,48
2026-04-23,Fwy_10_E_physical_run_9,True,6,1440,259,0,0,0,0
2026-04-23,Fwy_210_E_physical_run_6,True,6,1440,207,0,0,0,0
2026-04-23,Fwy_10_W_physical_run_13,True,7,1152,127,0,0,0,0
2026-04-24,Fwy_210_W_physical_run_4,True,7,1728,31,0,0,0,0
2026-04-24,Fwy_10_E_physical_run_6,True,5,1440,422,288,108,48,48
2026-04-24,Fwy_10_E_physical_run_9,True,6,1440,402,0,0,0,0
2026-04-24,Fwy_210_E_physical_run_6,True,6,1440,280,0,0,0,0
2026-04-24,Fwy_10_W_physical_run_13,True,7,1152,32,0,0,0,0
2026-04-25,Fwy_210_W_physical_run_4,False,7,1728,1,0,0,0,0
2026-04-25,Fwy_10_E_physical_run_6,False,5,1440,57,288,20,48,48
2026-04-25,Fwy_10_E_physical_run_9,False,6,1440,3,0,0,0,0
2026-04-25,Fwy_210_E_physical_run_6,False,6,1440,169,0,0,0,0
2026-04-25,Fwy_10_W_physical_run_13,False,7,1152,1,0,0,0,0
2026-04-26,Fwy_210_W_physical_run_4,False,7,1728,2,0,0,0,0
2026-04-26,Fwy_10_E_physical_run_6,False,5,1440,0,288,0,48,48
2026-04-26,Fwy_10_E_physical_run_9,False,6,1440,0,0,0,0,0
2026-04-26,Fwy_210_E_physical_run_6,False,6,1440,0,0,0,0,0
2026-04-26,Fwy_10_W_physical_run_13,False,7,1152,0,0,0,0,0
2026-04-27,Fwy_210_W_physical_run_4,True,7,1728,31,0,0,0,0
2026-04-27,Fwy_10_E_physical_run_6,True,5,1440,291,288,75,48,48
2026-04-27,Fwy_10_E_physical_run_9,True,6,1440,159,0,0,0,0
2026-04-27,Fwy_210_E_physical_run_6,True,6,1440,106,0,0,0,0
2026-04-27,Fwy_10_W_physical_run_13,True,7,1152,113,0,0,0,0
2026-04-28,Fwy_210_W_physical_run_4,True,7,1728,81,0,0,0,0
2026-04-28,Fwy_10_E_physical_run_6,True,5,1440,403,288,106,48,48
2026-04-28,Fwy_10_E_physical_run_9,True,6,1440,161,0,0,0,0
2026-04-28,Fwy_210_E_physical_run_6,True,6,1440,175,0,0,0,0
2026-04-28,Fwy_10_W_physical_run_13,True,7,1152,214,0,0,0,0
2026-04-29,Fwy_210_W_physical_run_4,True,7,1727,78,0,0,0,0
2026-04-29,Fwy_10_E_physical_run_6,True,5,1440,364,288,99,48,48
2026-04-29,Fwy_10_E_physical_run_9,True,6,1440,212,0,0,0,0
2026-04-29,Fwy_210_E_physical_run_6,True,6,1440,246,0,0,0,0
2026-04-29,Fwy_10_W_physical_run_13,True,7,1152,157,0,0,0,0
2026-04-30,Fwy_210_W_physical_run_4,True,7,1929,135,201,38,48,48
2026-04-30,Fwy_10_E_physical_run_6,True,5,1440,395,288,105,48,48
2026-04-30,Fwy_10_E_physical_run_9,True,6,1440,238,0,0,0,0
2026-04-30,Fwy_210_E_physical_run_6,True,6,1440,224,0,0,0,0
2026-04-30,Fwy_10_W_physical_run_13,True,7,1152,182,0,0,0,0
2026-05-01,Fwy_210_W_physical_run_4,True,7,1728,79,0,0,0,0
2026-05-01,Fwy_10_E_physical_run_6,True,5,1440,316,288,83,48,48
2026-05-01,Fwy_10_E_physical_run_9,True,6,1440,340,0,0,0,0
2026-05-01,Fwy_210_E_physical_run_6,True,6,1440,207,0,0,0,0
2026-05-01,Fwy_10_W_physical_run_13,True,7,1152,101,0,0,0,0
2026-05-02,Fwy_210_W_physical_run_4,False,7,1728,0,0,0,0,0
2026-05-02,Fwy_10_E_physical_run_6,False,5,1440,114,288,38,48,48
2026-05-02,Fwy_10_E_physical_run_9,False,6,1440,94,0,0,0,0
2026-05-02,Fwy_210_E_physical_run_6,False,6,1440,165,0,0,0,0
2026-05-02,Fwy_10_W_physical_run_13,False,7,1152,0,0,0,0,0
2026-05-03,Fwy_210_W_physical_run_4,False,7,1728,0,0,0,0,0
2026-05-03,Fwy_10_E_physical_run_6,False,5,1440,0,288,0,48,48
2026-05-03,Fwy_10_E_physical_run_9,False,6,1440,0,0,0,0,0
2026-05-03,Fwy_210_E_physical_run_6,False,6,1440,0,0,0,0,0
2026-05-03,Fwy_10_W_physical_run_13,False,7,1152,1,0,0,0,0
2026-05-04,Fwy_210_W_physical_run_4,True,7,1440,1,0,0,0,0
2026-05-04,Fwy_10_E_physical_run_6,True,5,1440,184,288,56,48,48
2026-05-04,Fwy_10_E_physical_run_9,True,6,1440,62,0,0,0,0
2026-05-04,Fwy_210_E_physical_run_6,True,6,1440,124,0,0,0,0
2026-05-04,Fwy_10_W_physical_run_13,True,7,1152,109,0,0,0,0
2026-05-05,Fwy_210_W_physical_run_4,True,7,1728,105,0,0,0,0
2026-05-05,Fwy_10_E_physical_run_6,True,5,1440,293,288,79,48,48
2026-05-05,Fwy_10_E_physical_run_9,True,6,1440,244,0,0,0,0
2026-05-05,Fwy_210_E_physical_run_6,True,6,1440,104,0,0,0,0
2026-05-05,Fwy_10_W_physical_run_13,True,7,1152,184,0,0,0,0
2026-05-06,Fwy_210_W_physical_run_4,True,7,1728,37,0,0,0,0
2026-05-06,Fwy_10_E_physical_run_6,True,5,1440,339,288,85,48,48
2026-05-06,Fwy_10_E_physical_run_9,True,6,1440,255,0,0,0,0
2026-05-06,Fwy_210_E_physical_run_6,True,6,1440,139,0,0,0,0
2026-05-06,Fwy_10_W_physical_run_13,True,7,1152,135,0,0,0,0
2026-05-07,Fwy_210_W_physical_run_4,True,7,1728,73,0,0,0,0
2026-05-07,Fwy_10_E_physical_run_6,True,5,1440,406,288,109,48,48
2026-05-07,Fwy_10_E_physical_run_9,True,6,1440,208,0,0,0,0
2026-05-07,Fwy_210_E_physical_run_6,True,6,1440,199,0,0,0,0
2026-05-07,Fwy_10_W_physical_run_13,True,7,1152,123,0,0,0,0
2026-05-08,Fwy_210_W_physical_run_4,True,7,1936,48,208,22,48,48
2026-05-08,Fwy_10_E_physical_run_6,True,5,1440,398,288,101,48,48
2026-05-08,Fwy_10_E_physical_run_9,True,6,1440,227,0,0,0,0
2026-05-08,Fwy_210_E_physical_run_6,True,6,1440,256,0,0,0,0
2026-05-08,Fwy_10_W_physical_run_13,True,7,1152,25,0,0,0,0
2026-05-09,Fwy_210_W_physical_run_4,False,7,1728,0,0,0,0,0
2026-05-09,Fwy_10_E_physical_run_6,False,5,1440,347,288,89,48,48
2026-05-09,Fwy_10_E_physical_run_9,False,6,1440,177,0,0,0,0
2026-05-09,Fwy_210_E_physical_run_6,False,6,1440,268,0,0,0,0
2026-05-09,Fwy_10_W_physical_run_13,False,7,1152,96,0,0,0,0
2026-05-10,Fwy_210_W_physical_run_4,False,7,1728,0,0,0,0,0
2026-05-10,Fwy_10_E_physical_run_6,False,5,1440,2,288,1,48,48
2026-05-10,Fwy_10_E_physical_run_9,False,6,1440,23,0,0,0,0
2026-05-10,Fwy_210_E_physical_run_6,False,6,1440,128,0,0,0,0
2026-05-10,Fwy_10_W_physical_run_13,False,7,1152,75,0,0,0,0
2026-05-11,Fwy_210_W_physical_run_4,True,7,1728,127,0,0,0,0
2026-05-11,Fwy_10_E_physical_run_6,True,5,1440,233,288,63,48,48
2026-05-11,Fwy_10_E_physical_run_9,True,6,1440,188,0,0,0,0
2026-05-11,Fwy_210_E_physical_run_6,True,6,1440,167,0,0,0,0
2026-05-11,Fwy_10_W_physical_run_13,True,7,1152,219,0,0,0,0
2026-05-12,Fwy_210_W_physical_run_4,True,7,1937,86,209,31,42,48
2026-05-12,Fwy_10_E_physical_run_6,True,5,1440,221,288,62,48,48
2026-05-12,Fwy_10_E_physical_run_9,True,6,1439,244,0,0,0,0
2026-05-12,Fwy_210_E_physical_run_6,True,6,1440,167,0,0,0,0
2026-05-12,Fwy_10_W_physical_run_13,True,7,1152,143,0,0,0,0
2026-05-13,Fwy_210_W_physical_run_4,True,7,1728,100,0,0,0,0
2026-05-13,Fwy_10_E_physical_run_6,True,5,1440,254,288,68,48,48
2026-05-13,Fwy_10_E_physical_run_9,True,6,1440,158,0,0,0,0
2026-05-13,Fwy_210_E_physical_run_6,True,6,1440,233,0,0,0,0
2026-05-13,Fwy_10_W_physical_run_13,True,7,1152,67,0,0,0,0
2026-05-14,Fwy_210_W_physical_run_4,True,7,1728,103,0,0,0,0
2026-05-14,Fwy_10_E_physical_run_6,True,5,1440,352,288,88,48,48
2026-05-14,Fwy_10_E_physical_run_9,True,6,1440,379,0,0,0,0
2026-05-14,Fwy_210_E_physical_run_6,True,6,1440,255,0,0,0,0
2026-05-14,Fwy_10_W_physical_run_13,True,7,1152,129,0,0,0,0
2026-05-15,Fwy_210_W_physical_run_4,True,7,1940,168,212,42,48,48
2026-05-15,Fwy_10_E_physical_run_6,True,5,1440,358,288,92,48,48
2026-05-15,Fwy_10_E_physical_run_9,True,6,1440,252,0,0,0,0
2026-05-15,Fwy_210_E_physical_run_6,True,6,1440,391,0,0,0,0
2026-05-15,Fwy_10_W_physical_run_13,True,7,1152,10,0,0,0,0
2026-05-16,Fwy_210_W_physical_run_4,False,7,1939,2,212,1,31,48
2026-05-16,Fwy_10_E_physical_run_6,False,5,1440,156,288,40,48,48
2026-05-16,Fwy_10_E_physical_run_9,False,6,1440,2,0,0,0,0
2026-05-16,Fwy_210_E_physical_run_6,False,6,1440,317,0,0,0,0
2026-05-16,Fwy_10_W_physical_run_13,False,7,1152,0,0,0,0,0
2026-05-17,Fwy_210_W_physical_run_4,False,7,1728,1,0,0,0,0
2026-05-17,Fwy_10_E_physical_run_6,False,5,1440,0,288,0,48,48
2026-05-17,Fwy_10_E_physical_run_9,False,6,1440,23,0,0,0,0
2026-05-17,Fwy_210_E_physical_run_6,False,6,1440,30,0,0,0,0
2026-05-17,Fwy_10_W_physical_run_13,False,7,1152,2,0,0,0,0
2026-05-18,Fwy_210_W_physical_run_4,True,7,1728,58,0,0,0,0
2026-05-18,Fwy_10_E_physical_run_6,True,5,1440,309,288,80,48,48
2026-05-18,Fwy_10_E_physical_run_9,True,6,1440,196,0,0,0,0
2026-05-18,Fwy_210_E_physical_run_6,True,6,1437,182,0,0,0,0
2026-05-18,Fwy_10_W_physical_run_13,True,7,1152,53,0,0,0,0
2026-05-19,Fwy_210_W_physical_run_4,True,7,1938,131,210,36,48,48
2026-05-19,Fwy_10_E_physical_run_6,True,5,1440,177,288,48,48,48
2026-05-19,Fwy_10_E_physical_run_9,True,6,1440,258,0,0,0,0
2026-05-19,Fwy_210_E_physical_run_6,True,6,1440,208,0,0,0,0
2026-05-19,Fwy_10_W_physical_run_13,True,7,1152,138,0,0,0,0
2026-05-20,Fwy_210_W_physical_run_4,True,7,1962,139,234,41,48,48
2026-05-20,Fwy_10_E_physical_run_6,True,5,1440,303,288,74,48,48
2026-05-20,Fwy_10_E_physical_run_9,True,6,1440,144,0,0,0,0
2026-05-20,Fwy_210_E_physical_run_6,True,6,1440,152,0,0,0,0
2026-05-20,Fwy_10_W_physical_run_13,True,7,1440,108,0,0,0,0
2026-05-21,Fwy_210_W_physical_run_4,True,7,1945,197,217,49,47,48
2026-05-21,Fwy_10_E_physical_run_6,True,5,1440,290,288,82,48,48
2026-05-21,Fwy_10_E_physical_run_9,True,6,1440,213,0,0,0,0
2026-05-21,Fwy_210_E_physical_run_6,True,6,1440,204,0,0,0,0
2026-05-21,Fwy_10_W_physical_run_13,True,7,1440,33,0,0,0,0
2026-05-22,Fwy_210_W_physical_run_4,True,7,1728,126,0,0,0,0
2026-05-22,Fwy_10_E_physical_run_6,True,5,1440,464,288,109,48,48
2026-05-22,Fwy_10_E_physical_run_9,True,6,1440,368,0,0,0,0
2026-05-22,Fwy_210_E_physical_run_6,True,6,1440,306,0,0,0,0
2026-05-22,Fwy_10_W_physical_run_13,True,7,1440,2,0,0,0,0
2026-05-23,Fwy_210_W_physical_run_4,False,7,1906,0,178,0,39,42
2026-05-23,Fwy_10_E_physical_run_6,False,5,1440,241,288,80,48,48
2026-05-23,Fwy_10_E_physical_run_9,False,6,1440,86,0,0,0,0
2026-05-23,Fwy_210_E_physical_run_6,False,6,1440,204,0,0,0,0
2026-05-23,Fwy_10_W_physical_run_13,False,7,1440,0,0,0,0,0
2026-05-24,Fwy_210_W_physical_run_4,False,7,1728,0,0,0,0,0
2026-05-24,Fwy_10_E_physical_run_6,False,5,1152,0,0,0,0,0
2026-05-24,Fwy_10_E_physical_run_9,False,6,1440,0,0,0,0,0
2026-05-24,Fwy_210_E_physical_run_6,False,6,1440,9,0,0,0,0
2026-05-24,Fwy_10_W_physical_run_13,False,7,1440,0,0,0,0,0
2026-05-25,Fwy_210_W_physical_run_4,True,7,1728,1,0,0,0,0
2026-05-25,Fwy_10_E_physical_run_6,True,5,1439,0,287,0,48,48
2026-05-25,Fwy_10_E_physical_run_9,True,6,1440,0,0,0,0,0
2026-05-25,Fwy_210_E_physical_run_6,True,6,1440,1,0,0,0,0
2026-05-25,Fwy_10_W_physical_run_13,True,7,1440,5,0,0,0,0
2026-05-26,Fwy_210_W_physical_run_4,True,7,719,0,53,0,39,0
2026-05-26,Fwy_10_E_physical_run_6,True,5,444,0,0,0,0,0
2026-05-26,Fwy_10_E_physical_run_9,True,6,555,0,0,0,0,0
2026-05-26,Fwy_210_E_physical_run_6,True,6,555,0,0,0,0,0
2026-05-26,Fwy_10_W_physical_run_13,True,7,555,102,0,0,0,0
2026-05-27,Fwy_210_W_physical_run_4,True,7,0,0,0,0,0,0
2026-05-27,Fwy_10_E_physical_run_6,True,5,0,0,0,0,0,0
2026-05-27,Fwy_10_E_physical_run_9,True,6,0,0,0,0,0,0
2026-05-27,Fwy_210_E_physical_run_6,True,6,0,0,0,0,0,0
2026-05-27,Fwy_10_W_physical_run_13,True,7,0,0,0,0,0,0
2026-05-28,Fwy_210_W_physical_run_4,True,7,925,73,103,31,4,48
2026-05-28,Fwy_10_E_physical_run_6,True,5,548,219,0,0,0,0
2026-05-28,Fwy_10_E_physical_run_9,True,6,685,237,0,0,0,0
2026-05-28,Fwy_210_E_physical_run_6,True,6,685,220,0,0,0,0
2026-05-28,Fwy_10_W_physical_run_13,True,7,685,22,0,0,0,0
2026-05-29,Fwy_210_W_physical_run_4,True,7,1943,56,215,21,48,48
2026-05-29,Fwy_10_E_physical_run_6,True,5,1152,284,0,0,0,0
2026-05-29,Fwy_10_E_physical_run_9,True,6,1440,143,0,0,0,0
2026-05-29,Fwy_210_E_physical_run_6,True,6,1440,179,0,0,0,0
2026-05-29,Fwy_10_W_physical_run_13,True,7,1440,30,0,0,0,0
2026-05-30,Fwy_210_W_physical_run_4,False,7,1930,1,202,1,33,48
2026-05-30,Fwy_10_E_physical_run_6,False,5,1440,226,288,60,48,48
2026-05-30,Fwy_10_E_physical_run_9,False,6,1440,14,0,0,0,0
2026-05-30,Fwy_210_E_physical_run_6,False,6,1440,249,0,0,0,0
2026-05-30,Fwy_10_W_physical_run_13,False,7,1728,0,0,0,0,0
2026-05-31,Fwy_210_W_physical_run_4,False,7,1728,0,0,0,0,0
2026-05-31,Fwy_10_E_physical_run_6,False,5,1440,46,288,18,48,48
2026-05-31,Fwy_10_E_physical_run_9,False,6,1440,1,0,0,0,0
2026-05-31,Fwy_210_E_physical_run_6,False,6,1440,6,0,0,0,0
2026-05-31,Fwy_10_W_physical_run_13,False,7,1728,0,0,0,0,0
