station_id,Fwy,Dir,Abs_PM,Name,physical_route_order,physical_route_station_count,previous_ml_station_id,previous_ml_is_candidate,distance_from_previous_ml_miles,next_ml_station_id,next_ml_is_candidate,distance_to_next_ml_miles,upstream_ml_station_id,upstream_ml_is_candidate,downstream_ml_station_id,downstream_ml_is_candidate,corridor_id,positive_pct_all_rows,ge80_pct_all_rows,ge100_pct_all_rows,days_with_positive_coverage
767541,2,E,8.962,34TH AVE,4,14,767523,False,0.29999999999999893,767554,True,0.5999999999999996,767523,False,767554,True,Fwy_2_E_physical_run_1,93.967812897997,28.855505383813824,28.855505383813824,114
767554,2,E,9.562,EAGLE ROCK BLVD,5,14,767541,True,0.5999999999999996,767572,False,0.5,767541,True,767572,False,Fwy_2_E_physical_run_1,90.63332175523908,90.63332175523908,90.63332175523908,110
767470,2,E,12.032,N/O CHEVY CHASE DR,10,14,768202,False,0.5700000000000003,767585,False,0.7300000000000004,768202,False,767585,False,Fwy_2_E_physical_run_2,14.023966655088572,14.023966655088572,0.0,18
767609,2,E,14.062,FERN LANE,13,14,767597,False,0.6999999999999993,768238,False,1.1260000000000012,767597,False,768238,False,Fwy_2_E_physical_run_3,4.168113928447378,4.168113928447378,3.3344911427579023,5
767542,2,W,8.962,34TH AVE,3,14,718064,False,0.47499999999999964,718066,True,0.6479999999999997,718066,True,718064,False,Fwy_2_W_physical_run_1,93.967812897997,32.13500057890471,32.13500057890471,114
718066,2,W,9.61,VERDUGO RD,4,14,767542,True,0.6479999999999997,767573,False,0.45199999999999996,767573,False,767542,True,Fwy_2_W_physical_run_1,94.80143568368646,94.80143568368646,94.80143568368646,115
762329,2,W,10.799,COLORADO BLVD,7,14,767621,False,0.2370000000000001,767454,False,0.5630000000000006,767454,False,767621,False,Fwy_2_W_physical_run_2,94.80143568368646,94.80143568368646,94.80143568368646,115
718072,2,W,11.478,HOLLY DR,9,14,767454,False,0.11599999999999966,767471,True,0.5540000000000003,767471,True,767454,False,Fwy_2_W_physical_run_3,94.80143568368646,94.80143568368646,94.80143568368646,115
767471,2,W,12.032,N/O CHEVY CHASE DR,10,14,718072,True,0.5540000000000003,718076,True,0.36100000000000065,718076,True,718072,True,Fwy_2_W_physical_run_3,14.023966655088572,14.023966655088572,14.023966655088572,18
718076,2,W,12.393,MOUNTAIN ST,11,14,767471,True,0.36100000000000065,767598,False,0.9689999999999994,767598,False,767471,True,Fwy_2_W_physical_run_3,94.80143568368646,64.29894639342365,64.29894639342365,115
767610,2,W,14.062,FERN LANE,13,14,767598,False,0.6999999999999993,768230,False,1.1260000000000012,768230,False,767598,False,Fwy_2_W_physical_run_4,4.168113928447378,4.168113928447378,4.168113928447378,5
718081,5,N,120.353,BLOOMFIELD,9,92,769625,False,0.4399999999999977,718360,False,0.23000000000000398,769625,False,718360,False,Fwy_5_N_physical_run_1,94.393307861526,94.38462429084171,94.38462429084171,114
715938,5,N,128.813,GASPAR,26,92,716925,False,0.6399999999999864,716929,True,0.45000000000001705,716925,False,716929,True,Fwy_5_N_physical_run_2,9.05406970012736,9.05406970012736,9.05406970012736,12
716929,5,N,129.263,ATLANTIC,27,92,715938,True,0.45000000000001705,764435,False,0.3930000000000007,715938,True,764435,False,Fwy_5_N_physical_run_2,11.554938057195786,11.554938057195786,11.554938057195786,15
715944,5,N,129.983,FERRIS,29,92,764435,False,0.3269999999999982,718086,False,0.3199999999999932,764435,False,718086,False,Fwy_5_N_physical_run_3,11.554938057195786,0.0,0.0,15
716933,5,N,130.983,DOWNEY,31,92,718086,False,0.6800000000000068,759566,True,0.44999999999998863,718086,False,759566,True,Fwy_5_N_physical_run_4,11.554938057195786,0.0,0.0,15
759566,5,N,131.433,DITMAN,32,92,716933,True,0.44999999999998863,759576,False,0.3400000000000034,716933,True,759576,False,Fwy_5_N_physical_run_4,9.887692485816835,9.887692485816835,9.887692485816835,13
718371,5,N,138.103,DORRIS,39,92,716951,False,0.37000000000000455,716953,False,0.3299999999999841,716951,False,716953,False,Fwy_5_N_physical_run_5,81.46347111265486,81.46057658909344,0.0,99
763674,5,N,139.033,S OF 2,41,92,716953,False,0.5999999999999943,763669,True,0.36000000000001364,716953,False,763669,True,Fwy_5_N_physical_run_6,93.13419011230752,0.0,0.0,113
763669,5,N,139.393,N OF 2,42,92,763674,True,0.36000000000001364,716956,False,0.4399999999999977,763674,True,716956,False,Fwy_5_N_physical_run_6,66.57404191270118,66.57404191270118,66.57404191270118,80
716974,5,N,145.903,OLIVE,54,92,716973,False,0.8199999999999932,777796,True,0.4099999999999966,716973,False,777796,True,Fwy_5_N_physical_run_7,68.95912932731272,0.0,0.0,84
777796,5,N,146.313,BURBANK 1,55,92,716974,True,0.4099999999999966,716978,True,0.29000000000002046,716974,True,716978,True,Fwy_5_N_physical_run_7,38.76056501099919,2.4458724094014124,0.8162556443209448,48
716978,5,N,146.603,BURBANK 2,56,92,777796,True,0.29000000000002046,716981,True,0.7199999999999989,777796,True,716981,True,Fwy_5_N_physical_run_7,27.42271622091004,4.165219404885955,3.33159661919648,33
716981,5,N,147.323,LINCOLN,57,92,716978,True,0.7199999999999989,777781,True,0.0,716978,True,777781,True,Fwy_5_N_physical_run_7,33.22913048512215,0.0,0.0,40
777781,5,N,147.323,LINCOLN,58,92,716981,True,0.0,716985,True,0.7199999999999989,716981,True,716985,True,Fwy_5_N_physical_run_7,14.883640152830845,0.8336227856894756,0.8220446914437883,19
716985,5,N,148.043,BUENA VISTA,59,92,777781,True,0.7199999999999989,716988,False,1.0,777781,True,716988,False,Fwy_5_N_physical_run_7,65.76646983906448,0.0,0.0,79
775535,5,N,161.41,N/B 5 - S/B 14,80,92,718404,False,0.6800000000000068,763641,False,0.5999999999999943,718404,False,763641,False,Fwy_5_N_physical_run_8,42.30056732661804,0.0,0.0,51
718364,5,S,128.75,GASPAR,26,97,716924,False,0.6399999999999864,716928,True,0.5,716928,True,716924,False,Fwy_5_S_physical_run_1,9.05406970012736,9.05406970012736,9.05406970012736,12
716928,5,S,129.25,ATLANTIC,27,97,718364,True,0.5,718085,False,0.3429999999999893,718085,False,718364,True,Fwy_5_S_physical_run_1,2.4979738335070047,0.0,0.0,3
716930,5,S,129.92,FERRIS,29,97,718085,False,0.3269999999999982,715947,False,0.3200000000000216,715947,False,718085,False,Fwy_5_S_physical_run_2,11.554938057195786,11.54914901007294,11.54914901007294,15
716934,5,S,130.91,DOWNEY,31,97,715947,False,0.6699999999999875,716936,False,0.4230000000000018,716936,False,715947,False,Fwy_5_S_physical_run_3,11.554938057195786,11.554938057195786,11.554938057195786,15
718370,5,S,138.04,DORRIS,43,97,716949,False,0.7699999999999818,716955,True,0.46000000000000796,716955,True,716949,False,Fwy_5_S_physical_run_4,81.46347111265486,0.0,0.0,99
716955,5,S,138.5,STADIUM,44,97,718370,True,0.46000000000000796,718375,True,0.46999999999999886,718375,True,718370,True,Fwy_5_S_physical_run_4,1.8264443672571495,0.0,0.0,3
718375,5,S,138.97,S OF 2,45,97,716955,True,0.46999999999999886,718376,True,0.36000000000001364,718376,True,716955,True,Fwy_5_S_physical_run_4,93.13419011230752,93.13419011230752,93.13419011230752,113
718376,5,S,139.33,N OF 2,46,97,718375,True,0.36000000000001364,716958,False,0.8199999999999932,716958,False,718375,True,Fwy_5_S_physical_run_4,66.57404191270118,66.57114738913975,66.57114738913975,80
759762,5,S,144.77,ALAMEDA 1,55,97,716965,False,0.5,759772,True,0.09999999999999432,759772,True,716965,False,Fwy_5_S_physical_run_5,61.45652425610744,61.45362973254602,61.45362973254602,75
759772,5,S,144.87,ALAMEDA 2,56,97,759762,True,0.09999999999999432,759783,True,0.5999999999999943,759783,True,759762,True,Fwy_5_S_physical_run_5,61.45652425610744,35.84577978464745,35.84577978464745,75
759783,5,S,145.47,VERDUGO,57,97,759772,True,0.5999999999999943,716977,True,0.7800000000000011,716977,True,759772,True,Fwy_5_S_physical_run_5,61.45652425610744,61.45652425610744,61.45652425610744,75
716977,5,S,146.25,BURBANK 1,58,97,759783,True,0.7800000000000011,777733,True,0.28999999999999204,777733,True,759783,True,Fwy_5_S_physical_run_5,2.5008683570684265,1.5254139168692833,1.5254139168692833,3
777733,5,S,146.54,BURBANK 2,59,97,716977,True,0.28999999999999204,716979,True,0.7199999999999989,716979,True,716977,True,Fwy_5_S_physical_run_5,68.95912932731272,2.4979738335070047,0.0,84
716979,5,S,147.26,LINCOLN,60,97,777733,True,0.7199999999999989,777767,True,0.0,777767,True,777733,True,Fwy_5_S_physical_run_5,15.723051985643163,0.0,0.0,20
777767,5,S,147.26,LINCOLN,61,97,716979,True,0.0,716983,True,0.7300000000000182,716983,True,716979,True,Fwy_5_S_physical_run_5,34.89348153293968,2.5008683570684265,2.495079309945583,43
716983,5,S,147.99,BUENA VISTA,62,97,777767,True,0.7300000000000182,716986,True,0.8599999999999852,716986,True,777767,True,Fwy_5_S_physical_run_5,43.11103392381614,35.617112423295126,35.617112423295126,53
716986,5,S,148.85,HOLLYWOOD WAY,63,97,716983,True,0.8599999999999852,716989,False,0.950000000000017,716989,False,716983,True,Fwy_5_S_physical_run_5,68.95912932731272,68.95912932731272,68.95912932731272,84
775536,5,S,161.347,N/B 5 - S/B 14,86,97,774344,False,0.8000000000000114,768701,False,0.5999999999999943,768701,False,774344,False,Fwy_5_S_physical_run_6,42.30056732661804,29.741229593608892,29.741229593608892,51
759933,5,S,175.847,LAKE HUGHES,96,97,759927,False,3.030000000000001,759942,False,6.199999999999989,759942,False,759927,False,Fwy_5_S_physical_run_7,54.06101655667477,0.0,0.0,66
716081,10,E,19.29,EASTERN,59,121,765098,False,0.129999999999999,737344,False,0.25,765098,False,737344,False,Fwy_10_E_physical_run_1,83.29570452703484,83.29570452703484,83.29570452703484,100
716085,10,E,20.04,E OF 710,62,121,717070,False,0.28999999999999915,716087,True,0.4700000000000024,717070,False,716087,True,Fwy_10_E_physical_run_2,88.18166029871483,88.17587125159199,88.17587125159199,107
716087,10,E,20.51,WARWICK,63,121,716085,True,0.4700000000000024,765451,False,0.3869999999999969,716085,True,765451,False,Fwy_10_E_physical_run_2,16.64061595461387,15.806993168924397,15.806993168924397,20
717077,10,E,21.79,ATLANTIC 1,66,121,716092,False,0.379999999999999,717075,True,0.08999999999999986,716092,False,717075,True,Fwy_10_E_physical_run_3,87.34803751302536,87.34514298946394,87.34514298946394,106
717075,10,E,21.88,ATLANTIC 2,67,121,717077,True,0.08999999999999986,717089,True,0.5500000000000007,717077,True,717089,True,Fwy_10_E_physical_run_3,87.34803751302536,87.34514298946394,87.34514298946394,106
717089,10,E,22.43,GARFIELD 1,68,121,717075,True,0.5500000000000007,717083,True,0.0990000000000002,717075,True,717083,True,Fwy_10_E_physical_run_3,87.34803751302536,87.34224846590251,87.34224846590251,106
717083,10,E,22.529,GARFIELD 2,69,121,717089,True,0.0990000000000002,717084,True,0.29100000000000037,717089,True,717084,True,Fwy_10_E_physical_run_3,87.34514298946394,8.220446914437883,8.220446914437883,106
717084,10,E,22.82,ALMANSOR,70,121,717083,True,0.29100000000000037,717093,True,0.4499999999999993,717083,True,717093,True,Fwy_10_E_physical_run_3,84.84138010883409,0.0,0.0,103
717093,10,E,23.27,NEW 1,71,121,717084,True,0.4499999999999993,717097,True,0.10000000000000142,717084,True,717097,True,Fwy_10_E_physical_run_3,88.18166029871483,88.18166029871483,88.18166029871483,107
717097,10,E,23.37,NEW 2,72,121,717093,True,0.10000000000000142,717105,False,0.39000000000000057,717093,True,717105,False,Fwy_10_E_physical_run_3,88.18166029871483,86.41310640268611,86.41310640268611,107
775552,10,E,30.5,S/B 605 TO E/B 10,89,121,768173,False,0.6999999999999993,717165,True,0.3099999999999987,768173,False,717165,True,Fwy_10_E_physical_run_4,93.13419011230752,93.13419011230752,93.13419011230752,113
717165,10,E,30.81,BALDWIN PARK 2,90,121,775552,True,0.3099999999999987,775030,False,0.19000000000000128,775552,True,775030,False,Fwy_10_E_physical_run_4,97.30230404075488,64.4002547180734,4.1131179807803635,118
717174,10,E,31.96,PUENTE,92,121,775030,False,0.9600000000000009,764222,True,0.5399999999999991,775030,False,764222,True,Fwy_10_E_physical_run_5,97.30230404075488,97.29651499363204,97.29651499363204,118
764222,10,E,32.5,MEEKER,93,121,717174,True,0.5399999999999991,717179,True,0.4399999999999977,717174,True,717179,True,Fwy_10_E_physical_run_5,97.30230404075488,97.29940951719348,97.29940951719348,118
717179,10,E,32.94,WEST COVINA PKWY,94,121,764222,True,0.4399999999999977,763695,False,0.46000000000000085,764222,True,763695,False,Fwy_10_E_physical_run_5,97.30230404075488,0.8336227856894756,0.8336227856894756,118
717185,10,E,33.86,VINCENT 1,96,121,763695,False,0.46000000000000085,717190,True,0.14000000000000057,763695,False,717190,True,Fwy_10_E_physical_run_6,97.30230404075488,97.30230404075488,97.30230404075488,118
717190,10,E,34.0,VINCENT 2,97,121,717185,True,0.14000000000000057,716152,True,0.3999999999999986,717185,True,716152,True,Fwy_10_E_physical_run_6,97.30230404075488,97.29940951719348,97.29940951719348,118
716152,10,E,34.4,LARK ELLEN,98,121,717190,True,0.3999999999999986,717195,True,0.5600000000000023,717190,True,717195,True,Fwy_10_E_physical_run_6,93.967812897997,93.12840106518468,93.12840106518468,114
717195,10,E,34.96,AZUSA 1,99,121,716152,True,0.5600000000000023,717198,True,0.1039999999999992,716152,True,717198,True,Fwy_10_E_physical_run_6,97.30230404075488,91.57114738913975,91.57114738913975,118
717198,10,E,35.064,AZUSA 2,100,121,717195,True,0.1039999999999992,764217,False,0.43599999999999994,717195,True,764217,False,Fwy_10_E_physical_run_6,97.30230404075488,97.30230404075488,97.30230404075488,118
717205,10,E,36.09,CITRUS 2,102,121,764217,False,0.5900000000000034,718118,True,0.5,764217,False,718118,True,Fwy_10_E_physical_run_7,4.935162672224152,0.0,0.0,6
718118,10,E,36.59,BARRANCA 2,103,121,717205,True,0.5,717214,True,0.38999999999999346,717205,True,717214,True,Fwy_10_E_physical_run_7,5.803519740650689,0.8017830265138358,0.8017830265138358,7
717214,10,E,36.98,GRAND,104,121,718118,True,0.38999999999999346,717219,True,0.47000000000000597,718118,True,717219,True,Fwy_10_E_physical_run_7,11.294430936667824,0.8336227856894756,0.8336227856894756,14
717219,10,E,37.45,HOLT 1,105,121,717214,True,0.47000000000000597,718119,True,0.18999999999999773,717214,True,718119,True,Fwy_10_E_physical_run_7,96.46868125506542,96.46868125506542,96.465786731504,117
718119,10,E,37.64,HOLT 2,106,121,717219,True,0.18999999999999773,763479,True,1.4500000000000028,717219,True,763479,True,Fwy_10_E_physical_run_7,4.162324881324534,0.8278337385666319,0.6831075604955424,5
763479,10,E,39.09,VIA VERDE,107,121,718119,True,1.4500000000000028,716172,False,0.10999999999999943,718119,True,716172,False,Fwy_10_E_physical_run_7,96.46868125506542,96.46289220794256,96.46289220794256,117
717241,10,E,42.26,FAIRPLEX,111,121,716181,False,1.0,717243,False,0.37000000000000455,716181,False,717243,False,Fwy_10_E_physical_run_8,97.30230404075488,97.30230404075488,97.30230404075488,118
716187,10,E,43.18,CLEVELAND,113,121,717243,False,0.5499999999999972,717247,True,0.4799999999999969,717243,False,717247,True,Fwy_10_E_physical_run_9,97.29940951719348,0.0,0.0,118
717247,10,E,43.66,WHITE,114,121,716187,True,0.4799999999999969,768328,True,0.46300000000000097,716187,True,768328,True,Fwy_10_E_physical_run_9,97.30230404075488,97.30230404075488,97.30230404075488,118
768328,10,E,44.123,GAREY,115,121,717247,True,0.46300000000000097,717251,True,0.38700000000000045,717247,True,717251,True,Fwy_10_E_physical_run_9,96.46868125506542,96.45131411369688,96.45131411369688,117
717251,10,E,44.51,ORANGE GROVE,116,121,768328,True,0.38700000000000045,717254,True,0.5500000000000043,768328,True,717254,True,Fwy_10_E_physical_run_9,96.46868125506542,96.46289220794256,96.46289220794256,117
717254,10,E,45.06,TOWNE,117,121,717251,True,0.5500000000000043,774729,True,0.6400000000000006,717251,True,774729,True,Fwy_10_E_physical_run_9,97.30230404075488,97.29940951719348,97.29940951719348,118
774729,10,E,45.7,E/O SAN ANTONIO,118,121,717254,True,0.6400000000000006,717257,False,0.03999999999999915,717254,True,717257,False,Fwy_10_E_physical_run_9,96.465786731504,96.465786731504,96.465786731504,117
717065,10,W,19.29,EASTERN,47,118,718332,False,0.129999999999999,737345,False,0.25,737345,False,718332,False,Fwy_10_W_physical_run_1,83.29570452703484,0.0,0.0,100
716088,10,W,20.53,WARWICK,51,118,717071,False,0.3100000000000023,717073,False,0.2699999999999996,717073,False,717071,False,Fwy_10_W_physical_run_2,88.17587125159199,88.16429315734631,88.16429315734631,107
716091,10,W,21.32,MARENGO,53,118,717073,False,0.5199999999999996,717079,False,0.46999999999999886,717079,False,717073,False,Fwy_10_W_physical_run_3,87.34803751302536,86.53757091582726,86.53757091582726,106
717087,10,W,22.45,GARFIELD 1,56,118,717081,False,0.5700000000000003,717091,True,0.08999999999999986,717091,True,717081,False,Fwy_10_W_physical_run_4,88.18166029871483,88.17876577515341,88.17876577515341,107
717091,10,W,22.54,GARFIELD 2,57,118,717087,True,0.08999999999999986,716101,True,0.2699999999999996,716101,True,717087,True,Fwy_10_W_physical_run_4,88.18166029871483,88.17587125159199,88.17587125159199,107
716101,10,W,22.81,ALMANSOR,58,118,717091,True,0.2699999999999996,717095,True,0.490000000000002,717095,True,717091,True,Fwy_10_W_physical_run_4,84.84716915595693,0.0,0.0,103
717095,10,W,23.3,NEW 1,59,118,716101,True,0.490000000000002,717101,True,0.08999999999999986,717101,True,716101,True,Fwy_10_W_physical_run_4,87.34803751302536,0.0,0.0,106
717101,10,W,23.39,NEW 2,60,118,717095,True,0.08999999999999986,717108,True,0.379999999999999,717108,True,717095,True,Fwy_10_W_physical_run_4,87.34803751302536,87.34514298946394,87.34514298946394,106
717108,10,W,23.77,DEL MAR 1,61,118,717101,True,0.379999999999999,717112,True,0.120000000000001,717112,True,717101,True,Fwy_10_W_physical_run_4,69.87669329628343,69.87379877272201,69.87379877272201,85
717112,10,W,23.89,DEL MAR 2,62,118,717108,True,0.120000000000001,717116,True,0.41000000000000014,717116,True,717108,True,Fwy_10_W_physical_run_4,69.87669329628343,69.87669329628343,69.87669329628343,85
717116,10,W,24.3,SAN GABRIEL 1,63,118,717112,True,0.41000000000000014,717119,False,0.09999999999999787,717119,False,717112,True,Fwy_10_W_physical_run_4,4.136274169271738,4.136274169271738,4.136274169271738,5
717142,10,W,27.06,SANTA ANITA,71,118,717139,False,0.46999999999999886,774441,False,0.5400000000000027,774441,False,717139,False,Fwy_10_W_physical_run_5,97.30230404075488,97.29362047007062,97.29362047007062,118
717150,10,W,27.84,PECK,73,118,774441,False,0.23999999999999844,717154,True,0.2710000000000008,717154,True,774441,False,Fwy_10_W_physical_run_6,97.30230404075488,96.46289220794256,95.46717610281348,118
717154,10,W,28.111,VALLEY,74,118,717150,True,0.2710000000000008,767329,False,0.3689999999999998,767329,False,717150,True,Fwy_10_W_physical_run_6,97.30230404075488,97.29940951719348,96.465786731504,118
717160,10,W,30.22,FRAZIER,78,118,768174,False,0.41999999999999815,717162,True,0.490000000000002,717162,True,768174,False,Fwy_10_W_physical_run_7,97.30230404075488,97.29651499363204,97.29651499363204,118
717162,10,W,30.71,BALDWIN PARK 1,79,118,717160,True,0.490000000000002,717167,True,0.11999999999999744,717167,True,717160,True,Fwy_10_W_physical_run_7,97.30230404075488,94.3006831075605,41.47852263517425,118
717167,10,W,30.83,BALDWIN PARK 2,80,118,717162,True,0.11999999999999744,775029,True,0.1700000000000017,775029,True,717162,True,Fwy_10_W_physical_run_7,97.30230404075488,66.3916869283316,23.62510130832465,118
775029,10,W,31.0,E/O FRANCISQUITO AVE,81,118,717167,True,0.1700000000000017,717169,False,0.3099999999999987,717169,False,717167,True,Fwy_10_W_physical_run_7,81.4953108718305,79.8078036355216,79.8078036355216,99
764227,10,W,32.5,MEEKER,84,118,717171,False,0.5199999999999996,717176,True,0.35999999999999943,717176,True,717171,False,Fwy_10_W_physical_run_8,97.30230404075488,56.12481185596851,56.12481185596851,118
717176,10,W,32.86,WEST COVINA,85,118,764227,True,0.35999999999999943,716146,False,0.5399999999999991,716146,False,764227,True,Fwy_10_W_physical_run_8,97.30230404075488,96.4397360194512,96.4397360194512,118
717187,10,W,33.86,VINCENT 1,87,118,716146,False,0.46000000000000085,717192,True,0.09000000000000341,717192,True,716146,False,Fwy_10_W_physical_run_9,94.80143568368646,93.88387171471577,93.88387171471577,115
717192,10,W,33.95,VINCENT 2,88,118,717187,True,0.09000000000000341,716153,True,0.44999999999999574,716153,True,717187,True,Fwy_10_W_physical_run_9,94.80143568368646,94.79854116012504,94.79854116012504,115
716153,10,W,34.4,LARK ELLEN,89,118,717192,True,0.44999999999999574,717196,True,0.509999999999998,717196,True,717192,True,Fwy_10_W_physical_run_9,93.967812897997,0.0,0.0,114
717196,10,W,34.91,AZUSA 1,90,118,716153,True,0.509999999999998,717200,True,0.1180000000000021,717200,True,716153,True,Fwy_10_W_physical_run_9,97.30230404075488,24.82053953919185,24.82053953919185,118
717200,10,W,35.028,AZUSA 2,91,118,717196,True,0.1180000000000021,763731,False,0.4720000000000013,763731,False,717196,True,Fwy_10_W_physical_run_9,97.30230404075488,93.95912932731272,93.95912932731272,118
717202,10,W,35.93,CITRUS 1,93,118,763731,False,0.4299999999999997,717207,True,0.09000000000000341,717207,True,763731,False,Fwy_10_W_physical_run_10,4.130485122148894,0.0,0.0,5
717207,10,W,36.02,CITRUS 2,94,118,717202,True,0.09000000000000341,717209,True,0.3999999999999986,717209,True,717202,True,Fwy_10_W_physical_run_10,88.99791594303578,88.99791594303578,88.99791594303578,108
717209,10,W,36.42,BARRANCA 1,95,118,717207,True,0.3999999999999986,717211,True,0.14999999999999858,717211,True,717207,True,Fwy_10_W_physical_run_10,4.168113928447378,0.8017830265138358,0.8017830265138358,5
717211,10,W,36.57,BARRANCA 2,96,118,717209,True,0.14999999999999858,717216,True,0.3200000000000003,717216,True,717209,True,Fwy_10_W_physical_run_10,9.164061595461389,0.8191501678823666,0.8191501678823666,11
717216,10,W,36.89,GRAND,97,118,717211,True,0.3200000000000003,717220,True,0.5,717220,True,717211,True,Fwy_10_W_physical_run_10,6.6689822855158045,2.495079309945583,2.495079309945583,8
717220,10,W,37.39,HOLT 1,98,118,717216,True,0.5,717224,True,0.1599999999999966,717224,True,717216,True,Fwy_10_W_physical_run_10,7.50260507120528,0.8336227856894756,0.8336227856894756,9
717224,10,W,37.55,HOLT 2,99,118,717220,True,0.1599999999999966,764201,False,0.3500000000000014,764201,False,717220,True,Fwy_10_W_physical_run_10,3.3344911427579023,0.8336227856894756,0.8336227856894756,4
717226,10,W,38.85,VIA VERDE 1,102,118,764206,False,0.45000000000000284,716174,False,0.8500000000000014,716174,False,764206,False,Fwy_10_W_physical_run_11,2.5008683570684265,0.7554706495310872,0.7554706495310872,3
717240,10,W,42.02,FAIRPLEX,107,118,717238,False,0.7600000000000051,763485,False,0.3299999999999983,763485,False,717238,False,Fwy_10_W_physical_run_12,97.30230404075488,95.58006252170892,95.58006252170892,118
717245,10,W,43.18,CLEVELAND,109,118,763485,False,0.8299999999999983,717246,True,0.4799999999999969,717246,True,763485,False,Fwy_10_W_physical_run_13,97.30230404075488,0.0,0.0,118
717246,10,W,43.66,WHITE,110,118,717245,True,0.4799999999999969,717249,True,0.46000000000000085,717249,True,717245,True,Fwy_10_W_physical_run_13,97.30230404075488,97.28493689938637,97.28493689938637,118
717249,10,W,44.12,GAREY,111,118,717246,True,0.46000000000000085,768339,True,0.39400000000000546,768339,True,717246,True,Fwy_10_W_physical_run_13,96.46868125506542,95.62348037513026,95.62348037513026,117
768339,10,W,44.514,ORANGE GROVE,112,118,717249,True,0.39400000000000546,717252,True,0.20599999999999596,717252,True,717249,True,Fwy_10_W_physical_run_13,96.465786731504,8.220446914437883,8.220446914437883,117
717252,10,W,44.72,TOWNE,113,118,768339,True,0.20599999999999596,768349,True,0.34900000000000375,768349,True,768339,True,Fwy_10_W_physical_run_13,96.46868125506542,96.465786731504,96.465786731504,117
768349,10,W,45.069,TOWNE,114,118,717252,True,0.34900000000000375,774728,True,0.6310000000000002,774728,True,717252,True,Fwy_10_W_physical_run_13,51.63540581220331,51.632511288641886,51.632511288641886,63
774728,10,W,45.7,E/O SAN ANTONIO,115,118,768349,True,0.6310000000000002,716193,False,0.03999999999999915,716193,False,768349,True,Fwy_10_W_physical_run_13,96.46868125506542,96.46868125506542,96.46868125506542,117
717258,10,W,46.1,INDIAN HILL,117,118,716193,False,0.35999999999999943,774743,False,0.6000000000000014,774743,False,716193,False,Fwy_10_W_physical_run_14,94.80143568368646,94.79564663656362,94.79564663656362,115
764276,14,N,3.262,PLACERITA 1,2,10,764262,False,1.2000000000000002,764269,False,0.2200000000000002,764262,False,764269,False,Fwy_14_N_physical_run_1,97.30230404075488,97.30230404075488,97.30230404075488,118
764304,14,N,5.192,GOLDEN VALLEY,4,10,764269,False,1.71,764318,False,1.13,764269,False,764318,False,Fwy_14_N_physical_run_2,87.4464513141137,87.4464513141137,87.4464513141137,105
766694,14,N,8.663,SAND CANYON,6,10,764318,False,2.341,766721,True,2.5,764318,False,766721,True,Fwy_14_N_physical_run_3,97.30230404075488,0.0,0.0,118
766721,14,N,11.163,SOLEDAD CANYON RD,7,10,766694,True,2.5,766740,False,4.0,766694,True,766740,False,Fwy_14_N_physical_run_3,97.29940951719348,93.9157114738914,93.9157114738914,118
767791,14,N,33.163,AVE S,10,10,766758,False,14.499999999999996,,False,,766758,False,,False,Fwy_14_N_physical_run_4,38.25981243487322,38.25981243487322,38.25981243487322,46
775511,14,S,0.012,S/B 14 OFF TO BALBOA,1,11,,False,,764283,False,3.08,764283,False,,False,Fwy_14_S_physical_run_1,46.529466249855275,45.6958434641658,45.6958434641658,56
764297,14,S,4.752,GOLDEN VALLEY,4,11,764290,False,1.42,764311,True,1.1800000000000006,764311,True,764290,False,Fwy_14_S_physical_run_2,86.61282852842422,0.0,0.0,104
764311,14,S,5.932,VIA PRINCESSA 1,5,11,764297,True,1.1800000000000006,764322,False,0.3899999999999997,764322,False,764297,True,Fwy_14_S_physical_run_2,84.93979390992243,84.93979390992243,84.93979390992243,102
766703,14,S,8.463,SAND CANYON,7,11,764322,False,2.140999999999999,766712,True,2.200000000000001,766712,True,764322,False,Fwy_14_S_physical_run_3,77.32719694338311,75.64258423063563,75.64258423063563,94
766712,14,S,10.663,SOLEDAD CANYON RD,8,11,766703,True,2.200000000000001,766730,False,4.1,766730,False,766703,True,Fwy_14_S_physical_run_3,64.1079078383698,64.1079078383698,64.1079078383698,77
767790,14,S,33.163,AVE S,11,11,766749,False,14.999999999999996,,False,,,False,766749,False,Fwy_14_S_physical_run_4,38.25981243487322,38.25981243487322,38.25981243487322,46
771578,23,N,12.823,PAIGE,2,18,771253,False,0.3000000000000007,771268,True,0.8300000000000001,771253,False,771268,True,Fwy_23_N_physical_run_1,6.637142526340164,0.0,0.0,8
771268,23,N,13.653,JANSS 1,3,18,771578,True,0.8300000000000001,771285,True,0.1999999999999993,771578,True,771285,True,Fwy_23_N_physical_run_1,10.805256454787544,0.0,0.0,13
771285,23,N,13.853,JANSS 2,4,18,771268,True,0.1999999999999993,771294,True,0.35999999999999943,771268,True,771294,True,Fwy_23_N_physical_run_1,10.805256454787544,10.805256454787544,10.805256454787544,13
771294,23,N,14.213,LAS FLORES,5,18,771285,True,0.35999999999999943,771306,True,0.41000000000000014,771285,True,771306,True,Fwy_23_N_physical_run_1,10.805256454787544,10.805256454787544,10.805256454787544,13
771306,23,N,14.623,LOS ARBOLES 1,6,18,771294,True,0.41000000000000014,771318,True,0.20000000000000107,771294,True,771318,True,Fwy_23_N_physical_run_1,10.805256454787544,10.805256454787544,10.805256454787544,13
771318,23,N,14.823,LOS ARBOLES 2,7,18,771306,True,0.20000000000000107,771349,False,0.25,771306,True,771349,False,Fwy_23_N_physical_run_1,9.971633669098066,9.971633669098066,9.971633669098066,12
771329,23,N,15.733,SUNSET HILLS 1,9,18,771349,False,0.6600000000000001,771340,True,0.2400000000000002,771349,False,771340,True,Fwy_23_N_physical_run_2,9.971633669098066,9.971633669098066,9.971633669098066,12
771340,23,N,15.973,SUNSET HILLS 2,10,18,771329,True,0.2400000000000002,771360,True,0.9299999999999979,771329,True,771360,True,Fwy_23_N_physical_run_2,9.971633669098066,9.968739145536643,9.968739145536643,12
771360,23,N,16.903,OLSEN 1,11,18,771340,True,0.9299999999999979,771371,True,0.21000000000000085,771340,True,771371,True,Fwy_23_N_physical_run_2,6.6689822855158045,6.6689822855158045,6.6689822855158045,8
771371,23,N,17.113,OLSEN 2,12,18,771360,True,0.21000000000000085,771386,True,0.490000000000002,771360,True,771386,True,Fwy_23_N_physical_run_2,10.805256454787544,10.805256454787544,10.805256454787544,13
771386,23,N,17.603,N OF OLSEN,13,18,771371,True,0.490000000000002,771396,True,0.5,771371,True,771396,True,Fwy_23_N_physical_run_2,10.805256454787544,10.805256454787544,10.805256454787544,13
771396,23,N,18.103,S OF TIERRA REJADA,14,18,771386,True,0.5,771410,True,0.6199999999999974,771386,True,771410,True,Fwy_23_N_physical_run_2,9.971633669098066,9.968739145536643,9.968739145536643,12
771410,23,N,18.723,TIERRA REJADA 1,15,18,771396,True,0.6199999999999974,771421,True,0.0400000000000027,771396,True,771421,True,Fwy_23_N_physical_run_2,10.805256454787544,10.805256454787544,10.805256454787544,13
771421,23,N,18.763,TIERRA REJADA 2,16,18,771410,True,0.0400000000000027,771431,False,0.639999999999997,771410,True,771431,False,Fwy_23_N_physical_run_2,10.805256454787544,10.805256454787544,10.805256454787544,13
771441,23,N,20.013,NEW LOS ANGELES,18,18,771431,False,0.610000000000003,,False,,771431,False,,False,Fwy_23_N_physical_run_3,10.805256454787544,10.805256454787544,10.805256454787544,13
771577,23,S,12.823,PAIGE,2,18,771254,False,0.3000000000000007,771565,False,0.6699999999999999,771565,False,771254,False,Fwy_23_S_physical_run_1,6.637142526340164,0.0,0.0,8
771553,23,S,13.693,JANSS 2,4,18,771565,False,0.1999999999999993,771295,True,0.5199999999999996,771295,True,771565,False,Fwy_23_S_physical_run_2,5.803519740650689,0.0,0.0,7
771295,23,S,14.213,LAS FLORES,5,18,771553,True,0.5199999999999996,771542,True,0.26000000000000156,771542,True,771553,True,Fwy_23_S_physical_run_2,10.805256454787544,10.805256454787544,10.805256454787544,13
771542,23,S,14.473,LOS ARBOLES 1,6,18,771295,True,0.26000000000000156,771531,True,0.17999999999999972,771531,True,771295,True,Fwy_23_S_physical_run_2,9.971633669098066,9.971633669098066,9.971633669098066,12
771531,23,S,14.653,LOS ARBOLES 2,7,18,771542,True,0.17999999999999972,771350,False,0.41999999999999993,771350,False,771542,True,Fwy_23_S_physical_run_2,9.971633669098066,9.971633669098066,9.971633669098066,12
771521,23,S,15.613,SUNSET HILLS 1,9,18,771350,False,0.5399999999999991,771509,True,0.17999999999999972,771509,True,771350,False,Fwy_23_S_physical_run_3,9.971633669098066,9.971633669098066,9.971633669098066,12
771509,23,S,15.793,SUNSET HILLS 2,10,18,771521,True,0.17999999999999972,771499,False,0.7100000000000009,771499,False,771521,True,Fwy_23_S_physical_run_3,9.971633669098066,9.971633669098066,9.971633669098066,12
771488,23,S,16.813,OLSEN 2,12,18,771499,False,0.3099999999999987,771385,True,0.7900000000000027,771385,True,771499,False,Fwy_23_S_physical_run_4,10.805256454787544,10.805256454787544,10.805256454787544,13
771385,23,S,17.603,N OF OLSEN,13,18,771488,True,0.7900000000000027,771400,True,0.5,771400,True,771488,True,Fwy_23_S_physical_run_4,10.805256454787544,10.805256454787544,10.805256454787544,13
771400,23,S,18.103,S OF TIERRA REJADA,14,18,771385,True,0.5,771475,False,0.41999999999999815,771475,False,771385,True,Fwy_23_S_physical_run_4,9.971633669098066,9.971633669098066,9.971633669098066,12
777316,47,N,2.447,NEW DOCK ST,2,2,772420,False,0.5050000000000001,,False,,772420,False,,False,Fwy_47_N_physical_run_1,73.31538728725252,65.00231561884914,65.00231561884914,88
763558,57,N,17.087,SUNSET CROSSING,8,20,774866,False,0.46999999999999886,774877,True,0.33999999999999986,774866,False,774877,True,Fwy_57_N_physical_run_1,95.63505846937592,94.78696306587936,94.78696306587936,116
774877,57,N,17.427,STATE ST,9,20,763558,True,0.33999999999999986,763563,True,0.5500000000000007,763558,True,763563,True,Fwy_57_N_physical_run_1,95.63505846937592,79.29836748871136,79.29836748871136,116
763563,57,N,17.977,TEMPLE 1,10,20,774877,True,0.5500000000000007,763568,False,0.19000000000000128,774877,True,763568,False,Fwy_57_N_physical_run_1,97.30230404075488,97.29651499363204,97.29651499363204,118
774841,57,N,18.617,N/O POMONA,12,20,763568,False,0.4499999999999993,716203,False,0.5,763568,False,716203,False,Fwy_57_N_physical_run_2,84.55482227625333,1.5659372467291883,0.0,103
764096,57,N,20.517,VIA VERDE,15,20,774902,False,0.7800000000000011,718356,True,1.0199999999999996,774902,False,718356,True,Fwy_57_N_physical_run_3,97.30230404075488,97.29651499363204,97.29651499363204,118
718356,57,N,21.537,LOMA VISTA,16,20,764096,True,1.0199999999999996,718053,False,0.4200000000000017,764096,True,718053,False,Fwy_57_N_physical_run_3,97.30230404075488,97.26756975801784,97.26756975801784,118
774799,57,N,22.317,E/O CIENEGA AVE,18,20,718053,False,0.35999999999999943,718051,False,0.120000000000001,718053,False,718051,False,Fwy_57_N_physical_run_4,93.95912932731272,93.95912932731272,0.0,114
763583,57,S,16.942,SUNSET CROSSING,7,22,774865,False,0.23999999999999844,774878,True,0.5700000000000003,774878,True,774865,False,Fwy_57_S_physical_run_1,83.96433946972328,83.96433946972328,83.96433946972328,102
774878,57,S,17.512,STATE ST,8,22,763583,True,0.5700000000000003,763578,True,0.3619999999999983,763578,True,763583,True,Fwy_57_S_physical_run_1,95.63505846937592,93.92439504457566,93.92439504457566,116
763578,57,S,17.874,TEMPLE 1,9,22,774878,True,0.3619999999999983,763573,True,0.30400000000000205,763573,True,774878,True,Fwy_57_S_physical_run_1,95.63505846937592,95.63216394581453,95.63216394581453,116
763573,57,S,18.178,TEMPLE 2,10,22,763578,True,0.30400000000000205,774842,False,0.5240000000000009,774842,False,763578,True,Fwy_57_S_physical_run_1,88.01088340859094,43.232603913395856,43.232603913395856,107
763649,57,S,21.622,LOMA VISTA,15,22,718054,False,0.9600000000000009,718052,False,0.23999999999999844,718052,False,718054,False,Fwy_57_S_physical_run_2,97.30230404075488,97.30230404075488,97.30230404075488,118
774800,57,S,22.402,E/O CIENEGA AVE,17,22,718052,False,0.5400000000000027,768779,True,0.09999999999999787,768779,True,718052,False,Fwy_57_S_physical_run_3,93.967812897997,93.95912932731272,0.0,114
768779,57,S,22.502,ARROW HWY 1,18,22,774800,True,0.09999999999999787,718050,False,0.22000000000000242,718050,False,774800,True,Fwy_57_S_physical_run_3,97.30230404075488,97.30230404075488,97.30230404075488,118
774475,60,E,27.941,PHILLIPS RANCH RD,64,70,766661,False,2.099999999999998,766569,False,0.740000000000002,766661,False,766569,False,Fwy_60_E_physical_run_1,93.18050248929026,49.89579715178881,49.89579715178881,113
766600,60,E,29.111,E/B 60 W/O 71,66,70,766569,False,0.4299999999999997,766644,False,0.17999999999999972,766569,False,766644,False,Fwy_60_E_physical_run_2,87.33067037165682,25.654162324881323,25.654162324881323,106
766620,60,E,29.651,RTE 71 / GAREY AVE 2,68,70,766644,False,0.35999999999999943,766585,True,0.21999999999999886,766644,False,766585,True,Fwy_60_E_physical_run_3,85.66631932383929,81.4953108718305,81.4953108718305,104
766585,60,E,29.871,W/O TOWNE AVE,69,70,766620,True,0.21999999999999886,766843,True,0.6410000000000018,766620,True,766843,True,Fwy_60_E_physical_run_3,89.94731967118213,58.26097024429779,58.26097024429779,108
766843,60,E,30.512,RESERVOIR,70,70,766585,True,0.6410000000000018,,False,,766585,True,,False,Fwy_60_E_physical_run_3,81.60819729072594,80.77167998147505,80.77167998147505,98
766788,60,W,25.851,DIAMOND BAR,62,70,774926,False,0.7100000000000009,765456,True,2.1560000000000024,765456,True,774926,False,Fwy_60_W_physical_run_1,86.45362973254602,83.87750376288064,83.87750376288064,105
765456,60,W,28.007,PHILLIPS RANCH,63,70,766788,True,2.1560000000000024,774491,True,0.1339999999999968,774491,True,766788,True,Fwy_60_W_physical_run_1,88.13245339817067,88.1237698274864,88.1237698274864,107
774491,60,W,28.141,PHILLIPS RANCH W/B,64,70,765456,True,0.1339999999999968,766571,False,0.5400000000000027,766571,False,765456,True,Fwy_60_W_physical_run_1,97.30230404075488,94.00254718073406,94.00254718073406,118
766602,60,W,29.111,W/B 60 W/O 71,66,70,766571,False,0.4299999999999997,766642,True,0.17999999999999972,766642,True,766571,False,Fwy_60_W_physical_run_2,88.16429315734631,36.91964802593493,36.91964802593493,107
766642,60,W,29.291,RTE 71 / GAREY AVE 1,67,70,766602,True,0.17999999999999972,766622,True,0.35999999999999943,766622,True,766602,True,Fwy_60_W_physical_run_2,91.4987843001042,89.81417158735673,89.81417158735673,111
766622,60,W,29.651,RTE 71 / GAREY AVE 2,68,70,766642,True,0.35999999999999943,766587,True,0.21999999999999886,766587,True,766642,True,Fwy_60_W_physical_run_2,54.938057195785575,0.0,0.0,66
766587,60,W,29.871,W/O TOWNE AVE,69,70,766622,True,0.21999999999999886,765461,True,0.4640000000000022,765461,True,766622,True,Fwy_60_W_physical_run_2,89.94731967118213,2.3908764617343987,2.3908764617343987,108
765461,60,W,30.335,RESERVOIR,70,70,766587,True,0.4640000000000022,,False,,,False,766587,True,Fwy_60_W_physical_run_2,78.1608197290726,75.65995137200417,75.65995137200417,95
774279,90,E,2.466,W/O RTE 405,6,6,774302,False,1.7770000000000001,,False,,774302,False,,False,Fwy_90_E_physical_run_1,92.30056732661804,0.0,0.0,112
774278,90,W,2.466,W/O RTE 405,6,6,774301,False,1.7770000000000001,,False,,,False,774301,False,Fwy_90_W_physical_run_1,92.30056732661804,0.0,0.0,112
717367,91,E,1.158,MAIN,3,35,716273,False,0.5999999999999999,717369,True,0.3900000000000001,716273,False,717369,True,Fwy_91_E_physical_run_1,52.42271622091004,45.82030797730693,40.575431284010655,63
717369,91,E,1.548,AVALON 1,4,35,717367,True,0.3900000000000001,718130,True,0.26,717367,True,718130,True,Fwy_91_E_physical_run_1,60.779205742734746,59.93400486279958,59.93400486279958,73
718130,91,E,1.808,AVALON 2,5,35,717369,True,0.26,717376,False,0.45999999999999974,717369,True,717376,False,Fwy_91_E_physical_run_1,9.05406970012736,9.05406970012736,9.05406970012736,12
717373,91,E,2.578,CENTRAL 2,7,35,717376,False,0.31000000000000005,717379,False,0.5300000000000002,717376,False,717379,False,Fwy_91_E_physical_run_2,92.33819613291652,92.33819613291652,92.33819613291652,112
717387,91,E,4.478,SANTA FE,11,35,717383,False,0.34999999999999964,717390,True,0.5499999999999998,717383,False,717390,True,Fwy_91_E_physical_run_3,5.001736714136853,5.001736714136853,5.001736714136853,6
717390,91,E,5.028,LONG BEACH 1,12,35,717387,True,0.5499999999999998,717393,False,0.75,717387,True,717393,False,Fwy_91_E_physical_run_3,5.835359499826328,5.835359499826328,5.835359499826328,7
717396,91,E,6.198,ATLANTIC 2,14,35,717393,False,0.4200000000000008,716296,True,0.3699999999999992,717393,False,716296,True,Fwy_91_E_physical_run_4,72.45281926594882,72.45281926594882,72.44992474238741,87
716296,91,E,6.568,ORANGE,15,35,717396,True,0.3699999999999992,717402,False,0.6900000000000004,717396,True,717402,False,Fwy_91_E_physical_run_4,13.337964571031607,0.0,0.0,16
717406,91,E,7.688,PARAMOUNT,17,35,717402,False,0.4299999999999997,765467,False,0.5200000000000005,717402,False,765467,False,Fwy_91_E_physical_run_5,35.77631121917332,35.7734166956119,35.7734166956119,43
717418,91,E,8.798,LAKEWOOD 2,20,35,718326,False,0.21000000000000085,717420,False,0.41999999999999993,718326,False,717420,False,Fwy_91_E_physical_run_6,28.259233530160937,4.168113928447378,4.168113928447378,34
768898,91,E,9.538,BELLFLOWER 1,22,35,717420,False,0.3200000000000003,717426,True,0.21999999999999886,717420,False,717426,True,Fwy_91_E_physical_run_7,6.6689822855158045,6.6689822855158045,6.6689822855158045,8
717426,91,E,9.758,BELLFLOWER 2,23,35,768898,True,0.21999999999999886,716312,False,0.46000000000000085,768898,True,716312,False,Fwy_91_E_physical_run_7,47.44703021882598,45.77978464744703,40.7548917448188,57
717431,91,E,11.958,PIONEER 1,27,35,766209,False,0.5899999999999999,717434,True,0.25,766209,False,717434,True,Fwy_91_E_physical_run_8,83.76172282042376,49.947898575894406,49.947898575894406,101
717434,91,E,12.208,PIONEER 2,28,35,717431,True,0.25,717436,True,0.33000000000000007,717431,True,717436,True,Fwy_91_E_physical_run_8,96.5063100613639,96.50341553780248,96.50341553780248,117
717436,91,E,12.538,NORWALK 1,29,35,717434,True,0.33000000000000007,717439,True,0.23000000000000043,717434,True,717439,True,Fwy_91_E_physical_run_8,96.5063100613639,95.64953108718304,95.64953108718304,117
717439,91,E,12.768,NORWALK 2,30,35,717436,True,0.23000000000000043,717441,True,0.33999999999999986,717436,True,717441,True,Fwy_91_E_physical_run_8,62.327775848095406,2.2229940951719347,2.2229940951719347,76
717441,91,E,13.108,BLOOMFIELD,31,35,717439,True,0.33999999999999986,759980,True,0.29999999999999893,717439,True,759980,True,Fwy_91_E_physical_run_8,96.5063100613639,96.5063100613639,96.5063100613639,117
759980,91,E,13.408,SHOEMAKER,32,35,717441,True,0.29999999999999893,768223,False,0.08999999999999986,717441,True,768223,False,Fwy_91_E_physical_run_8,96.5063100613639,7.499710547643858,7.499710547643858,117
717443,91,E,14.208,183RD,34,35,768223,False,0.7100000000000009,773363,False,0.4900000000000002,768223,False,773363,False,Fwy_91_E_physical_run_9,27.50665740419127,25.005789047122843,25.005789047122843,33
717368,91,W,1.548,AVALON 1,3,34,717365,False,0.7100000000000001,765591,True,0.26,765591,True,717365,False,Fwy_91_W_physical_run_1,15.019682760217668,0.0,0.0,100
765591,91,W,1.808,AVALON 2,4,34,717368,True,0.26,717375,False,0.45999999999999974,717375,False,717368,True,Fwy_91_W_physical_run_1,9.05406970012736,9.05406970012736,9.05406970012736,12
717374,91,W,2.578,CENTRAL 2,6,34,717375,False,0.31000000000000005,717378,False,0.52,717378,False,717375,False,Fwy_91_W_physical_run_2,92.33819613291652,92.33819613291652,92.33819613291652,112
717388,91,W,4.478,SANTA FE,10,34,717384,False,0.34999999999999964,718327,True,0.5499999999999998,718327,True,717384,False,Fwy_91_W_physical_run_3,5.001736714136853,5.001736714136853,5.001736714136853,6
718327,91,W,5.028,LONG BEACH,11,34,717388,True,0.5499999999999998,717392,False,0.75,717392,False,717388,True,Fwy_91_W_physical_run_3,82.07421558411485,12.180155146462893,0.0,99
717397,91,W,6.198,ATLANTIC 2,13,34,717392,False,0.4200000000000008,716295,True,0.3699999999999992,716295,True,717392,False,Fwy_91_W_physical_run_4,72.45281926594882,72.45281926594882,72.45281926594882,87
716295,91,W,6.568,ORANGE,14,34,717397,True,0.3699999999999992,717399,True,0.4400000000000004,717399,True,717397,True,Fwy_91_W_physical_run_4,13.337964571031607,13.337964571031607,13.337964571031607,16
717399,91,W,7.008,CHERRY,15,34,716295,True,0.4400000000000004,717404,True,0.5,717404,True,716295,True,Fwy_91_W_physical_run_4,40.44807224730809,37.94720389023966,37.94720389023966,49
717404,91,W,7.508,PARAMOUNT,16,34,717399,True,0.5,717410,False,0.4900000000000002,717410,False,717399,True,Fwy_91_W_physical_run_4,54.938057195785575,34.89927058006252,19.51487785110571,66
717413,91,W,8.548,LAKEWOOD 1,18,34,717410,False,0.5499999999999998,717416,False,0.09999999999999964,717416,False,717410,False,Fwy_91_W_physical_run_5,6.6689822855158045,6.6689822855158045,6.6689822855158045,8
717424,91,W,9.538,BELLFLOWER 1,21,34,717421,False,0.3200000000000003,768907,True,0.21999999999999886,768907,True,717421,False,Fwy_91_W_physical_run_6,6.6689822855158045,6.66319323839296,6.66319323839296,8
768907,91,W,9.758,BELLFLOWER 2,22,34,717424,True,0.21999999999999886,716311,False,0.46000000000000085,716311,False,717424,True,Fwy_91_W_physical_run_6,46.61340743313651,34.84716915595693,34.84716915595693,56
717433,91,W,12.208,PIONEER 2,27,34,717428,False,0.25,717435,True,0.28999999999999915,717435,True,717428,False,Fwy_91_W_physical_run_7,96.50341553780248,0.0,0.0,117
717435,91,W,12.498,NORWALK 1,28,34,717433,True,0.28999999999999915,717438,False,0.20000000000000107,717438,False,717433,True,Fwy_91_W_physical_run_7,96.5063100613639,95.67268727567442,95.67268727567442,117
717440,91,W,13.058,BLOOMFIELD,30,34,717438,False,0.35999999999999943,766555,False,0.33999999999999986,766555,False,717438,False,Fwy_91_W_physical_run_8,96.5063100613639,95.669792752113,95.669792752113,117
717442,91,W,14.138,183RD,33,34,768222,False,0.6400000000000006,773362,False,0.5600000000000005,773362,False,768222,False,Fwy_91_W_physical_run_9,27.50665740419127,9.742966307745744,9.742966307745744,33
776480,101,N,1.748,VIGNES STREET,2,89,776425,False,0.20999999999999996,776752,True,0.5999999999999999,776425,False,776752,True,Fwy_101_N_physical_run_1,43.232603913395856,22.39203427115897,0.0,53
776752,101,N,2.348,FIRST STREET,3,89,776480,True,0.5999999999999999,773023,False,0.08000000000000007,776480,True,773023,False,Fwy_101_N_physical_run_1,43.232603913395856,42.39319208058354,42.39319208058354,53
717473,101,N,7.718,HOLLYWOOD,17,89,717469,False,0.2699999999999996,769372,False,0.1299999999999999,717469,False,769372,False,Fwy_101_N_physical_run_2,95.63505846937592,29.57334722704643,29.57334722704643,116
717483,101,N,9.458,CAHUENGA,21,89,769389,False,0.41000000000000014,769402,False,0.4900000000000002,769389,False,769402,False,Fwy_101_N_physical_run_3,95.63505846937592,0.0,0.0,116
717492,101,N,13.356,TUJUNGA,31,89,718141,False,0.47799999999999976,769467,False,0.9199999999999999,718141,False,769467,False,Fwy_101_N_physical_run_4,89.081857126317,89.081857126317,89.081857126317,107
717501,101,N,17.386,VAN NUYS,38,89,769443,False,0.7100000000000009,769431,False,0.39000000000000057,769443,False,769431,False,Fwy_101_N_physical_run_5,31.5618849137432,0.0,0.0,38
717513,101,N,22.739,RESEDA,49,89,776066,False,0.4200000000000017,776060,False,0.6899999999999977,776066,False,776060,False,Fwy_101_N_physical_run_6,31.5618849137432,0.8336227856894756,0.0,38
717515,101,N,23.719,TAMPA,51,89,776060,False,0.2900000000000027,772609,True,0.33999999999999986,776060,False,772609,True,Fwy_101_N_physical_run_7,31.5618849137432,31.5618849137432,29.906217436609936,38
772609,101,N,24.059,CORBIN,52,89,717515,True,0.33999999999999986,717517,False,0.6999999999999993,717515,True,717517,False,Fwy_101_N_physical_run_7,31.5618849137432,31.558990390181776,0.0,38
717519,101,N,25.809,DE SOTO,54,89,717517,False,1.0500000000000007,776073,False,0.3099999999999987,717517,False,776073,False,Fwy_101_N_physical_run_8,31.5618849137432,0.0,0.0,38
764803,101,N,40.469,WESTLAKE 1,73,89,765472,False,1.4100000000000037,764808,True,0.01999999999999602,765472,False,764808,True,Fwy_101_N_physical_run_9,59.11774921847864,13.297441241171704,0.0,71
764808,101,N,40.489,WESTLAKE 2,74,89,764803,True,0.01999999999999602,764819,True,0.8300000000000054,764803,True,764819,True,Fwy_101_N_physical_run_9,96.51499363204816,0.0,0.0,117
764819,101,N,41.319,HAMPSHIRE,75,89,764808,True,0.8300000000000054,764829,False,1.3999999999999986,764808,True,764829,False,Fwy_101_N_physical_run_9,94.84195901354636,94.84195901354636,90.62463818455484,115
776465,101,N,42.989,RTE 23 CN,77,89,764829,False,0.269999999999996,764839,True,0.7900000000000063,764829,False,764839,True,Fwy_101_N_physical_run_10,97.30230404075488,97.30230404075488,97.30230404075488,118
764839,101,N,43.779,MOORPARK,78,89,776465,True,0.7900000000000063,764863,True,0.9399999999999977,776465,True,764863,True,Fwy_101_N_physical_run_10,62.32198680097256,60.65474122959361,60.65474122959361,76
764863,101,N,44.719,LYNN RD,79,89,764839,True,0.9399999999999977,764879,False,0.9799999999999969,764839,True,764879,False,Fwy_101_N_physical_run_10,79.94674076646984,0.0,0.0,96
764915,101,N,47.609,WENDY 2,84,89,764910,False,0.20000000000000284,764921,False,2.75,764910,False,764921,False,Fwy_101_N_physical_run_11,97.30230404075488,96.465786731504,96.465786731504,118
764932,101,N,51.819,PLEASANT VALLEY,86,89,764921,False,1.4600000000000009,775302,False,7.759999999999998,764921,False,775302,False,Fwy_101_N_physical_run_12,62.32488132453398,62.32488132453398,62.32488132453398,76
767810,101,N,63.749,S/O VICTORIA,89,89,775365,False,4.050000000000004,,False,,775365,False,,False,Fwy_101_N_physical_run_13,88.99791594303578,88.95449808961445,88.95449808961445,108
776751,101,S,2.348,FIRST STREET,3,98,776328,False,0.3599999999999999,773024,False,0.08000000000000007,773024,False,776328,False,Fwy_101_S_physical_run_1,43.232603913395856,43.232603913395856,43.232603913395856,53
716328,101,S,3.428,EDGEWARE,6,98,764853,False,0.25,716331,False,0.48,716331,False,764853,False,Fwy_101_S_physical_run_2,38.230867199259,12.211994905638532,12.211994905638532,47
717472,101,S,7.708,HOLLYWOOD,17,98,717468,False,0.2599999999999998,769373,False,0.13999999999999968,769373,False,717468,False,Fwy_101_S_physical_run_3,95.63505846937592,19.879587819844858,19.879587819844858,116
717479,101,S,8.338,ARGYLE,19,98,769373,False,0.4899999999999993,717481,False,0.28000000000000114,717481,False,769373,False,Fwy_101_S_physical_run_4,94.83616996642353,0.0,0.0,115
717484,101,S,9.458,CAHUENGA,22,98,769388,False,0.41000000000000014,769403,False,0.4900000000000002,769403,False,769388,False,Fwy_101_S_physical_run_5,95.63505846937592,0.0,0.0,116
717499,101,S,17.127,VAN NUYS,39,98,769444,False,0.509999999999998,769430,False,0.5899999999999999,769430,False,769444,False,Fwy_101_S_physical_run_6,31.5618849137432,2.0551117286094707,0.0,38
764781,101,S,18.567,RT 405 CN,43,98,717813,False,0.4499999999999993,772140,False,0.33999999999999986,772140,False,717813,False,Fwy_101_S_physical_run_7,28.227393770985294,26.548570105360657,0.0,34
717514,101,S,23.402,TAMPA,51,98,717511,False,1.1099999999999994,772610,True,0.629999999999999,772610,True,717511,False,Fwy_101_S_physical_run_8,31.5618849137432,31.527150631006137,0.0,38
772610,101,S,24.032,CORBIN,52,98,717514,True,0.629999999999999,717516,False,0.5199999999999996,717516,False,717514,True,Fwy_101_S_physical_run_8,31.5618849137432,0.0,0.0,38
717518,101,S,25.562,DE SOTO,54,98,717516,False,1.0100000000000016,717520,False,0.5299999999999976,717520,False,717516,False,Fwy_101_S_physical_run_9,31.5618849137432,0.0,0.0,38
765150,101,S,40.002,WESTLAKE 1,81,98,764622,False,1.0900000000000034,764798,True,0.1699999999999946,764798,True,764622,False,Fwy_101_S_physical_run_10,94.84195901354636,94.84195901354636,58.91223804561769,115
764798,101,S,40.172,WESTLAKE 2,82,98,765150,True,0.1699999999999946,764814,True,0.8599999999999994,764814,True,765150,True,Fwy_101_S_physical_run_10,58.284126432789165,58.284126432789165,58.284126432789165,70
764814,101,S,41.032,HAMPSHIRE,83,98,764798,True,0.8599999999999994,764834,False,1.1600000000000037,764834,False,764798,True,Fwy_101_S_physical_run_10,96.51788815560958,41.524835012157,41.524835012157,117
764824,101,S,42.582,RANCHO,85,98,764834,False,0.39000000000000057,764848,True,0.8599999999999994,764848,True,764834,False,Fwy_101_S_physical_run_11,96.51788815560958,96.4947319671182,96.4947319671182,117
764848,101,S,43.442,MOORPARK,86,98,764824,True,0.8599999999999994,764868,False,0.9200000000000017,764868,False,764824,True,Fwy_101_S_physical_run_11,92.3353016093551,91.50167882366564,91.50167882366564,112
767811,101,S,63.722,S/O VICTORIA,95,98,775314,False,4.170000000000002,767801,False,5.999000000000002,767801,False,775314,False,Fwy_101_S_physical_run_12,88.19613291652195,88.1903438693991,88.1903438693991,107
760375,105,W,16.5,BELLFLOWER 1,36,39,760384,False,0.5,760369,False,0.3000000000000007,760369,False,760384,False,Fwy_105_W_physical_run_1,94.00544170429548,0.7467870788468218,0.7467870788468218,114
763367,110,N,12.79,EL SEGUNDO,18,50,716490,False,0.6199999999999992,716495,False,0.27000000000000135,716490,False,716495,False,Fwy_110_N_physical_run_1,3.3344911427579023,0.0,0.0,4
763408,110,N,17.06,FLORENCE,28,50,763400,False,1.1099999999999994,763419,False,0.5500000000000007,763400,False,763419,False,Fwy_110_N_physical_run_2,17.506078499478985,17.503183975917565,17.503183975917565,21
767760,110,N,29.43,YORK BLVD,49,50,767751,False,2.3999999999999986,767768,False,1.0,767751,False,767768,False,Fwy_110_N_physical_run_3,85.6257959939794,43.26154914901007,43.26154914901007,104
767759,110,S,29.382,YORK BLVD,39,40,767750,False,2.400000000000002,767767,False,1.0,767767,False,767750,False,Fwy_110_S_physical_run_1,84.8298020145884,84.82690749102697,84.82690749102697,103
760686,118,E,20.289,PRINCETON/LA AVE,1,56,,False,,760693,True,0.5599999999999987,,False,760693,True,Fwy_118_E_physical_run_1,6.6689822855158045,6.6689822855158045,6.6689822855158045,8
760693,118,E,20.849,COLLINS,2,56,760686,True,0.5599999999999987,772132,False,0.5820000000000007,760686,True,772132,False,Fwy_118_E_physical_run_1,7.50260507120528,7.50260507120528,7.50260507120528,9
772118,118,E,23.361,W/O DUMP SITE ACCESS,5,56,772125,False,0.9299999999999997,760812,False,0.5,772125,False,760812,False,Fwy_118_E_physical_run_2,9.13801088340859,9.13801088340859,9.13801088340859,11
760814,118,E,24.111,MADERA 2,7,56,760812,False,0.25,764081,True,0.21999999999999886,760812,False,764081,True,Fwy_118_E_physical_run_3,9.13801088340859,9.13801088340859,9.13801088340859,11
764081,118,E,24.331,E OF MADERA,8,56,760814,True,0.21999999999999886,760801,True,0.379999999999999,760814,True,760801,True,Fwy_118_E_physical_run_3,7.453398170661109,7.453398170661109,7.453398170661109,9
760801,118,E,24.711,FIRST 1,9,56,764081,True,0.379999999999999,760794,False,0.19000000000000128,764081,True,760794,False,Fwy_118_E_physical_run_3,9.13801088340859,9.13801088340859,9.13801088340859,11
764072,118,E,25.131,CALDWELL,11,56,760794,False,0.23000000000000043,760782,True,0.5799999999999983,760794,False,760782,True,Fwy_118_E_physical_run_4,9.13801088340859,9.13801088340859,9.13801088340859,11
760782,118,E,25.711,ERRINGER 1,12,56,764072,True,0.5799999999999983,760774,True,0.19000000000000128,764072,True,760774,True,Fwy_118_E_physical_run_4,9.13801088340859,9.13801088340859,9.13801088340859,11
760774,118,E,25.901,ERRINGER 2,13,56,760782,True,0.19000000000000128,764068,True,0.129999999999999,760782,True,764068,True,Fwy_118_E_physical_run_4,9.13801088340859,9.13801088340859,9.13801088340859,11
764068,118,E,26.031,ATHERWOOD,14,56,760774,True,0.129999999999999,760765,True,0.6799999999999997,760774,True,760765,True,Fwy_118_E_physical_run_4,9.13801088340859,0.0,0.0,11
760765,118,E,26.711,SYCAMORE 1,15,56,764068,True,0.6799999999999997,760756,True,0.20000000000000284,764068,True,760756,True,Fwy_118_E_physical_run_4,0.7525761259696654,0.7438925552854,0.7438925552854,1
760756,118,E,26.911,SYCAMORE 2,16,56,760765,True,0.20000000000000284,759142,False,0.36999999999999744,760765,True,759142,False,Fwy_118_E_physical_run_4,9.13801088340859,9.13801088340859,9.13801088340859,11
760746,118,E,28.221,TAPO CYN 1,19,56,764193,False,0.48999999999999844,760738,True,0.19000000000000128,764193,False,760738,True,Fwy_118_E_physical_run_5,9.13801088340859,0.0,0.0,11
760738,118,E,28.411,TAPO CYN 2,20,56,760746,True,0.19000000000000128,764185,True,0.3299999999999983,760746,True,764185,True,Fwy_118_E_physical_run_5,9.13801088340859,9.13801088340859,9.13801088340859,11
764185,118,E,28.741,TAPO ST,21,56,760738,True,0.3299999999999983,764181,True,0.490000000000002,760738,True,764181,True,Fwy_118_E_physical_run_5,9.13801088340859,9.13801088340859,9.13801088340859,11
764181,118,E,29.231,KADOTA,22,56,764185,True,0.490000000000002,760726,True,0.48999999999999844,764185,True,760726,True,Fwy_118_E_physical_run_5,9.13801088340859,9.13801088340859,9.13801088340859,11
760726,118,E,29.721,STEARNS 1,23,56,764181,True,0.48999999999999844,760718,False,0.19000000000000128,764181,True,760718,False,Fwy_118_E_physical_run_5,9.13801088340859,9.13801088340859,9.13801088340859,11
717553,118,E,30.461,YOSEMITE 1,26,56,764173,False,0.22999999999999687,717560,False,0.20000000000000284,764173,False,717560,False,Fwy_118_E_physical_run_6,7.50260507120528,7.50260507120528,7.50260507120528,9
764165,118,E,30.891,COCHRAN,28,56,717560,False,0.22999999999999687,717565,False,0.860000000000003,717560,False,717565,False,Fwy_118_E_physical_run_7,7.50260507120528,7.50260507120528,7.50260507120528,9
772487,118,E,33.961,E/O  ROCKY PEAK,32,56,717568,False,0.5,765920,True,0.6700000000000017,717568,False,765920,True,Fwy_118_E_physical_run_8,10.805256454787544,10.805256454787544,10.805256454787544,13
765920,118,E,34.631,INVERSON RD,33,56,772487,True,0.6700000000000017,717525,False,0.8500000000000014,772487,True,717525,False,Fwy_118_E_physical_run_8,10.805256454787544,10.805256454787544,10.805256454787544,13
771706,118,E,37.431,PORTER RANCH,38,56,765941,False,0.6999999999999957,765995,True,0.30000000000000426,765941,False,765995,True,Fwy_118_E_physical_run_9,10.805256454787544,10.805256454787544,10.805256454787544,13
765995,118,E,37.731,CORBIN AVE,39,56,771706,True,0.30000000000000426,717533,True,0.4799999999999969,771706,True,717533,True,Fwy_118_E_physical_run_9,10.805256454787544,10.805256454787544,10.805256454787544,13
717533,118,E,38.211,TAMPA,40,56,765995,True,0.4799999999999969,765958,True,0.5200000000000031,765995,True,765958,True,Fwy_118_E_physical_run_9,7.47076531202964,7.47076531202964,7.47076531202964,9
765958,118,E,38.731,WILBUR AVE,41,56,717533,True,0.5200000000000031,717536,True,0.6299999999999955,717533,True,717536,True,Fwy_118_E_physical_run_9,10.805256454787544,10.805256454787544,10.805256454787544,13
717536,118,E,39.361,RESEDA,42,56,765958,True,0.6299999999999955,766012,False,0.5700000000000003,765958,True,766012,False,Fwy_118_E_physical_run_9,7.47076531202964,7.47076531202964,7.47076531202964,9
766029,118,E,40.431,WHITE OAK AVE,44,56,766012,False,0.5,766046,False,0.5,766012,False,766046,False,Fwy_118_E_physical_run_10,5.835359499826328,5.835359499826328,5.835359499826328,7
717539,118,E,41.261,BALBOA 1,46,56,766046,False,0.3300000000000054,717541,True,0.259999999999998,766046,False,717541,True,Fwy_118_E_physical_run_11,6.637142526340164,0.0,0.0,8
717541,118,E,41.521,BALBOA 2,47,56,717539,True,0.259999999999998,717543,True,0.519999999999996,717539,True,717543,True,Fwy_118_E_physical_run_11,8.304388097719116,0.0,0.0,10
717543,118,E,42.041,HAYVENHURST,48,56,717541,True,0.519999999999996,717547,False,0.4200000000000017,717541,True,717547,False,Fwy_118_E_physical_run_11,7.47076531202964,7.47076531202964,7.47076531202964,9
717554,118,W,19.949,PRINCETON/LA AVE,1,54,,False,,717566,True,0.8699999999999974,717566,True,,False,Fwy_118_W_physical_run_1,6.6689822855158045,6.6689822855158045,6.6689822855158045,8
717566,118,W,20.819,COLLINS,2,54,717554,True,0.8699999999999974,772133,False,0.6120000000000019,772133,False,717554,True,Fwy_118_W_physical_run_1,7.50260507120528,7.50260507120528,7.50260507120528,9
772119,118,W,23.361,W/O DUMP SITE ACCESS,5,54,772126,False,0.9299999999999997,760869,True,0.4299999999999997,760869,True,772126,False,Fwy_118_W_physical_run_2,9.13801088340859,9.13801088340859,9.13801088340859,11
760869,118,W,23.791,MADERA 1,6,54,772119,True,0.4299999999999997,764085,True,0.5399999999999991,764085,True,772119,True,Fwy_118_W_physical_run_2,9.13801088340859,9.13801088340859,9.13801088340859,11
764085,118,W,24.331,E OF MADERA,7,54,760869,True,0.5399999999999991,760971,True,0.21999999999999886,760971,True,760869,True,Fwy_118_W_physical_run_2,9.13801088340859,9.13801088340859,9.13801088340859,11
760971,118,W,24.551,FIRST 1,8,54,764085,True,0.21999999999999886,760959,True,0.2700000000000031,760959,True,764085,True,Fwy_118_W_physical_run_2,9.13801088340859,9.13801088340859,9.13801088340859,11
760959,118,W,24.821,FIRST 2,9,54,760971,True,0.2700000000000031,764076,True,0.3099999999999987,764076,True,760971,True,Fwy_118_W_physical_run_2,9.13801088340859,9.13801088340859,9.13801088340859,11
764076,118,W,25.131,CALDWELL,10,54,760959,True,0.3099999999999987,760951,False,0.46999999999999886,760951,False,760959,True,Fwy_118_W_physical_run_2,9.13801088340859,8.333333333333334,8.333333333333334,11
760941,118,W,25.781,ERRINGER 2,12,54,760951,False,0.17999999999999972,764064,True,0.25,764064,True,760951,False,Fwy_118_W_physical_run_3,4.9698969549612135,4.9698969549612135,4.9698969549612135,6
764064,118,W,26.031,ATHERWOOD,13,54,760941,True,0.25,760932,True,0.5700000000000003,760932,True,760941,True,Fwy_118_W_physical_run_3,9.13801088340859,9.13801088340859,9.13801088340859,11
760932,118,W,26.601,SYCAMORE 1,14,54,764064,True,0.5700000000000003,760921,False,0.19000000000000128,760921,False,764064,True,Fwy_118_W_physical_run_3,9.13801088340859,6.576357531550307,6.576357531550307,11
760911,118,W,28.091,TAPO CYN 1,18,54,764197,False,0.35999999999999943,760900,True,0.18999999999999773,760900,True,764197,False,Fwy_118_W_physical_run_4,9.13801088340859,9.13801088340859,9.13801088340859,11
760900,118,W,28.281,TAPO CYN 2,19,54,760911,True,0.18999999999999773,764189,True,0.46000000000000085,764189,True,760911,True,Fwy_118_W_physical_run_4,9.13801088340859,0.0,0.0,11
764189,118,W,28.741,TAPO ST,20,54,760900,True,0.46000000000000085,764177,True,0.490000000000002,764177,True,760900,True,Fwy_118_W_physical_run_4,9.13801088340859,0.0,0.0,11
764177,118,W,29.231,KADOTA,21,54,764189,True,0.490000000000002,760892,True,0.36999999999999744,760892,True,764189,True,Fwy_118_W_physical_run_4,9.13801088340859,9.135116359847167,9.135116359847167,11
760892,118,W,29.601,STEARNS 1,22,54,764177,True,0.36999999999999744,717558,False,0.19000000000000128,717558,False,764177,True,Fwy_118_W_physical_run_4,9.13801088340859,9.13801088340859,9.13801088340859,11
717549,118,W,30.291,YOSEMITE 1,25,54,764169,False,0.05999999999999872,717557,False,0.14000000000000057,717557,False,764169,False,Fwy_118_W_physical_run_5,7.50260507120528,7.50260507120528,7.50260507120528,9
764161,118,W,30.891,COCHRAN,27,54,717557,False,0.4599999999999973,717562,False,0.4200000000000017,717562,False,717557,False,Fwy_118_W_physical_run_6,7.50260507120528,7.50260507120528,7.50260507120528,9
772092,118,W,33.411,ROCKY PEAK 1,29,54,717562,False,2.1000000000000014,760706,False,0.04999999999999716,760706,False,717562,False,Fwy_118_W_physical_run_7,10.805256454787544,10.805256454787544,10.805256454787544,13
772488,118,W,33.961,E/O  ROCKY PEAK,31,54,760706,False,0.5,765922,True,0.6700000000000017,765922,True,760706,False,Fwy_118_W_physical_run_8,10.805256454787544,10.805256454787544,10.805256454787544,13
765922,118,W,34.631,INVERSON RD,32,54,772488,True,0.6700000000000017,760828,False,0.6099999999999994,760828,False,772488,True,Fwy_118_W_physical_run_8,10.805256454787544,10.805256454787544,10.805256454787544,13
771721,118,W,37.391,PORTER RANCH,37,54,765943,False,0.6599999999999966,765993,True,0.3400000000000034,765993,True,765943,False,Fwy_118_W_physical_run_9,10.805256454787544,0.0,0.0,13
765993,118,W,37.731,CORBIN AVE,38,54,771721,True,0.3400000000000034,717532,False,0.3200000000000003,717532,False,771721,True,Fwy_118_W_physical_run_9,10.805256454787544,10.805256454787544,0.0,13
765960,118,W,38.731,WILBUR AVE,40,54,717532,False,0.6799999999999997,717535,True,0.44999999999999574,717535,True,717532,False,Fwy_118_W_physical_run_10,10.805256454787544,10.805256454787544,10.805256454787544,13
717535,118,W,39.181,RESEDA,41,54,765960,True,0.44999999999999574,766010,False,0.75,766010,False,765960,True,Fwy_118_W_physical_run_10,10.805256454787544,10.805256454787544,10.805256454787544,13
766027,118,W,40.431,WHITE OAK AVE,43,54,766010,False,0.5,766044,False,0.5,766044,False,766010,False,Fwy_118_W_physical_run_11,5.835359499826328,5.835359499826328,5.835359499826328,7
717537,118,W,41.211,BALBOA 1,45,54,766044,False,0.28000000000000114,717544,True,0.8299999999999983,717544,True,766044,False,Fwy_118_W_physical_run_12,7.47076531202964,7.47076531202964,7.47076531202964,9
717544,118,W,42.041,HAYVENHURST,46,54,717537,True,0.8299999999999983,717546,False,0.4200000000000017,717546,False,717537,True,Fwy_118_W_physical_run_12,7.47076531202964,7.47076531202964,7.47076531202964,9
760987,134,E,2.11,HOLLYWOOD WAY,4,27,773880,False,0.10999999999999988,773890,True,0.18999999999999995,773880,False,773890,True,Fwy_134_E_physical_run_1,77.29535718420748,76.461734398518,76.461734398518,94
773890,134,E,2.3,W/O BOB HOPE,5,27,760987,True,0.18999999999999995,717573,False,0.7400000000000002,760987,True,717573,False,Fwy_134_E_physical_run_1,92.30056732661804,92.2976728030566,92.2976728030566,112
761003,134,E,3.88,FOREST LAWN,8,27,773869,False,0.48,718204,False,0.8100000000000005,773869,False,718204,False,Fwy_134_E_physical_run_2,73.96086604144958,73.96086604144958,73.96086604144958,90
773904,134,E,4.8,W/O RIVERSIDE,10,27,718204,False,0.10999999999999943,773953,False,0.20000000000000018,718204,False,773953,False,Fwy_134_E_physical_run_3,34.8963760565011,3.210026629616765,3.210026629616765,43
773927,134,E,5.7,RTE 5 / ZOO DR,13,27,773916,False,0.20000000000000018,717578,True,0.39999999999999947,773916,False,717578,True,Fwy_134_E_physical_run_4,87.33067037165682,85.66342480027788,85.66342480027788,106
717578,134,E,6.1,SAN FERNANDO,14,27,773927,True,0.39999999999999947,717580,True,0.3800000000000008,773927,True,717580,True,Fwy_134_E_physical_run_4,84.8298020145884,83.99617922889892,83.99617922889892,103
717580,134,E,6.48,PACIFIC,15,27,717578,True,0.3800000000000008,717583,True,0.9299999999999997,717578,True,717583,True,Fwy_134_E_physical_run_4,86.49704758596735,84.79217320828991,84.79217320828991,105
717583,134,E,7.41,BRAND,16,27,717580,True,0.9299999999999997,717585,False,0.4299999999999997,717580,True,717585,False,Fwy_134_E_physical_run_4,85.66342480027788,83.02072478869978,83.02072478869978,104
718496,134,W,1.9,ALAMEDA SB,3,24,717571,False,0.95,774204,True,0.020000000000000018,774204,True,717571,False,Fwy_134_W_physical_run_1,91.46694454092857,91.46405001736714,91.46405001736714,111
774204,134,W,1.92,ALAMEDA 2 NB,4,24,718496,True,0.020000000000000018,717572,False,0.94,717572,False,718496,True,Fwy_134_W_physical_run_1,90.63332175523908,90.63332175523908,90.63332175523908,110
718499,134,W,3.75,FOREST LAWN,7,24,773870,False,0.3500000000000001,717576,False,0.9400000000000004,717576,False,773870,False,Fwy_134_W_physical_run_2,90.63332175523908,90.63042723167769,90.63042723167769,110
773906,134,W,4.8,W/O RIVERSIDE,9,24,717576,False,0.10999999999999943,773954,False,0.20000000000000018,773954,False,717576,False,Fwy_134_W_physical_run_3,34.8963760565011,0.0,0.0,43
716551,134,W,5.983,SAN FERNANDO,12,24,774067,False,0.593,716554,True,0.5200000000000005,716554,True,774067,False,Fwy_134_W_physical_run_4,69.82459187217783,68.1197174945004,68.1197174945004,85
716554,134,W,6.503,PACIFIC,13,24,716551,True,0.5200000000000005,717582,True,0.1899999999999995,717582,True,716551,True,Fwy_134_W_physical_run_4,86.49704758596735,84.82690749102697,84.82690749102697,105
717582,134,W,6.693,CENTRAL,14,24,716554,True,0.1899999999999995,717099,False,0.9800000000000004,717099,False,716554,True,Fwy_134_W_physical_run_4,85.66342480027788,83.99039018177608,83.99039018177608,104
768297,210,E,1.0,YARNELL ST,2,82,770599,False,0.6799999999999999,768283,False,1.1,770599,False,768283,False,Fwy_210_E_physical_run_1,50.54127590598588,0.0,0.0,61
770544,210,E,7.19,TERRA BELLA,11,82,770331,False,0.6900000000000004,770061,True,0.8099999999999996,770331,False,770061,True,Fwy_210_E_physical_run_2,35.75315503068195,0.0,0.0,43
770061,210,E,8.0,OSBORNE / FOOTHILL,12,82,770544,True,0.8099999999999996,770556,False,0.5999999999999996,770544,True,770556,False,Fwy_210_E_physical_run_2,57.36945698737988,57.36945698737988,57.36945698737988,70
770089,210,E,11.0,SUNLAND SB,15,82,770076,False,1.5,770103,False,0.3000000000000007,770076,False,770103,False,Fwy_210_E_physical_run_3,83.13071668403381,78.04503878661572,78.04503878661572,101
769895,210,E,15.68,LOWELL / HONOLULU,18,82,770116,False,1.2899999999999991,769880,True,1.3000000000000007,770116,False,769880,True,Fwy_210_E_physical_run_4,87.33067037165682,87.33067037165682,87.33067037165682,106
769880,210,E,16.98,PENNSYLVANIA,19,82,769895,True,1.3000000000000007,769866,True,0.3999999999999986,769895,True,769866,True,Fwy_210_E_physical_run_4,89.83153872872525,89.82864420516383,89.82864420516383,109
769866,210,E,17.38,LA CRESCENTA,20,82,769880,True,0.3999999999999986,769847,True,0.8000000000000007,769880,True,769847,True,Fwy_210_E_physical_run_4,93.967812897997,93.9562348037513,93.9562348037513,114
769847,210,E,18.18,OCEAN VIEW,21,82,769866,True,0.8000000000000007,770385,True,0.8999999999999986,769866,True,770385,True,Fwy_210_E_physical_run_4,71.49473196711821,71.49473196711821,71.49473196711821,87
770385,210,E,19.08,EB/NB 2 TO EB 210 CN,22,82,769847,True,0.8999999999999986,769831,True,0.7000000000000028,769847,True,769831,True,Fwy_210_E_physical_run_4,42.39898112770638,42.39898112770638,42.39898112770638,51
769831,210,E,19.78,ANGELES CREST HWY SB,23,82,770385,True,0.7000000000000028,769819,True,0.1999999999999993,770385,True,769819,True,Fwy_210_E_physical_run_4,43.264443672571495,43.264443672571495,43.264443672571495,52
769819,210,E,19.98,ANGELES CREST HWY NB,24,82,769831,True,0.1999999999999993,769984,False,0.41999999999999815,769831,True,769984,False,Fwy_210_E_physical_run_4,44.066226699085334,44.066226699085334,44.066226699085334,53
769806,210,E,20.98,FOOTHILL,26,82,769984,False,0.5800000000000018,769788,True,0.5999999999999979,769984,False,769788,True,Fwy_210_E_physical_run_5,51.56883177029061,49.06796341322218,49.06796341322218,62
769788,210,E,21.58,BERKSHIRE,27,82,769806,True,0.5999999999999979,717617,True,1.0200000000000031,769806,True,717617,True,Fwy_210_E_physical_run_5,82.29709389834433,82.29709389834433,82.29709389834433,100
717617,210,E,22.6,ARROYO,28,82,769788,True,1.0200000000000031,717620,False,0.5399999999999991,769788,True,717620,False,Fwy_210_E_physical_run_5,46.567095056153754,46.55841148546949,46.55841148546949,56
717638,210,E,27.14,HILL 1,36,82,717635,False,0.6700000000000017,717640,True,0.48999999999999844,717635,False,717640,True,Fwy_210_E_physical_run_6,95.63505846937592,95.63505846937592,94.7782794951951,116
717640,210,E,27.63,ALLEN,37,82,717638,True,0.48999999999999844,717646,True,1.0500000000000007,717638,True,717646,True,Fwy_210_E_physical_run_6,96.46868125506542,96.46868125506542,96.46868125506542,117
717646,210,E,28.68,SAN GABRIEL,38,82,717640,True,1.0500000000000007,717650,True,0.7600000000000016,717640,True,717650,True,Fwy_210_E_physical_run_6,95.63505846937592,95.6176913280074,95.60611323376172,116
717650,210,E,29.44,SIERRA MADRE V2,39,82,717646,True,0.7600000000000016,717654,True,0.5889999999999986,717646,True,717654,True,Fwy_210_E_physical_run_6,95.63505846937592,95.63505846937592,95.6292694222531,116
717654,210,E,30.029,ROSEMEAD 1,40,82,717650,True,0.5889999999999986,717659,True,0.2699999999999996,717650,True,717659,True,Fwy_210_E_physical_run_6,96.465786731504,96.45999768438116,96.45999768438116,117
717659,210,E,30.299,MICHILLINDA,41,82,717654,True,0.2699999999999996,773154,False,0.39000000000000057,717654,True,773154,False,Fwy_210_E_physical_run_6,95.6292694222531,0.0,0.0,116
717672,210,E,32.349,SANTA ANITA 2,44,82,717667,False,1.1099999999999959,773193,False,0.44000000000000483,717667,False,773193,False,Fwy_210_E_physical_run_7,93.53363436378372,93.52205626953804,93.52205626953804,113
761165,210,E,35.409,MOUNTAIN,49,82,761152,False,0.9699999999999989,761177,True,0.240000000000002,761152,False,761177,True,Fwy_210_E_physical_run_8,91.46694454092857,22.389139747597547,22.389139747597547,111
761177,210,E,35.649,BUENA VISTA,50,82,761165,True,0.240000000000002,769701,False,0.4399999999999977,761165,True,769701,False,Fwy_210_E_physical_run_8,87.87484080120412,0.0,0.0,107
761191,210,E,36.619,MOUNT OLIVE DR / 605,52,82,769701,False,0.5300000000000011,769772,True,0.2700000000000031,769701,False,769772,True,Fwy_210_E_physical_run_9,87.29883061248118,83.2493921500521,83.2493921500521,106
769772,210,E,36.889,NB 605 TO EB 210 CON,53,82,761191,True,0.2700000000000031,772857,True,0.5,761191,True,772857,True,Fwy_210_E_physical_run_9,93.967812897997,9.916637721431051,9.916637721431051,114
772857,210,E,37.389,SAN GABRIEL RIVER,54,82,769772,True,0.5,772872,False,0.3999999999999986,769772,True,772872,False,Fwy_210_E_physical_run_9,9.169850642584231,9.169850642584231,8.321755239087647,11
761206,210,E,38.298,IRWINDALE,56,82,772872,False,0.5090000000000003,772887,False,0.49099999999999966,772872,False,772887,False,Fwy_210_E_physical_run_10,91.46694454092857,91.46405001736714,91.46405001736714,111
761220,210,E,39.339,VERNON,58,82,772887,False,0.5499999999999972,765477,True,0.5900000000000034,772887,False,765477,True,Fwy_210_E_physical_run_11,86.06865809887692,86.06286905175408,86.06286905175408,104
765477,210,E,39.929,AZUSA 1,59,82,761220,True,0.5900000000000034,717684,True,0.07000000000000028,761220,True,717684,True,Fwy_210_E_physical_run_11,86.9022808845664,86.8878082667593,86.8878082667593,105
717684,210,E,39.999,AZUSA 2,60,82,765477,True,0.07000000000000028,772903,True,0.18999999999999773,765477,True,772903,True,Fwy_210_E_physical_run_11,11.638879240477015,11.638879240477015,11.638879240477015,14
772903,210,E,40.189,PASADENA AVE,61,82,717684,True,0.18999999999999773,765486,False,0.6640000000000015,717684,True,765486,False,Fwy_210_E_physical_run_11,76.8988074562927,76.8988074562927,76.8988074562927,93
718469,210,E,40.989,CITRUS 2,63,82,765486,False,0.13599999999999568,772917,True,0.4000000000000057,765486,False,772917,True,Fwy_210_E_physical_run_12,89.40314924163482,0.0,0.0,108
772917,210,E,41.389,E/B 210-W/O BARRANCA,64,82,718469,True,0.4000000000000057,717692,False,0.5899999999999963,718469,True,717692,False,Fwy_210_E_physical_run_12,89.40314924163482,89.4002547180734,89.4002547180734,108
772932,210,E,42.589,E/O GLENDORA,66,82,717692,False,0.6099999999999994,772953,True,0.30000000000000426,717692,False,772953,True,Fwy_210_E_physical_run_13,69.54671761028135,0.0,0.0,85
772953,210,E,42.889,BONNIE COVE,67,82,772932,True,0.30000000000000426,716142,True,0.6999999999999957,772932,True,716142,True,Fwy_210_E_physical_run_13,89.40314924163482,80.23040407548918,80.23040407548918,108
716142,210,E,43.589,SUNFLOWER AV,68,82,772953,True,0.6999999999999957,716143,False,0.8999999999999986,772953,True,716143,False,Fwy_210_E_physical_run_13,89.4002547180734,89.39736019451199,89.39736019451199,108
770243,210,W,4.7,MACLAY,7,90,770229,False,1.2000000000000002,770353,False,0.8099999999999996,770353,False,770229,False,Fwy_210_W_physical_run_1,96.46868125506542,96.46868125506542,96.46868125506542,117
770545,210,W,7.19,TERRA BELLA,11,90,770332,False,0.6900000000000004,770275,True,0.54,770275,True,770332,False,Fwy_210_W_physical_run_2,32.334722704642815,0.0,0.0,39
770275,210,W,7.73,OSBORNE / FOOTHILL,12,90,770545,True,0.54,770555,False,0.8699999999999992,770555,False,770545,True,Fwy_210_W_physical_run_2,91.46694454092857,90.59858747250205,90.59858747250205,111
770290,210,W,9.3,WHEATLAND,14,90,770555,False,0.7000000000000011,770200,False,1.5999999999999996,770200,False,770555,False,Fwy_210_W_physical_run_3,59.86164177376404,58.17992358457798,58.17992358457798,72
770187,210,W,11.1,SUNLAND NB,16,90,770200,False,0.1999999999999993,770141,True,2.880000000000001,770141,True,770200,False,Fwy_210_W_physical_run_4,83.16545096677088,83.16545096677088,83.16545096677088,101
770141,210,W,13.98,LA TUNA CANYON SB,17,90,770187,True,2.880000000000001,770129,True,0.1999999999999993,770129,True,770187,True,Fwy_210_W_physical_run_4,85.63158504110224,85.62290147041797,85.62290147041797,104
770129,210,W,14.18,LA TUNA CANYON NB,18,90,770141,True,0.1999999999999993,769965,True,1.0999999999999996,769965,True,770141,True,Fwy_210_W_physical_run_4,97.30230404075488,97.2907259465092,97.2907259465092,118
769965,210,W,15.28,HONOLULU,19,90,770129,True,1.0999999999999996,769911,True,1.299999999999999,769911,True,770129,True,Fwy_210_W_physical_run_4,97.30230404075488,97.30230404075488,97.30230404075488,118
769911,210,W,16.58,PENNSYLVANIA,20,90,769965,True,1.299999999999999,769867,True,0.8000000000000007,769867,True,769965,True,Fwy_210_W_physical_run_4,96.46868125506542,11.74018756512678,0.0,117
769867,210,W,17.38,LA CRESCENTA,21,90,769911,True,0.8000000000000007,769926,True,0.5,769926,True,769911,True,Fwy_210_W_physical_run_4,93.967812897997,93.967812897997,93.967812897997,114
769926,210,W,17.88,OCEAN VIEW,22,90,769867,True,0.5,770401,False,0.4400000000000013,770401,False,769867,True,Fwy_210_W_physical_run_4,92.30056732661804,91.44957739956004,91.4206321639458,112
769953,210,W,19.78,ANGELES CREST HWY NB,26,90,769941,False,0.20000000000000284,769983,False,0.6199999999999974,769983,False,769941,False,Fwy_210_W_physical_run_5,58.23781405580642,57.79205742734746,57.79205742734746,70
769807,210,W,20.98,FOOTHILL,28,90,769983,False,0.5800000000000018,770000,True,0.41000000000000014,770000,True,769983,False,Fwy_210_W_physical_run_6,49.832117633437534,4.168113928447378,4.168113928447378,60
770000,210,W,21.39,BERKSHIRE,29,90,769807,True,0.41000000000000014,717615,False,0.9100000000000001,717615,False,769807,True,Fwy_210_W_physical_run_6,47.40071784184323,47.40071784184323,47.40071784184323,57
717622,210,W,23.0,LINCOLN 1,31,90,717615,False,0.6999999999999993,770568,True,0.7899999999999991,770568,True,717615,False,Fwy_210_W_physical_run_7,94.80143568368646,0.8162556443209448,0.8162556443209448,115
770568,210,W,23.79,HAMMOND ST.,32,90,717622,True,0.7899999999999991,717624,False,0.10999999999999943,717624,False,717622,True,Fwy_210_W_physical_run_7,93.967812897997,93.967812897997,93.967812897997,114
717637,210,W,26.8,HILL,39,90,717634,False,0.6799999999999997,717642,True,1.2300000000000004,717642,True,717634,False,Fwy_210_W_physical_run_8,97.30230404075488,97.30230404075488,93.8896607618386,118
717642,210,W,28.03,ALTADENA,40,90,717637,True,1.2300000000000004,717644,False,0.23999999999999844,717644,False,717637,True,Fwy_210_W_physical_run_8,97.26178071089498,65.74041912701169,49.04191270116939,118
717649,210,W,29.17,SIERRA MADRE V1,42,90,717644,False,0.9000000000000021,717653,False,0.7089999999999996,717653,False,717644,False,Fwy_210_W_physical_run_9,97.30230404075488,97.25599166377216,0.0,118
717661,210,W,30.139,MICHILLINDA,45,90,717657,False,0.14000000000000057,773179,False,0.5500000000000007,773179,False,717657,False,Fwy_210_W_physical_run_10,8.304388097719116,8.304388097719116,8.304388097719116,10
717663,210,W,30.779,BALDWIN 1,47,90,773179,False,0.08999999999999986,717664,True,0.21999999999999886,717664,True,773179,False,Fwy_210_W_physical_run_11,97.30230404075488,0.7467870788468218,0.7467870788468218,118
717664,210,W,30.999,BALDWIN 2,48,90,717663,True,0.21999999999999886,717669,True,1.0199999999999996,717669,True,717663,True,Fwy_210_W_physical_run_11,8.304388097719116,8.304388097719116,8.304388097719116,10
717669,210,W,32.019,SANTA ANITA 1,49,90,717664,True,1.0199999999999996,764146,False,0.17999999999999972,764146,False,717664,True,Fwy_210_W_physical_run_11,94.40199143221024,0.0,0.0,114
761356,210,W,34.049,MYRTLE AV,53,90,761342,False,1.0,718210,True,0.8500000000000014,718210,True,761342,False,Fwy_210_W_physical_run_12,97.29940951719348,86.08891976380687,86.08891976380687,118
718210,210,W,34.899,MOUNTAIN AV,54,90,761356,True,0.8500000000000014,761374,True,0.509999999999998,761374,True,761356,True,Fwy_210_W_physical_run_12,97.30230404075488,97.29940951719348,97.29940951719348,118
761374,210,W,35.409,BUENA VISTA,55,90,718210,True,0.509999999999998,769702,False,0.6799999999999997,769702,False,718210,True,Fwy_210_W_physical_run_12,96.46868125506542,96.46868125506542,96.46868125506542,117
769722,210,W,36.289,NB 605 TO WB 210 CON,57,90,769702,False,0.20000000000000284,717673,True,0.29999999999999716,717673,True,769702,False,Fwy_210_W_physical_run_13,78.96260275558643,0.798888502952414,0.798888502952414,96
717673,210,W,36.589,MOUNT OLIVE DR / 605,58,90,769722,True,0.29999999999999716,775795,True,0.30000000000000426,775795,True,769722,True,Fwy_210_W_physical_run_13,96.46868125506542,85.53606576357531,85.53606576357531,117
775795,210,W,36.889,NB 605 TO WB 210,59,90,717673,True,0.30000000000000426,772858,True,0.5,772858,True,717673,True,Fwy_210_W_physical_run_13,96.46868125506542,96.46289220794256,96.46289220794256,117
772858,210,W,37.389,SAN GABRIEL RIVER,60,90,775795,True,0.5,772873,False,0.3999999999999986,772873,False,775795,True,Fwy_210_W_physical_run_13,9.169850642584231,3.3344911427579023,0.0,11
717674,210,W,38.069,IRWINDALE 1,62,90,772873,False,0.28000000000000114,717675,True,0.1389999999999958,717675,True,772873,False,Fwy_210_W_physical_run_14,93.967812897997,92.39898112770638,92.39898112770638,114
717675,210,W,38.208,IRWINDALE 2,63,90,717674,True,0.1389999999999958,772888,False,0.5810000000000031,772888,False,717674,True,Fwy_210_W_physical_run_14,12.472502026166492,12.472502026166492,12.472502026166492,15
717676,210,W,39.159,VERNON,65,90,772888,False,0.36999999999999744,717678,True,0.6499999999999986,717678,True,772888,False,Fwy_210_W_physical_run_15,12.472502026166492,12.472502026166492,12.472502026166492,15
717678,210,W,39.809,AZUSA 1,66,90,717676,True,0.6499999999999986,717682,True,0.10000000000000142,717682,True,717676,True,Fwy_210_W_physical_run_15,12.472502026166492,12.472502026166492,10.77052217205048,15
717682,210,W,39.909,AZUSA 2,67,90,717678,True,0.10000000000000142,772902,True,0.28000000000000114,772902,True,717678,True,Fwy_210_W_physical_run_15,89.40314924163482,89.38288757670487,89.38288757670487,108
772902,210,W,40.189,PASADENA AVE,68,90,717682,True,0.28000000000000114,717685,True,0.35999999999999943,717685,True,717682,True,Fwy_210_W_physical_run_15,76.8988074562927,0.0,0.0,93
717685,210,W,40.549,CITRUS,69,90,772902,True,0.35999999999999943,772918,False,0.8400000000000034,772918,False,772902,True,Fwy_210_W_physical_run_15,89.40314924163482,89.39736019451199,89.39736019451199,108
717686,210,W,41.789,GRAND 1,71,90,772918,False,0.3999999999999986,717688,True,0.17999999999999972,717688,True,772918,False,Fwy_210_W_physical_run_16,89.40314924163482,89.35683686465208,89.35683686465208,108
717688,210,W,41.969,GRAND 2,72,90,717686,True,0.17999999999999972,772933,True,0.6199999999999974,772933,True,717686,True,Fwy_210_W_physical_run_16,89.40314924163482,88.47979622554128,88.47979622554128,108
772933,210,W,42.589,E/O GLENDORA,73,90,717688,True,0.6199999999999974,772954,False,0.30000000000000426,772954,False,717688,True,Fwy_210_W_physical_run_16,88.56952645594535,86.05997452819265,86.05997452819265,107
717694,210,W,43.389,SUNFLOWER AV,75,90,772954,False,0.5,769744,False,0.7999999999999972,769744,False,772954,False,Fwy_210_W_physical_run_17,89.40314924163482,87.70695843464166,87.70695843464166,108
718259,405,N,36.342,MAIN,33,105,766505,False,0.519999999999996,773000,False,0.030000000000001137,766505,False,773000,False,Fwy_405_N_physical_run_1,6.553201343058933,6.553201343058933,6.553201343058933,9
717755,405,N,41.292,HAWTHORNE BLVD,44,105,717752,False,0.5100000000000051,717758,False,0.6799999999999997,717752,False,717758,False,Fwy_405_N_physical_run_2,62.73011462313303,0.0,0.0,76
717760,405,N,42.122,INGLEWOOD 2,46,105,717758,False,0.14999999999999858,717763,True,0.8100000000000023,717758,False,717763,True,Fwy_405_N_physical_run_3,85.7473659835591,72.32546022924626,72.32546022924626,103
717763,405,N,42.932,ROSECRANS 1,47,105,717760,True,0.8100000000000023,717765,False,0.19999999999999574,717760,True,717765,False,Fwy_405_N_physical_run_3,85.7473659835591,0.8162556443209448,0.8162556443209448,103
716689,405,N,43.342,137TH,49,105,717765,False,0.21000000000000085,717769,False,0.5600000000000023,717765,False,717769,False,Fwy_405_N_physical_run_4,77.41113812666435,69.8593261549149,0.0,93
764583,405,N,47.382,LA CIENEGA,60,105,717777,False,0.14000000000000057,717779,False,0.6400000000000006,717777,False,717779,False,Fwy_405_N_physical_run_5,94.80143568368646,93.74782910732894,93.74782910732894,115
717790,405,N,51.582,VENICE,68,105,717787,False,0.46000000000000085,772437,False,0.28999999999999915,717787,False,772437,False,Fwy_405_N_physical_run_6,68.20655320134306,64.07317355563275,59.90216510362394,83
772455,405,N,52.312,PALMS BLVD,71,105,716714,False,0.01999999999999602,718500,False,0.6200000000000045,716714,False,718500,False,Fwy_405_N_physical_run_7,89.79969896954961,0.0,0.0,109
717801,405,N,57.192,MORAGA,82,105,717800,False,0.46000000000000085,775137,True,0.7700000000000031,717800,False,775137,True,Fwy_405_N_physical_run_8,93.0647215468334,0.8075720736366794,0.0,113
775137,405,N,57.962,SO OF GETTY CNTR DR,83,105,717801,True,0.7700000000000031,717804,False,0.519999999999996,717801,True,717804,False,Fwy_405_N_physical_run_8,94.79854116012504,93.1197174945004,70.2703485006368,115
775120,405,N,60.172,SO. OF SKIRBALL,87,105,716733,False,0.5999999999999943,717806,False,0.5300000000000011,716733,False,717806,False,Fwy_405_N_physical_run_9,59.90216510362394,55.68773879819382,17.453977075373395,72
717814,405,N,62.512,VENTURA,92,105,775225,False,0.3200000000000003,777065,False,0.759999999999998,775225,False,777065,False,Fwy_405_N_physical_run_10,66.4582609702443,0.0,0.0,81
771767,405,N,69.972,DEVONSHIRE 1,103,105,771808,False,0.5,772011,True,1.740000000000009,771808,False,772011,True,Fwy_405_N_physical_run_11,6.6689822855158045,0.0,0.0,8
772011,405,N,71.712,RINALDI,104,105,771767,True,1.740000000000009,772024,True,0.35999999999999943,771767,True,772024,True,Fwy_405_N_physical_run_11,7.47076531202964,7.47076531202964,7.47076531202964,9
772024,405,N,72.072,FM 5 to 405,105,105,772011,True,0.35999999999999943,,False,,772011,True,,False,Fwy_405_N_physical_run_11,9.971633669098066,9.971633669098066,9.971633669098066,12
718256,405,S,35.092,AVALON 2,30,114,774327,False,0.11999999999999744,766493,False,0.5,766493,False,774327,False,Fwy_405_S_physical_run_1,32.39550769943267,0.0,0.0,40
717766,405,S,43.342,137TH,49,114,718280,False,0.4099999999999966,759422,False,0.5300000000000011,759422,False,718280,False,Fwy_405_S_physical_run_2,77.41113812666435,77.40245455598009,0.0,93
761552,405,S,44.372,125TH,52,114,761541,False,0.29999999999999716,764598,False,0.4799999999999969,764598,False,761541,False,Fwy_405_S_physical_run_3,94.80143568368646,92.24846590251244,92.24846590251244,115
765153,405,S,46.172,98TH / WB CENTURY,57,114,718284,False,0.3999999999999986,776843,False,0.30000000000000426,776843,False,718284,False,Fwy_405_S_physical_run_4,76.49357415769364,75.65995137200417,75.65995137200417,93
764578,405,S,47.382,LA CIENEGA,61,114,764572,False,0.14000000000000057,718287,True,0.6400000000000006,718287,True,764572,False,Fwy_405_S_physical_run_5,94.80143568368646,94.78696306587936,94.78696306587936,115
718287,405,S,48.022,LA TIJERA,62,114,764578,True,0.6400000000000006,771954,False,0.6499999999999986,771954,False,764578,True,Fwy_405_S_physical_run_5,94.7927521130022,75.61363899502142,75.61363899502142,115
772454,405,S,52.312,PALMS BLVD,72,114,772527,False,0.01999999999999602,718297,False,0.6200000000000045,718297,False,772527,False,Fwy_405_S_physical_run_6,89.79969896954961,69.56119022808846,8.981706611091814,109
775136,405,S,57.962,SO OF GETTY CNTR DR,86,114,718310,False,1.1500000000000057,718312,False,0.5399999999999991,718312,False,718310,False,Fwy_405_S_physical_run_7,94.79854116012504,0.0,0.0,115
775121,405,S,60.172,SO. OF SKIRBALL,90,114,718314,False,0.5999999999999943,718315,False,0.15000000000000568,718315,False,718314,False,Fwy_405_S_physical_run_8,59.90216510362394,56.56767396086604,56.56767396086604,72
717831,605,N,2.282,SPRING 1,1,58,,False,,773712,False,0.1499999999999999,,False,773712,False,Fwy_605_N_physical_run_1,47.36887808266759,47.36598355910617,47.36598355910617,58
761844,605,N,3.082,WARDLOW,3,58,773712,False,0.6499999999999999,773723,True,0.4700000000000002,773712,False,773723,True,Fwy_605_N_physical_run_2,59.78638416116707,58.94986685191618,58.94986685191618,73
773723,605,N,3.552,223RD STREET,4,58,761844,True,0.4700000000000002,717836,True,0.18000000000000016,761844,True,717836,True,Fwy_605_N_physical_run_2,69.13280074099804,0.0,0.0,84
717836,605,N,3.732,CARSON EB,5,58,773723,True,0.18000000000000016,717839,False,0.16999999999999993,773723,True,717839,False,Fwy_605_N_physical_run_2,0.8017830265138358,0.0,0.0,1
717143,605,N,4.842,DEL AMO 1,8,58,716760,False,0.5099999999999998,717844,True,0.14000000000000057,716760,False,717844,True,Fwy_605_N_physical_run_3,89.44367257149473,89.4407780479333,89.4407780479333,109
717844,605,N,4.982,DEL AMO 2,9,58,717143,True,0.14000000000000057,773736,False,0.3700000000000001,717143,True,773736,False,Fwy_605_N_physical_run_3,49.06796341322218,0.0,0.0,60
717850,605,N,5.732,SOUTH 1,11,58,773736,False,0.3799999999999999,717851,False,0.13999999999999968,773736,False,717851,False,Fwy_605_N_physical_run_4,91.46694454092857,91.45536644668287,91.45536644668287,111
717863,605,N,7.972,ALONDRA 2,19,58,717858,False,0.15000000000000036,716784,False,0.3700000000000001,717858,False,716784,False,Fwy_605_N_physical_run_5,51.54857010536066,51.534097487553545,33.82829686233646,63
716788,605,N,8.982,ROSECRANS 2,22,58,766851,False,0.08000000000000007,717864,False,0.40000000000000036,766851,False,717864,False,Fwy_605_N_physical_run_6,96.5063100613639,38.850295241403266,0.0,117
717945,605,N,21.554,VALLEY 2,47,58,716834,False,0.1369999999999969,763683,True,0.4880000000000031,716834,False,763683,True,Fwy_605_N_physical_run_7,97.2878314229478,0.0,0.0,118
763683,605,N,22.042,N OF 10,48,58,717945,True,0.4880000000000031,776020,False,0.7099999999999973,717945,True,776020,False,Fwy_605_N_physical_run_7,97.30230404075488,79.5965034155378,79.5965034155378,118
776487,605,N,23.283,RAMONA,50,58,776020,False,0.5310000000000024,773774,False,0.3689999999999998,776020,False,773774,False,Fwy_605_N_physical_run_8,4.133379645710316,0.0,0.0,5
717956,605,N,24.418,LOWER AZUSA,52,58,773774,False,0.7659999999999982,773785,False,0.33399999999999963,773774,False,773785,False,Fwy_605_N_physical_run_9,1.6672455713789511,1.6672455713789511,1.6672455713789511,2
767678,605,N,25.352,LIVE OAK,54,58,773785,False,0.6000000000000014,716841,False,0.652000000000001,773785,False,716841,False,Fwy_605_N_physical_run_10,97.30230404075488,96.465786731504,96.465786731504,118
717958,605,N,26.204,ARROW 2,56,58,716841,False,0.1999999999999993,773795,False,0.347999999999999,716841,False,773795,False,Fwy_605_N_physical_run_11,1.6672455713789511,1.6672455713789511,1.6672455713789511,2
717832,605,S,2.252,SPRING 1,1,55,,False,,773711,False,0.18000000000000016,773711,False,,False,Fwy_605_S_physical_run_1,54.987264096329746,54.9814750492069,54.9814750492069,67
737504,605,S,3.082,WARDLOW,3,55,773711,False,0.6499999999999999,773724,False,0.4700000000000002,773724,False,773711,False,Fwy_605_S_physical_run_2,96.46868125506542,95.50191038555054,95.50191038555054,117
717833,605,S,3.722,CARSON 1,5,55,773724,False,0.16999999999999993,717838,True,0.18000000000000016,717838,True,773724,False,Fwy_605_S_physical_run_3,33.275442862104896,33.24360310292926,33.24360310292926,40
717838,605,S,3.902,CARSON 2,6,55,717833,True,0.18000000000000016,717842,False,0.4299999999999997,717842,False,717833,True,Fwy_605_S_physical_run_3,44.94616186175755,44.92011114970476,44.92011114970476,54
717846,605,S,4.982,DEL AMO 2,9,55,717843,False,0.14000000000000057,773737,False,0.3700000000000001,773737,False,717843,False,Fwy_605_S_physical_run_4,54.263633205974294,0.0,0.0,66
717853,605,S,5.882,SOUTH 2,12,55,717847,False,0.14999999999999947,716775,False,0.4800000000000004,716775,False,717847,False,Fwy_605_S_physical_run_5,56.53004515456756,0.0,0.0,68
717867,605,S,8.772,ROSECRANS 1,19,55,717865,False,0.4299999999999997,717871,False,0.11999999999999922,717871,False,717865,False,Fwy_605_S_physical_run_6,0.8336227856894756,0.8162556443209448,0.0,1
764001,605,S,9.352,FOSTER,22,55,717848,False,0.09999999999999964,737152,False,0.5999999999999996,737152,False,717848,False,Fwy_605_S_physical_run_7,97.30230404075488,97.30230404075488,97.30230404075488,118
717914,605,S,16.442,BEVERLY 1,36,55,717912,False,0.7780000000000005,764021,True,0.05000000000000071,764021,True,717912,False,Fwy_605_S_physical_run_8,14.408938288757671,0.0,0.0,18
764021,605,S,16.492,BEVERLY 2,37,55,717914,True,0.05000000000000071,717924,False,0.4499999999999993,717924,False,717914,True,Fwy_605_S_physical_run_8,5.056732661803867,0.0,0.0,7
765501,605,S,24.003,LOWER AZUSA,50,55,773773,False,0.3509999999999991,773784,False,0.7489999999999988,773784,False,773773,False,Fwy_605_S_physical_run_9,1.6672455713789511,1.6672455713789511,1.6672455713789511,2
763616,605,S,25.398,LIVE OAK,52,55,773784,False,0.6460000000000008,717957,False,0.6060000000000016,717957,False,773784,False,Fwy_605_S_physical_run_10,97.30230404075488,1.6672455713789511,1.6672455713789511,118
777212,710,N,0.364,E. Of Route 43 Exit,2,43,777204,False,0.19399999999999998,777223,False,0.19600000000000006,777204,False,777223,False,Fwy_710_N_physical_run_1,94.85064258423064,64.18895449808961,64.18895449808961,115
777243,710,N,1.76,On Pico Ave,5,43,777233,False,0.482,772689,False,0.08000000000000007,777233,False,772689,False,Fwy_710_N_physical_run_2,19.141484311682294,0.0,0.0,23
718488,710,N,9.42,COMPTON,17,43,761734,False,0.27999999999999936,717770,False,0.5199999999999996,761734,False,717770,False,Fwy_710_N_physical_run_3,42.39898112770638,42.39898112770638,0.0,52
718151,710,N,11.907,IMPERIAL 1,24,43,768984,False,0.3670000000000009,717983,True,0.15000000000000036,768984,False,717983,True,Fwy_710_N_physical_run_4,42.39898112770638,0.0,0.0,52
717983,710,N,12.057,IMPERIAL 2,25,43,718151,True,0.15000000000000036,774359,False,0.6500000000000004,718151,True,774359,False,Fwy_710_N_physical_run_4,40.73173555632743,0.0,0.0,50
717992,710,N,13.427,FIRESTONE 1,27,43,774359,False,0.7199999999999989,717995,True,0.08999999999999986,774359,False,717995,True,Fwy_710_N_physical_run_5,42.39898112770638,0.0,0.0,52
717995,710,N,13.517,FIRESTONE 2,28,43,717992,True,0.08999999999999986,776266,False,0.9900000000000002,717992,True,776266,False,Fwy_710_N_physical_run_5,23.82482343406275,23.80166724557138,23.80166724557138,29
718147,710,N,14.767,FLORENCE 2,30,43,776266,False,0.2599999999999998,776290,False,1.9200000000000017,776266,False,776290,False,Fwy_710_N_physical_run_6,36.56362162788005,0.0,0.0,45
776493,710,N,17.547,WASHINGTON,33,43,718320,False,0.40000000000000213,776203,False,0.05999999999999872,718320,False,776203,False,Fwy_710_N_physical_run_7,35.729998842190575,35.67500289452356,35.66053027671645,44
777213,710,S,0.364,E. Of Route 43 Exit,2,42,777203,False,0.19399999999999998,777224,False,0.19600000000000006,777224,False,777203,False,Fwy_710_S_physical_run_1,58.15676739608661,0.4168113928447378,0.4168113928447378,71
777245,710,S,1.76,On Pico Ave,5,42,777232,False,0.482,772701,False,0.08000000000000007,772701,False,777232,False,Fwy_710_S_physical_run_2,21.642352668750725,0.0,0.0,26
761851,710,S,9.42,COMPTON,17,42,717970,False,0.5500000000000007,717975,False,0.34999999999999964,717975,False,717970,False,Fwy_710_S_physical_run_3,42.39898112770638,41.56535834201691,0.0,52
717972,710,S,10.05,ROSECRANS 2,19,42,717975,False,0.28000000000000114,761761,False,0.23999999999999844,761761,False,717975,False,Fwy_710_S_physical_run_4,42.39898112770638,42.39898112770638,0.0,52
761776,710,S,11.987,IMPERIAL 2,25,42,717980,False,0.0600000000000005,774358,False,0.7200000000000006,774358,False,717980,False,Fwy_710_S_physical_run_5,42.39898112770638,42.39898112770638,42.39898112770638,52
717986,710,S,13.427,FIRESTONE 1,27,42,774358,False,0.7199999999999989,717989,True,0.08999999999999986,717989,True,774358,False,Fwy_710_S_physical_run_6,9.080120412180156,0.0,0.0,11
717989,710,S,13.517,FIRESTONE 2,28,42,717986,True,0.08999999999999986,776295,False,0.9900000000000002,776295,False,717986,True,Fwy_710_S_physical_run_6,40.73173555632743,40.73173555632743,40.73173555632743,50
718012,710,S,17.537,WASHINGTON,33,42,718008,False,0.6499999999999986,776208,False,0.07000000000000028,776208,False,718008,False,Fwy_710_S_physical_run_7,34.062753270811626,34.062753270811626,3.2187102003010306,42
