onset_time,event_date,station_id,present_minus_10,present_minus_5,present_at_onset,present_plus_5,present_plus_10,temporal_drop_pair_contiguous,nearby_5min_context_complete
2026-02-01 11:10:00,2026-02-01,716152,True,True,True,True,True,True,True
2026-02-27 08:00:00,2026-02-27,717185,True,True,True,True,True,True,True
2026-02-27 08:00:00,2026-02-27,717190,True,True,True,True,True,True,True
2026-03-02 05:10:00,2026-03-02,717198,True,True,True,True,True,True,True
2026-03-02 05:15:00,2026-03-02,717190,True,True,True,True,True,True,True
2026-03-02 05:20:00,2026-03-02,717185,True,True,True,True,True,True,True
2026-03-02 05:20:00,2026-03-02,717195,True,True,True,True,True,True,True
2026-03-19 10:40:00,2026-03-19,716152,True,True,True,True,True,True,True
2026-04-30 10:20:00,2026-04-30,716152,True,True,True,True,True,True,True
2026-05-31 14:10:00,2026-05-31,717185,True,True,True,True,True,True,True
