duration_minutes,at_risk,recoveries,censored,survival_probability,recovered_probability
0.0,1457,0,0,1.0,0.0
15.0,1457,154,4,0.8943033630748113,0.1056966369251887
20.0,1299,106,6,0.8213271071195148,0.1786728928804851
25.0,1187,83,2,0.763896483791023,0.2361035162089769
30.0,1102,67,1,0.7174526866821314,0.2825473133178686
35.0,1034,48,1,0.6841473395247403,0.3158526604752597
40.0,985,58,2,0.6438625215628774,0.3561374784371226
45.0,925,55,3,0.6055788040645441,0.3944211959354559
50.0,867,44,2,0.5748458543773008,0.4251541456226991
55.0,821,47,2,0.5419375046139231,0.4580624953860769
60.0,772,47,0,0.5089439000584123,0.4910560999415877
65.0,725,43,0,0.4787582618480512,0.5212417381519487
70.0,682,26,0,0.4605064806045771,0.5394935193954229
75.0,656,31,1,0.4387447414296657,0.5612552585703343
80.0,624,34,0,0.4148387779543314,0.5851612220456686
85.0,590,25,0,0.3972608636342326,0.6027391363657675
90.0,565,22,2,0.3817922990325456,0.6182077009674544
95.0,541,14,1,0.3719122765067496,0.6280877234932504
100.0,526,18,2,0.3591852404285719,0.6408147595714281
105.0,506,15,0,0.3485374566214008,0.6514625433785992
110.0,491,8,0,0.3428586385909095,0.6571413614090904
115.0,483,5,0,0.3393093773218525,0.6606906226781475
120.0,478,9,0,0.3329207070375498,0.6670792929624502
125.0,469,11,0,0.3251123322456243,0.6748876677543756
130.0,458,4,0,0.3222729232303787,0.6777270767696213
135.0,454,7,1,0.3173039574536989,0.6826960425463011
140.0,446,12,1,0.3087666312441823,0.6912333687558176
145.0,433,7,0,0.3037750228868861,0.6962249771131139
150.0,426,8,0,0.2980703276214047,0.7019296723785953
155.0,418,11,0,0.2902263716313677,0.7097736283686322
160.0,407,9,0,0.2838085894577011,0.7161914105422988
165.0,398,10,0,0.2766777203758493,0.7233222796241507
170.0,388,8,1,0.2709730251103678,0.7290269748896321
175.0,379,8,0,0.2652532778784867,0.7347467221215133
180.0,371,3,0,0.2631083726665313,0.7368916273334687
185.0,368,4,0,0.2602484990505907,0.7397515009494093
190.0,364,7,0,0.2552437202226947,0.7447562797773053
195.0,357,10,0,0.2480940361828433,0.7519059638171566
200.0,347,5,0,0.2445191941629176,0.7554808058370823
205.0,342,6,0,0.2402293837390068,0.7597706162609932
210.0,336,3,0,0.2380844785270514,0.7619155214729486
215.0,333,2,0,0.2366545417190811,0.7633454582809188
220.0,331,4,0,0.2337946681031406,0.7662053318968594
225.0,327,8,0,0.2280749208712594,0.7719250791287405
230.0,319,5,0,0.2245000788513337,0.7754999211486662
235.0,314,9,0,0.2180653632154675,0.7819346367845325
240.0,305,8,0,0.2123456159835864,0.7876543840164136
245.0,297,3,1,0.210200710771631,0.789799289228369
250.0,293,10,1,0.2030266250797664,0.7969733749202336
255.0,282,6,1,0.1987069096525373,0.8012930903474627
260.0,275,5,0,0.1950940567497639,0.804905943250236
265.0,270,9,0,0.1885909215247718,0.8114090784752281
270.0,261,5,0,0.1849780686219984,0.8150219313780016
275.0,256,4,0,0.1820877862997797,0.8179122137002203
280.0,252,4,0,0.1791975039775609,0.820802496022439
285.0,248,11,0,0.1712492275914595,0.8287507724085406
290.0,237,2,0,0.1698040864303501,0.8301959135696498
295.0,235,9,0,0.163300951205358,0.836699048794642
300.0,226,7,0,0.1582429571414752,0.8417570428585248
305.0,219,5,0,0.1546301042387018,0.8453698957612982
310.0,214,5,0,0.1510172513359284,0.8489827486640715
315.0,209,9,0,0.1445141161109362,0.8554858838890638
320.0,200,3,1,0.1423464043692722,0.8576535956307277
325.0,196,9,0,0.1358100898829281,0.8641899101170719
330.0,187,8,0,0.1300000325617333,0.8699999674382667
335.0,179,4,0,0.1270950039011359,0.8729049960988641
340.0,175,11,0,0.1191061750844931,0.8808938249155068
345.0,164,10,0,0.1118436034329996,0.8881563965670004
350.0,154,5,0,0.1082123176072529,0.8917876823927471
355.0,149,9,0,0.1016760031209087,0.8983239968790913
360.0,140,9,0,0.0951396886345646,0.9048603113654352
365.0,131,8,2,0.0893296313133698,0.9106703686866302
370.0,121,9,1,0.082685278571053,0.9173147214289468
375.0,111,9,1,0.0759810667950217,0.9240189332049784
380.0,101,3,0,0.0737242034248725,0.9262757965751274
385.0,98,7,0,0.0684581888945245,0.9315418111054754
390.0,91,7,0,0.0631921743641765,0.9368078256358237
395.0,84,5,0,0.0594307354139279,0.9405692645860722
400.0,79,7,1,0.0541647208835798,0.9458352791164202
405.0,71,6,0,0.0495874205272209,0.950412579472779
410.0,65,6,2,0.0450101201708621,0.954989879829138
415.0,57,3,4,0.0426411664776588,0.9573588335223412
420.0,50,6,0,0.0375242265003398,0.9624757734996602
425.0,44,6,0,0.0324072865230207,0.9675927134769792
430.0,38,1,3,0.0315544631934675,0.9684455368065324
435.0,34,4,0,0.0278421734060007,0.9721578265939992
440.0,30,5,0,0.0232018111716673,0.9767981888283328
445.0,25,1,1,0.0222737387248006,0.9777262612751992
450.0,23,3,2,0.0193684684563483,0.9806315315436516
470.0,16,1,0,0.0181579391778266,0.9818420608221734
475.0,15,2,0,0.015736880620783,0.984263119379217
480.0,13,1,0,0.0145263513422612,0.9854736486577388
495.0,12,1,0,0.0133158220637395,0.9866841779362604
530.0,11,2,0,0.0108947635066959,0.989105236493304
535.0,9,1,0,0.0096842342281741,0.9903157657718258
555.0,5,1,0,0.0077473873825393,0.9922526126174608
