date,rows,zero_rows,positive_rows,invalid_coverage_rows,essential_rows,duplicate_copies,invalid_time_rows,ge0_rows,ge5_rows,ge20_rows,ge40_rows,ge60_rows,ge80_rows,ge100_rows,stations_present,stations_absent_from_study_pool,stations_all_zero,stations_no_positive,zero_pct_all_rows,positive_pct_all_rows,shared_zero_diagnostic,ever_positive_pool_rows,zero_pct_ever_positive_pool,shared_zero_ever_positive_pool
2026-02-01,551808,452563,99245,0,551808,0,0,551808,99245,99245,94656,88925,73484,69159,1916,0,1557,1557,82.0145775342148,17.985422465785202,False,138240,28.20818865740741,False
2026-02-02,551808,446943,104865,0,551808,0,0,551808,104865,104577,99397,93875,77966,73939,1916,0,1551,1551,80.99610734168407,19.003892658315937,False,138240,24.14279513888889,False
2026-02-03,551808,449231,102577,0,551808,0,0,551808,102577,102289,97958,92423,76276,71661,1916,0,1559,1559,81.41074431686384,18.589255683136162,False,138240,25.79788773148148,False
2026-02-04,551808,456430,95378,0,551808,0,0,551808,95378,95090,92131,85504,68435,64694,1916,0,1584,1584,82.71536476455579,17.284635235444213,False,138240,31.005497685185187,False
2026-02-05,551808,453554,98254,0,551808,0,0,551808,98254,97966,92471,85538,71097,65918,1916,0,1574,1574,82.19416898631408,17.80583101368592,False,138240,28.92505787037037,False
2026-02-06,551808,448365,103443,0,551808,0,0,551808,103443,103443,98524,91864,75398,71635,1916,0,1556,1556,81.25380567153793,18.746194328462074,False,138240,25.17144097222222,False
2026-02-07,551808,451020,100788,0,551808,0,0,551808,100788,100500,95622,89657,75155,69967,1916,0,1565,1565,81.73495128740431,18.265048712595686,False,138240,27.09201388888889,False
2026-02-08,551808,446311,105497,0,551808,0,0,551808,105497,105209,101417,95025,77613,73570,1916,0,1549,1549,80.88157475063791,19.118425249362097,False,138240,23.685619212962962,False
2026-02-09,551808,449824,101984,0,551808,0,0,551808,101984,101984,97059,91469,75942,72505,1916,0,1561,1561,81.51820923219671,18.481790767803293,False,138240,26.22685185185185,False
2026-02-10,551808,449771,102037,0,551808,0,0,551808,102037,101749,96993,90910,76735,73254,1916,0,1560,1560,81.50860444212479,18.491395557875205,False,138240,26.18851273148148,False
2026-02-11,551808,445782,106026,0,551808,0,0,551808,106026,106026,102489,94746,79502,74136,1916,0,1547,1547,80.785708072373,19.214291927627002,False,138240,23.30295138888889,False
2026-02-12,551808,448935,102873,0,551808,0,0,551808,102873,102585,99097,91536,77151,73110,1916,0,1558,1558,81.3571024704245,18.642897529575503,False,138240,25.58376736111111,False
2026-02-13,551808,453269,98539,0,551808,0,0,551808,98539,98539,95906,89287,74279,70250,1916,0,1573,1573,82.1425205868708,17.857479413129205,False,138240,28.718894675925927,False
2026-02-14,551808,470069,81739,0,551808,0,0,551808,81739,81739,78312,71995,57551,53826,1916,0,1631,1631,85.18705781721178,14.812942182788216,False,138240,40.8716724537037,False
2026-02-15,551808,466482,85326,0,551808,0,0,551808,85326,85326,81526,74170,59533,56375,1916,0,1619,1619,84.53701287404314,15.462987125956854,False,138240,38.27690972222222,False
2026-02-16,551808,465422,86386,0,551808,0,0,551808,86386,86386,82124,75466,61813,57482,1916,0,1615,1615,84.34491707260496,15.655082927395036,False,138240,37.51012731481482,False
2026-02-17,551808,461376,90432,0,551808,0,0,551808,90432,90432,87425,81044,67531,63432,1916,0,1601,1601,83.61169102296451,16.38830897703549,False,138240,34.583333333333336,False
2026-02-18,551808,464016,87792,0,551808,0,0,551808,87792,87792,84121,76558,63019,59273,1916,0,1610,1610,84.0901183020181,15.909881697981907,False,138240,36.49305555555556,False
2026-02-19,551808,469441,82367,0,551808,0,0,551808,82367,82367,79185,72538,58433,55261,1916,0,1630,1630,85.07325011598238,14.92674988401763,False,138240,40.4173900462963,False
2026-02-20,551808,465961,85847,0,551808,0,0,551808,85847,85847,82375,76234,62357,58962,1916,0,1617,1617,84.44259597541173,15.557404024588262,False,138240,37.90002893518518,False
2026-02-21,551808,471905,79903,0,551808,0,0,551808,79903,79903,76054,70273,56975,52940,1916,0,1637,1637,85.51978224309904,14.48021775690095,False,138240,42.1997974537037,False
2026-02-22,551808,474274,77534,0,551808,0,0,551808,77534,77534,74038,68502,55175,51707,1916,0,1646,1646,85.94909823706797,14.050901762932034,False,138240,43.9134837962963,False
2026-02-23,551808,473139,78669,0,551808,0,0,551808,78669,78669,74039,68540,54987,51224,1916,0,1642,1642,85.74341075156576,14.256589248434238,False,138240,43.092447916666664,False
2026-02-24,551808,472847,78961,0,551808,0,0,551808,78961,78961,75766,69394,56714,53260,1916,0,1641,1641,85.69049379494317,14.309506205056831,False,138240,42.88122106481482,False
2026-02-25,551808,473709,78099,0,551808,0,0,551808,78099,78099,74608,68538,55275,52104,1916,0,1644,1644,85.84670755045234,14.153292449547669,False,138240,43.50477430555556,False
2026-02-26,551808,470345,81463,0,551808,0,0,551808,81463,81463,77708,70109,56582,52919,1916,0,1632,1632,85.23707521456738,14.762924785432615,False,138240,41.07132523148148,False
2026-02-27,551808,486549,65259,0,551808,0,0,551808,65259,65259,62251,56565,47899,45062,1916,0,1674,1674,88.17360386221294,11.826396137787057,False,138240,52.79296875,False
2026-02-28,551808,551769,39,0,551808,0,0,551808,39,39,12,1,0,0,1916,0,1915,1915,99.99293232428671,0.007067675713291579,True,138240,99.97178819444444,True
2026-03-01,551808,473210,78598,0,551808,0,0,551808,78598,78598,74894,68532,54643,51743,1916,0,1642,1642,85.75627754581303,14.243722454186964,False,138240,43.143807870370374,False
2026-03-02,551808,472622,79186,0,551808,0,0,551808,79186,79186,75466,68809,56959,52057,1916,0,1640,1640,85.6497187427511,14.350281257248898,False,138240,42.718460648148145,False
2026-03-03,551808,471418,80390,0,551808,0,0,551808,80390,80390,76914,71245,57749,53732,1916,0,1636,1636,85.43152690791,14.568473092090002,False,138240,41.847511574074076,False
2026-03-04,551808,474874,76934,0,551808,0,0,551808,76934,76934,74587,66786,54120,50097,1916,0,1648,1648,86.05783170958014,13.942168290419856,False,138240,44.347511574074076,False
2026-03-05,551808,469113,82695,0,551808,0,0,551808,82695,82695,78645,72731,57869,53558,1916,0,1628,1628,85.01380915100904,14.986190848990953,False,138240,40.18012152777778,False
2026-03-06,551808,470263,81545,0,551808,0,0,551808,81545,81545,78630,72966,58963,54085,1916,0,1632,1632,85.22221497332406,14.777785026675945,False,138240,41.012008101851855,False
2026-03-07,551808,470262,81546,0,551808,0,0,551808,81546,81546,78923,72573,59595,55843,1916,0,1632,1632,85.22203375086987,14.777966249130133,False,138240,41.01128472222222,False
2026-03-08,528816,449014,79802,0,528816,0,0,528816,79802,79802,76464,70497,57227,53942,1916,0,1626,1626,84.90930682884027,15.090693171159723,False,132480,39.76298309178744,False
2026-03-09,551808,470867,80941,0,551808,0,0,551808,80941,80941,77747,72326,57589,54682,1916,0,1634,1634,85.33167333565298,14.668326664347019,False,138240,41.448929398148145,False
2026-03-10,551808,466816,84992,0,551808,0,0,551808,84992,84992,82372,76355,60907,57433,1916,0,1620,1620,84.59754117374159,15.402458826258409,False,138240,38.51851851851852,False
2026-03-11,551808,468261,83547,0,551808,0,0,551808,83547,83547,79777,73422,59447,55699,1916,0,1625,1625,84.85940762004175,15.140592379958246,False,138240,39.563802083333336,False
2026-03-12,551808,470845,80963,0,551808,0,0,551808,80963,80963,78340,71995,59208,56376,1916,0,1634,1634,85.32768644166087,14.672313558339132,False,138240,41.4330150462963,False
2026-03-13,551808,474303,77505,0,551808,0,0,551808,77505,77505,74894,69984,56412,52689,1916,0,1646,1646,85.9543536882394,14.045646311760612,False,138240,43.93446180555556,False
2026-03-14,551808,482941,68867,0,551808,0,0,551808,68867,68867,67393,63634,53393,51517,1916,0,1676,1676,87.51975324750637,12.48024675249362,False,138240,50.1830150462963,False
2026-03-15,551808,487547,64261,0,551808,0,0,551808,64261,64261,63085,60455,49792,48889,1916,0,1692,1692,88.35446387149153,11.645536128508466,False,138240,53.514901620370374,False
2026-03-16,551808,473729,78079,0,551808,0,0,551808,78079,78079,75758,69094,56925,53836,1916,0,1644,1644,85.85033199953607,14.14966800046393,False,138240,43.519241898148145,False
2026-03-17,551808,476605,75203,0,551808,0,0,551808,75203,75203,72883,66774,54932,50649,1916,0,1654,1654,86.37152777777777,13.628472222222221,False,138240,45.59968171296296,False
2026-03-18,551808,472288,79520,0,551808,0,0,551808,79520,79520,75737,69053,56955,53265,1916,0,1639,1639,85.58919044305266,14.410809556947344,False,138240,42.476851851851855,False
2026-03-19,551808,471171,80637,0,551808,0,0,551808,80637,80637,77485,70798,60082,57456,1916,0,1635,1635,85.38676496172582,14.613235038274182,False,138240,41.66883680555556,False
2026-03-20,551808,476036,75772,0,551808,0,0,551808,75772,75772,72868,67085,55838,51530,1916,0,1652,1652,86.2684122013454,13.731587798654605,False,138240,45.1880787037037,False
2026-03-21,551808,477193,74615,0,551808,0,0,551808,74615,74615,71142,64789,54710,51236,1916,0,1656,1656,86.47808658083972,13.521913419160288,False,138240,46.02502893518518,False
2026-03-22,551808,479482,72326,0,551808,0,0,551808,72326,72326,68271,63927,52669,50037,1916,0,1664,1664,86.89290477847368,13.107095221526327,False,138240,47.680844907407405,False
2026-03-23,551808,474283,77525,0,551808,0,0,551808,77525,77525,74027,69025,56592,52878,1916,0,1646,1646,85.95072923915565,14.049270760844351,False,138240,43.91999421296296,False
2026-03-24,551808,472553,79255,0,551808,0,0,551808,79255,79255,76602,70823,59021,55279,1916,0,1640,1640,85.63721439341221,14.3627856065878,False,138240,42.6685474537037,False
2026-03-25,551808,472602,79206,0,551808,0,0,551808,79206,79206,76615,70721,58168,55277,1916,0,1640,1640,85.64609429366736,14.353905706332638,False,138240,42.70399305555556,False
2026-03-26,551808,476028,75780,0,551808,0,0,551808,75780,75780,72871,67378,56418,52959,1916,0,1652,1652,86.2669624217119,13.7330375782881,False,138240,45.182291666666664,False
2026-03-27,551808,482102,69706,0,551808,0,0,551808,69706,69706,67110,61622,50766,47877,1916,0,1673,1673,87.36770760844351,12.632292391556483,False,138240,49.57609953703704,False
2026-03-28,551808,474875,76933,0,551808,0,0,551808,76933,76933,74872,68529,56425,52113,1916,0,1648,1648,86.05801293203433,13.94198706796567,False,138240,44.3482349537037,False
2026-03-29,551808,474584,77224,0,551808,0,0,551808,77224,77224,74894,69658,57576,53830,1916,0,1647,1647,86.00527719786592,13.994722802134076,False,138240,44.13773148148148,False
2026-03-30,551808,473388,78420,0,551808,0,0,551808,78420,78420,75759,69414,58428,54393,1916,0,1643,1643,85.78853514265832,14.211464857341683,False,138240,43.27256944444444,False
2026-03-31,551808,475972,75836,0,551808,0,0,551808,75836,75836,74041,67675,54696,51248,1916,0,1652,1652,86.25681396427743,13.74318603572257,False,138240,45.141782407407405,False
2026-04-01,551808,468505,83303,0,551808,0,0,551808,83303,83303,78848,72479,62329,57813,1916,0,1626,1626,84.90362589886337,15.096374101136627,False,138240,39.74030671296296,False
2026-04-02,551808,472806,79002,0,551808,0,0,551808,79002,79002,76088,69407,56980,52684,1916,0,1641,1641,85.6830636743215,14.316936325678498,False,138240,42.8515625,False
2026-04-03,551808,474218,77590,0,551808,0,0,551808,77590,77590,74090,68801,56255,53198,1916,0,1645,1645,85.93894977963349,14.061050220366504,False,138240,43.87297453703704,False
2026-04-04,551808,471985,79823,0,551808,0,0,551808,79823,79823,76369,71306,58582,54529,1916,0,1638,1638,85.53428003943401,14.465719960565995,False,138240,42.257667824074076,False
2026-04-05,551808,472822,78986,0,551808,0,0,551808,78986,78986,76058,71133,57573,53828,1916,0,1641,1641,85.6859632335885,14.314036766411505,False,138240,42.863136574074076,False
2026-04-06,551808,473445,78363,0,551808,0,0,551808,78363,78363,74899,69971,56690,53500,1916,0,1643,1643,85.79886482254697,14.201135177453027,False,138240,43.313802083333336,False
2026-04-07,551808,477183,74625,0,551808,0,0,551808,74625,74625,71970,66490,54321,50885,1916,0,1655,1655,86.47627435629784,13.523725643702157,False,138240,46.017795138888886,False
2026-04-08,551808,475304,76504,0,551808,0,0,551808,76504,76504,74591,68570,55711,51690,1916,0,1647,1647,86.13575736488053,13.864242635119462,False,138240,44.65856481481482,False
2026-04-09,551808,475153,76655,0,551808,0,0,551808,76655,76655,74313,68696,55251,50945,1916,0,1648,1648,86.10839277429831,13.891607225701692,False,138240,44.54933449074074,False
2026-04-10,551808,476595,75213,0,551808,0,0,551808,75213,75213,73464,67109,55139,51734,1916,0,1654,1654,86.3697155532359,13.630284446764092,False,138240,45.592447916666664,False
2026-04-11,551808,472845,78963,0,551808,0,0,551808,78963,78963,77468,71138,57752,52642,1916,0,1641,1641,85.69013135003479,14.309868649965205,False,138240,42.87977430555556,False
2026-04-12,551808,476560,75248,0,551808,0,0,551808,75248,75248,73461,67664,55266,51221,1916,0,1654,1654,86.36337276733937,13.636627232660636,False,138240,45.567129629629626,False
2026-04-13,551808,473185,78623,0,551808,0,0,551808,78623,78623,76020,69674,58706,54685,1916,0,1642,1642,85.75174698445836,14.248253015541637,False,138240,43.125723379629626,False
2026-04-14,551808,476834,74974,0,551808,0,0,551808,74974,74974,72072,67131,54662,50923,1916,0,1654,1654,86.4130277197866,13.586972280213407,False,138240,45.765335648148145,False
2026-04-15,551808,474862,76946,0,551808,0,0,551808,76946,76946,74345,68558,56976,53225,1916,0,1648,1648,86.0556570401299,13.9443429598701,False,138240,44.33883101851852,False
2026-04-16,551808,477011,74797,0,551808,0,0,551808,74797,74797,72490,67117,55167,50861,1916,0,1654,1654,86.44510409417768,13.554895905822315,False,138240,45.893373842592595,False
2026-04-17,551808,474866,76942,0,551808,0,0,551808,76942,76942,74907,69052,57010,52987,1916,0,1648,1648,86.05638192994665,13.943618070053352,False,138240,44.34172453703704,False
2026-04-18,551808,479476,72332,0,551808,0,0,551808,72332,72332,69718,62777,51603,49068,1916,0,1664,1664,86.89181744374855,13.10818255625145,False,138240,47.676504629629626,False
2026-04-19,551808,474565,77243,0,551808,0,0,551808,77243,77243,74620,68801,54251,49772,1916,0,1647,1647,86.00183397123637,13.998166028763627,False,138240,44.12398726851852,False
2026-04-20,551808,479467,72341,0,551808,0,0,551808,72341,72341,70302,65648,53237,49813,1916,0,1664,1664,86.89018644166087,13.109813558339132,False,138240,47.66999421296296,False
2026-04-21,551808,473981,77827,0,551808,0,0,551808,77827,77827,76044,70819,57583,53819,1916,0,1645,1645,85.89600005799119,14.103999942008814,False,138240,43.70153356481482,False
2026-04-22,551808,475462,76346,0,551808,0,0,551808,76346,76346,73070,65947,55364,51375,1916,0,1650,1650,86.16439051264207,13.835609487357921,False,138240,44.7728587962963,False
2026-04-23,551808,474912,76896,0,551808,0,0,551808,76896,76896,74865,69096,56723,52410,1916,0,1649,1649,86.06471816283924,13.935281837160751,False,138240,44.375,False
2026-04-24,551808,476640,75168,0,551808,0,0,551808,75168,75168,72563,67660,55754,51440,1916,0,1655,1655,86.37787056367432,13.622129436325679,False,138240,45.625,False
2026-04-25,551808,474336,77472,0,551808,0,0,551808,77472,77472,74877,69912,57865,53547,1916,0,1647,1647,85.96033402922755,14.039665970772443,False,138240,43.958333333333336,False
2026-04-26,551808,478656,73152,0,551808,0,0,551808,73152,73152,71127,65784,54132,50090,1916,0,1662,1662,86.74321503131524,13.25678496868476,False,138240,47.083333333333336,False
2026-04-27,551808,476352,75456,0,551808,0,0,551808,75456,75456,73133,67383,56187,53034,1916,0,1654,1654,86.32567849686848,13.674321503131525,False,138240,45.416666666666664,False
2026-04-28,551808,476064,75744,0,551808,0,0,551808,75744,75744,73723,67941,55980,51761,1916,0,1653,1653,86.27348643006263,13.726513569937369,False,138240,45.208333333333336,False
2026-04-29,551808,476354,75454,0,551808,0,0,551808,75454,75454,73408,68241,55195,51191,1916,0,1654,1654,86.32604094177685,13.67395905822315,False,138240,45.418113425925924,False
2026-04-30,551808,477216,74592,0,551808,0,0,551808,74592,74592,73151,67086,55927,51128,1916,0,1657,1657,86.48225469728601,13.517745302713987,False,138240,46.041666666666664,False
2026-05-01,551808,476059,75749,0,551808,0,0,551808,75749,75749,74014,68759,55550,51251,1916,0,1652,1652,86.2725803177917,13.727419682208305,False,138240,45.20471643518518,False
2026-05-02,551808,475436,76372,0,551808,0,0,551808,76372,76372,75190,68833,55864,51541,1916,0,1650,1650,86.15967872883321,13.840321271166783,False,138240,44.754050925925924,False
2026-05-03,551808,475402,76406,0,551808,0,0,551808,76406,76406,74338,69972,56722,52553,1916,0,1650,1650,86.15351716539087,13.846482834609139,False,138240,44.72945601851852,False
2026-05-04,551808,475728,76080,0,551808,0,0,551808,76080,76080,74035,69092,55274,51525,1916,0,1651,1651,86.21259568545581,13.787404314544188,False,138240,44.96527777777778,False
2026-05-05,551808,476066,75742,0,551808,0,0,551808,75742,75742,73142,67386,55189,50908,1916,0,1653,1653,86.27384887497101,13.726151125028995,False,138240,45.209780092592595,False
2026-05-06,551808,476377,75431,0,551808,0,0,551808,75431,75431,73398,67427,56088,52335,1916,0,1653,1653,86.33020905822315,13.66979094177685,False,138240,45.434751157407405,False
2026-05-07,551808,473473,78335,0,551808,0,0,551808,78335,78335,76016,70703,56142,52115,1916,0,1644,1644,85.80393905126421,14.196060948735791,False,138240,43.33405671296296,False
2026-05-08,551808,478082,73726,0,551808,0,0,551808,73726,73726,71126,65042,54021,49808,1916,0,1660,1660,86.63919334261192,13.360806657388077,False,138240,46.668113425925924,False
2026-05-09,551808,474913,76895,0,551808,0,0,551808,76895,76895,75163,68730,56634,52317,1916,0,1649,1649,86.06489938529343,13.935100614706565,False,138240,44.375723379629626,False
2026-05-10,551808,475200,76608,0,551808,0,0,551808,76608,76608,73436,67645,55275,50974,1916,0,1650,1650,86.1169102296451,13.883089770354905,False,138240,44.583333333333336,False
2026-05-11,551808,480997,70811,0,551808,0,0,551808,70811,70811,66816,61901,50606,48573,1916,0,1670,1670,87.16745679656692,12.832543203433078,False,138240,48.7767650462963,False
2026-05-12,551808,475201,76607,0,551808,0,0,551808,76607,76607,73434,67649,54304,50357,1916,0,1650,1650,86.11709145209927,13.882908547900719,False,138240,44.58405671296296,False
2026-05-13,551808,471744,80064,0,551808,0,0,551808,80064,80064,76817,69947,56391,52655,1916,0,1638,1638,85.49060542797494,14.509394572025052,False,138240,42.083333333333336,False
2026-05-14,551808,475915,75893,0,551808,0,0,551808,75893,75893,72712,65226,52955,49775,1916,0,1652,1652,86.24648428438877,13.753515715611227,False,138240,45.10054976851852,False
2026-05-15,551808,472612,79196,0,551808,0,0,551808,79196,79196,75168,69674,57319,53076,1916,0,1641,1641,85.64790651820923,14.352093481790767,False,138240,42.711226851851855,False
2026-05-16,551808,467380,84428,0,551808,0,0,551808,84428,84428,80089,73392,61222,57255,1916,0,1622,1622,84.69975063790304,15.300249362096961,False,138240,38.926504629629626,False
2026-05-17,551808,467341,84467,0,551808,0,0,551808,84467,84467,79239,74296,61291,57293,1916,0,1622,1622,84.69268296218975,15.307317037810252,False,138240,38.898292824074076,False
2026-05-18,551808,465363,86445,0,551808,0,0,551808,86445,86445,82097,75376,62452,58136,1916,0,1615,1615,84.33422494780794,15.665775052192068,False,138240,37.467447916666664,False
2026-05-19,551808,469095,82713,0,551808,0,0,551808,82713,82713,79397,73774,62878,58376,1916,0,1628,1628,85.01054714683369,14.989452853166318,False,138240,40.16710069444444,False
2026-05-20,551808,469682,82126,0,551808,0,0,551808,82126,82126,77791,72836,61403,57419,1916,0,1630,1630,85.11692472744143,14.883075272558571,False,138240,40.59172453703704,False
2026-05-21,551808,468509,83299,0,551808,0,0,551808,83299,83299,79802,73966,60645,56419,1916,0,1625,1625,84.90435078868012,15.095649211319879,False,138240,39.74320023148148,False
2026-05-22,551808,474573,77235,0,551808,0,0,551808,77235,77235,74258,68241,57716,53939,1916,0,1647,1647,86.00328375086987,13.996716249130133,False,138240,44.12977430555556,False
2026-05-23,551808,477488,74320,0,551808,0,0,551808,74320,74320,71136,65068,54277,50356,1916,0,1657,1657,86.53154720482486,13.468452795175134,False,138240,46.238425925925924,False
2026-05-24,551808,476611,75197,0,551808,0,0,551808,75197,75197,71419,66441,57221,53174,1916,0,1654,1654,86.3726151125029,13.6273848874971,False,138240,45.60402199074074,False
2026-05-25,551808,477206,74602,0,551808,0,0,551808,74602,74602,69697,65081,56092,52054,1916,0,1656,1656,86.48044247274414,13.519557527255857,False,138240,46.034432870370374,False
2026-05-26,551808,522141,29667,0,551808,0,0,551808,29667,29667,28311,26306,22762,21532,1916,0,1648,1648,94.62367345163536,5.3763265483646485,False,138240,78.53949652777777,False
2026-05-27,551808,551808,0,0,551808,0,0,551808,0,0,0,0,0,0,1916,0,1916,1916,100.0,0.0,True,138240,100.0,True
2026-05-28,551808,517846,33962,0,551808,0,0,551808,33962,33962,32465,29982,26068,24448,1916,0,1667,1667,93.84532301090235,6.154676989097657,False,138240,75.43258101851852,False
2026-05-29,551808,480363,71445,0,551808,0,0,551808,71445,71445,68262,63064,54711,51303,1916,0,1666,1666,87.05256176061239,12.947438239387614,False,138240,48.318142361111114,False
2026-05-30,551808,475475,76333,0,551808,0,0,551808,76333,76333,73153,67099,58246,53146,1916,0,1650,1650,86.16674640454652,13.833253595453492,False,138240,44.78226273148148,False
2026-05-31,551808,475740,76068,0,551808,0,0,551808,76068,76068,71997,67196,57341,53289,1916,0,1651,1651,86.21477035490605,13.785229645093946,False,138240,44.973958333333336,False
