source,destination,recommendation,section,status
images/traffic_b3_threshold_sensitivity.png,portfolio_figures/traffic_b3_threshold_sensitivity.png,KEEP,Data validity,COPIED
images/traffic_b3_weakest_station_threshold.png,portfolio_figures/traffic_b3_weakest_station_threshold.png,KEEP_SUPPORTING,Data validity,COPIED
images/traffic_b4_example_speed_heatmap.png,portfolio_figures/traffic_b4_example_speed_heatmap.png,KEEP,Breakdown definitions,COPIED
images/traffic_b4_part2_onset_timing_normalized.png,portfolio_figures/traffic_b4_part2_onset_timing_normalized.png,KEEP_SUPPORTING,Breakdown definitions,COPIED
images/traffic_b4_part2_state_vs_onset_counts.png,portfolio_figures/traffic_b4_part2_state_vs_onset_counts.png,KEEP,Breakdown definitions,COPIED
images/traffic_b5p1_event_centered_profiles.png,portfolio_figures/traffic_b5p1_event_centered_profiles.png,KEEP_SUPPORTING,Precursors,COPIED
images/traffic_b5p1_breakdown_speed_heatmap.png,portfolio_figures/traffic_b5p1_breakdown_speed_heatmap.png,KEEP_SUPPORTING,Precursors,COPIED
images/traffic_b5p1_preconditions_vs_controls.png,portfolio_figures/traffic_b5p1_preconditions_vs_controls.png,KEEP_SUPPORTING,Precursors,COPIED
images/traffic_b5p2b_classification_robustness.png,portfolio_figures/traffic_b5p2b_classification_robustness.png,KEEP,Propagation,COPIED
images/traffic_b5p2b_station_participation_by_window.png,portfolio_figures/traffic_b5p2b_station_participation_by_window.png,KEEP_SUPPORTING,Propagation,COPIED
images/traffic_b5p3_duration_by_station.png,portfolio_figures/traffic_b5p3_duration_by_station.png,KEEP_SUPPORTING,Duration,COPIED
images/traffic_b5p3_recovery_survival.png,portfolio_figures/traffic_b5p3_recovery_survival.png,KEEP,Recovery,COPIED
images/traffic_b5p3_recovery_order.png,portfolio_figures/traffic_b5p3_recovery_order.png,KEEP_SUPPORTING,Recovery,COPIED
images/traffic_b6_leave_one_out_duration_robustness.png,portfolio_figures/traffic_b6_leave_one_out_duration_robustness.png,KEEP,Robustness,COPIED
images/traffic_b6_duration_by_time_period.png,portfolio_figures/traffic_b6_duration_by_time_period.png,KEEP,Duration,COPIED
images/traffic_b6_abrupt_onset_concentration.png,portfolio_figures/traffic_b6_abrupt_onset_concentration.png,KEEP_SUPPORTING,Limitations,COPIED
