flow_vphpl,estimate,ci_low,ci_high
0.0,1.2480810753445759e-05,0.0,3.741791701961927e-05
33.559322033898304,2.4967075929915872e-05,0.0,7.485825027165048e-05
67.11864406779661,2.4967075929915872e-05,0.0,7.485825027165048e-05
100.67796610169492,2.4967075929915872e-05,0.0,7.485825027165048e-05
134.23728813559322,2.4967075929915872e-05,0.0,7.485825027165048e-05
167.79661016949152,2.4967075929915872e-05,0.0,7.485825027165048e-05
201.35593220338984,2.4967075929915872e-05,0.0,7.485825027165048e-05
234.91525423728814,2.4967075929915872e-05,0.0,7.485825027165048e-05
268.47457627118644,2.4967075929915872e-05,0.0,7.485825027165048e-05
302.03389830508473,2.4967075929915872e-05,0.0,7.485825027165048e-05
335.59322033898303,2.4967075929915872e-05,0.0,7.485825027165048e-05
369.1525423728813,2.4967075929915872e-05,0.0,7.485825027165048e-05
402.7118644067797,2.4967075929915872e-05,0.0,7.485825027165048e-05
436.271186440678,2.4967075929915872e-05,0.0,7.485825027165048e-05
469.8305084745763,2.4967075929915872e-05,0.0,7.485825027165048e-05
503.3898305084746,3.7959163978529276e-05,0.0,0.00011383207195886368
536.9491525423729,3.7959163978529276e-05,0.0,0.00011383207195886368
570.5084745762712,5.112366115245237e-05,0.0,0.00015329343537827945
604.0677966101695,5.112366115245237e-05,0.0,0.00015329343537827945
637.6271186440678,5.112366115245237e-05,0.0,0.00015329343537827945
671.1864406779661,5.112366115245237e-05,0.0,0.00015329343537827945
704.7457627118644,5.112366115245237e-05,0.0,0.00015329343537827945
738.3050847457627,5.112366115245237e-05,0.0,0.00015329343537827945
771.864406779661,5.112366115245237e-05,0.0,0.00015329343537827945
805.4237288135594,5.112366115245237e-05,0.0,0.00015329343537827945
838.9830508474577,5.112366115245237e-05,0.0,0.00015329343537827945
872.542372881356,5.112366115245237e-05,0.0,0.00015329343537827945
906.1016949152543,5.112366115245237e-05,0.0,0.00015329343537827945
939.6610169491526,5.112366115245237e-05,0.0,0.00015329343537827945
973.2203389830509,5.112366115245237e-05,0.0,0.00015329343537827945
1006.7796610169491,5.112366115245237e-05,0.0,0.00015329343537827945
1040.3389830508474,5.112366115245237e-05,0.0,0.00015329343537827945
1073.8983050847457,5.112366115245237e-05,0.0,0.00015329343537827945
1107.457627118644,5.112366115245237e-05,0.0,0.00015329343537827945
1141.0169491525423,5.112366115245237e-05,0.0,0.00015329343537827945
1174.5762711864406,5.112366115245237e-05,0.0,0.00015329343537827945
1208.135593220339,5.112366115245237e-05,0.0,0.00015329343537827945
1241.6949152542372,6.897319751086872e-05,0.0,0.00017035114069108845
1275.2542372881355,6.897319751086872e-05,0.0,0.00017035114069108845
1308.8135593220338,8.881034367713703e-05,0.0,0.00020139608485220394
1342.3728813559321,8.881034367713703e-05,0.0,0.00020139608485220394
1375.9322033898304,0.00013453101993032845,1.9752914738860318e-05,0.00026754704949147334
1409.4915254237287,0.0001599761266609656,4.3205500971385534e-05,0.0002864983321737679
1443.050847457627,0.00018830341654851868,4.6567461812815904e-05,0.0003549007025549944
1476.6101694915253,0.00018830341654851868,4.6567461812815904e-05,0.0003549007025549944
1510.1694915254236,0.00018830341654851868,4.6567461812815904e-05,0.0003549007025549944
1543.728813559322,0.00018830341654851868,4.6567461812815904e-05,0.0003549007025549944
1577.2881355932202,0.00018830341654851868,4.6567461812815904e-05,0.0003549007025549944
1610.8474576271187,0.00018830341654851868,4.6567461812815904e-05,0.0003549007025549944
1644.406779661017,0.00018830341654851868,4.6567461812815904e-05,0.0003549007025549944
1677.9661016949153,0.00018830341654851868,4.6567461812815904e-05,0.0003549007025549944
1711.5254237288136,0.00018830341654851868,4.6567461812815904e-05,0.0003549007025549944
1745.084745762712,0.00018830341654851868,4.6567461812815904e-05,0.0003549007025549944
1778.6440677966102,0.00018830341654851868,4.6567461812815904e-05,0.0003549007025549944
1812.2033898305085,0.00018830341654851868,4.6567461812815904e-05,0.0003549007025549944
1845.7627118644068,0.00018830341654851868,4.6567461812815904e-05,0.0003549007025549944
1879.322033898305,0.00018830341654851868,4.6567461812815904e-05,0.0003549007025549944
1912.8813559322034,0.00018830341654851868,4.6567461812815904e-05,0.0003549007025549944
1946.4406779661017,0.00018830341654851868,4.6567461812815904e-05,0.0003549007025549944
1980.0,0.00018830341654851868,4.6567461812815904e-05,0.0003549007025549944
