flow_vphpl,risk_set,breakdowns,survival_probability,breakdown_probability
0.0,80123,1,0.9999875191892466,1.2480810753445759e-05
6.0,80087,1,0.9999750329240701,2.4967075929915872e-05
501.0,76968,1,0.9999620408360215,3.7959163978529276e-05
558.0,75959,1,0.9999488763388475,5.112366115245237e-05
1224.0,56021,1,0.9999310268024891,6.897319751086872e-05
1290.0,50407,1,0.9999111896563229,8.881034367713703e-05
1356.0,43740,2,0.9998654689800697,0.00013453101993032845
1395.0,39295,1,0.999840023873339,0.0001599761266609656
1428.0,35296,1,0.9998116965834515,0.00018830341654851868
