date,rows,valid_coverage_rows,zero_rows,positive_rows,ge40_rows,ge80_rows,observed_sum
2026-02-01,551808,551808,452563,99245,94656,73484,8731190.0
2026-02-02,551808,551808,446943,104865,99397,77966,9233372.0
2026-02-03,551808,551808,449231,102577,97958,76276,9065901.0
2026-02-04,551808,551808,456430,95378,92131,68435,8369150.0
2026-02-05,551808,551808,453554,98254,92471,71097,8490764.0
2026-02-06,551808,551808,448365,103443,98524,75398,9061150.0
2026-02-07,551808,551808,451020,100788,95622,75155,8842340.0
2026-02-08,551808,551808,446311,105497,101417,77613,9313225.0
2026-02-09,551808,551808,449824,101984,97059,75942,8992902.0
2026-02-10,551808,551808,449771,102037,96993,76735,9018007.0
2026-02-11,551808,551808,445782,106026,102489,79502,9381465.0
2026-02-12,551808,551808,448935,102873,99097,77151,9108687.0
2026-02-13,551808,551808,453269,98539,95906,74279,8786291.0
2026-02-14,551808,551808,470069,81739,78312,57551,7076803.0
2026-02-15,551808,551808,466482,85326,81526,59533,7357014.0
2026-02-16,551808,551808,465422,86386,82124,61813,7492629.0
2026-02-17,551808,551808,461376,90432,87425,67531,8001658.0
2026-02-18,551808,551808,464016,87792,84121,63019,7625538.0
2026-02-19,551808,551808,469441,82367,79185,58433,7173793.0
2026-02-20,551808,551808,465961,85847,82375,62357,7519093.0
2026-02-21,551808,551808,471905,79903,76054,56975,6922449.0
2026-02-22,551808,551808,474274,77534,74038,55175,6732256.0
2026-02-23,551808,551808,473139,78669,74039,54987,6739642.0
2026-02-24,551808,551808,472847,78961,75766,56714,6868483.0
2026-02-25,551808,551808,473709,78099,74608,55275,6765627.0
2026-02-26,551808,551808,470345,81463,77708,56582,6989237.0
2026-02-27,551808,551808,486549,65259,62251,47899,5670073.0
2026-02-28,551808,551808,551769,39,12,0,1300.0
2026-03-01,551808,551808,473210,78598,74894,54643,6785738.0
2026-03-02,551808,551808,472622,79186,75466,56959,6831522.0
2026-03-03,551808,551808,471418,80390,76914,57749,6999925.0
2026-03-04,551808,551808,474874,76934,74587,54120,6639798.0
2026-03-05,551808,551808,469113,82695,78645,57869,7117044.0
2026-03-06,551808,551808,470263,81545,78630,58963,7125894.0
2026-03-07,551808,551808,470262,81546,78923,59595,7161500.0
2026-03-08,528816,528816,449014,79802,76464,57227,6941223.0
2026-03-09,551808,551808,470867,80941,77747,57589,7062245.0
2026-03-10,551808,551808,466816,84992,82372,60907,7442774.0
2026-03-11,551808,551808,468261,83547,79777,59447,7234319.0
2026-03-12,551808,551808,470845,80963,78340,59208,7137746.0
2026-03-13,551808,551808,474303,77505,74894,56412,6830335.0
2026-03-14,551808,551808,482941,68867,67393,53393,6258205.0
2026-03-15,551808,551808,487547,64261,63085,49792,5883514.0
2026-03-16,551808,551808,473729,78079,75758,56925,6864991.0
2026-03-17,551808,551808,476605,75203,72883,54932,6596433.0
2026-03-18,551808,551808,472288,79520,75737,56955,6892976.0
2026-03-19,551808,551808,471171,80637,77485,60082,7102634.0
2026-03-20,551808,551808,476036,75772,72868,55838,6639325.0
2026-03-21,551808,551808,477193,74615,71142,54710,6505100.0
2026-03-22,551808,551808,479482,72326,68271,52669,6324862.0
2026-03-23,551808,551808,474283,77525,74027,56592,6797889.0
2026-03-24,551808,551808,472553,79255,76602,59021,7024425.0
2026-03-25,551808,551808,472602,79206,76615,58168,7004043.0
2026-03-26,551808,551808,476028,75780,72871,56418,6694376.0
2026-03-27,551808,551808,482102,69706,67110,50766,6127099.0
2026-03-28,551808,551808,474875,76933,74872,56425,6780284.0
2026-03-29,551808,551808,474584,77224,74894,57576,6851756.0
2026-03-30,551808,551808,473388,78420,75759,58428,6919761.0
2026-03-31,551808,551808,475972,75836,74041,54696,6680920.0
2026-04-01,551808,551808,468505,83303,78848,62329,7286136.0
2026-04-02,551808,551808,472806,79002,76088,56980,6895697.0
2026-04-03,551808,551808,474218,77590,74090,56255,6790349.0
2026-04-04,551808,551808,471985,79823,76369,58582,7013190.0
2026-04-05,551808,551808,472822,78986,76058,57573,6961601.0
2026-04-06,551808,551808,473445,78363,74899,56690,6871689.0
2026-04-07,551808,551808,477183,74625,71970,54321,6555740.0
2026-04-08,551808,551808,475304,76504,74591,55711,6748639.0
2026-04-09,551808,551808,475153,76655,74313,55251,6727868.0
2026-04-10,551808,551808,476595,75213,73464,55139,6651238.0
2026-04-11,551808,551808,472845,78963,77468,57752,6973128.0
2026-04-12,551808,551808,476560,75248,73461,55266,6656878.0
2026-04-13,551808,551808,473185,78623,76020,58706,6951070.0
2026-04-14,551808,551808,476834,74974,72072,54662,6590616.0
2026-04-15,551808,551808,474862,76946,74345,56976,6791378.0
2026-04-16,551808,551808,477011,74797,72490,55167,6606106.0
2026-04-17,551808,551808,474866,76942,74907,57010,6807526.0
2026-04-18,551808,551808,479476,72332,69718,51603,6314176.0
2026-04-19,551808,551808,474565,77243,74620,54251,6728398.0
2026-04-20,551808,551808,479467,72341,70302,53237,6423756.0
2026-04-21,551808,551808,473981,77827,76044,57583,6925306.0
2026-04-22,551808,551808,475462,76346,73070,55364,6645480.0
2026-04-23,551808,551808,474912,76896,74865,56723,6802587.0
2026-04-24,551808,551808,476640,75168,72563,55754,6649641.0
2026-04-25,551808,551808,474336,77472,74877,57865,6870016.0
2026-04-26,551808,551808,478656,73152,71127,54132,6484226.0
2026-04-27,551808,551808,476352,75456,73133,56187,6691665.0
2026-04-28,551808,551808,476064,75744,73723,55980,6700481.0
2026-04-29,551808,551808,476354,75454,73408,55195,6674268.0
2026-04-30,551808,551808,477216,74592,73151,55927,6626557.0
2026-05-01,551808,551808,476059,75749,74014,55550,6710707.0
2026-05-02,551808,551808,475436,76372,75190,55864,6763560.0
2026-05-03,551808,551808,475402,76406,74338,56722,6799535.0
2026-05-04,551808,551808,475728,76080,74035,55274,6734043.0
2026-05-05,551808,551808,476066,75742,73142,55189,6653331.0
2026-05-06,551808,551808,476377,75431,73398,56088,6680235.0
2026-05-07,551808,551808,473473,78335,76016,56142,6883891.0
2026-05-08,551808,551808,478082,73726,71126,54021,6469456.0
2026-05-09,551808,551808,474913,76895,75163,56634,6797202.0
2026-05-10,551808,551808,475200,76608,73436,55275,6685792.0
2026-05-11,551808,551808,480997,70811,66816,50606,6167061.0
2026-05-12,551808,551808,475201,76607,73434,54304,6668155.0
2026-05-13,551808,551808,471744,80064,76817,56391,6938525.0
2026-05-14,551808,551808,475915,75893,72712,52955,6546256.0
2026-05-15,551808,551808,472612,79196,75168,57319,6895524.0
2026-05-16,551808,551808,467380,84428,80089,61222,7335662.0
2026-05-17,551808,551808,467341,84467,79239,61291,7341447.0
2026-05-18,551808,551808,465363,86445,82097,62452,7506520.0
2026-05-19,551808,551808,469095,82713,79397,62878,7331396.0
2026-05-20,551808,551808,469682,82126,77791,61403,7216026.0
2026-05-21,551808,551808,468509,83299,79802,60645,7291739.0
2026-05-22,551808,551808,474573,77235,74258,57716,6808013.0
2026-05-23,551808,551808,477488,74320,71136,54277,6502222.0
2026-05-24,551808,551808,476611,75197,71419,57221,6640293.0
2026-05-25,551808,551808,477206,74602,69697,56092,6522830.0
2026-05-26,551808,551808,522141,29667,28311,22762,2635792.0
2026-05-27,551808,551808,551808,0,0,0,0.0
2026-05-28,551808,551808,517846,33962,32465,26068,3011544.0
2026-05-29,551808,551808,480363,71445,68262,54711,6330872.0
2026-05-30,551808,551808,475475,76333,73153,58246,6725397.0
2026-05-31,551808,551808,475740,76068,71997,57341,6693192.0
