date,station_days,station_days_positive_run_ge30min,station_days_positive_run_ge60min,station_days_positive_run_ge120min
2026-02-01,1916,359,359,359
2026-02-02,1916,365,365,365
2026-02-03,1916,357,357,357
2026-02-04,1916,332,332,331
2026-02-05,1916,342,342,342
2026-02-06,1916,360,360,360
2026-02-07,1916,351,351,351
2026-02-08,1916,367,367,367
2026-02-09,1916,355,355,355
2026-02-10,1916,356,356,355
2026-02-11,1916,369,369,369
2026-02-12,1916,358,358,358
2026-02-13,1916,343,343,343
2026-02-14,1916,285,285,284
2026-02-15,1916,297,297,296
2026-02-16,1916,301,301,301
2026-02-17,1916,315,315,315
2026-02-18,1916,306,306,305
2026-02-19,1916,286,286,286
2026-02-20,1916,299,299,298
2026-02-21,1916,279,279,279
2026-02-22,1916,270,270,269
2026-02-23,1916,274,274,274
2026-02-24,1916,275,275,274
2026-02-25,1916,272,272,271
2026-02-26,1916,284,284,284
2026-02-27,1916,241,241,241
2026-02-28,1916,1,1,0
2026-03-01,1916,274,274,273
2026-03-02,1916,276,275,275
2026-03-03,1916,280,279,279
2026-03-04,1916,268,268,267
2026-03-05,1916,288,288,287
2026-03-06,1916,284,284,283
2026-03-07,1916,284,283,283
2026-03-08,1916,290,289,289
2026-03-09,1916,282,282,281
2026-03-10,1916,296,295,295
2026-03-11,1916,291,291,290
2026-03-12,1916,282,282,281
2026-03-13,1916,270,269,269
2026-03-14,1916,240,239,239
2026-03-15,1916,224,223,223
2026-03-16,1916,272,272,271
2026-03-17,1916,262,261,261
2026-03-18,1916,277,277,276
2026-03-19,1916,281,281,280
2026-03-20,1916,264,264,263
2026-03-21,1916,260,259,259
2026-03-22,1916,252,251,251
2026-03-23,1916,270,270,269
2026-03-24,1916,276,276,275
2026-03-25,1916,276,276,275
2026-03-26,1916,264,264,264
2026-03-27,1916,243,242,242
2026-03-28,1916,268,268,267
2026-03-29,1916,269,269,268
2026-03-30,1916,273,273,273
2026-03-31,1916,264,264,264
2026-04-01,1916,290,290,290
2026-04-02,1916,275,275,275
2026-04-03,1916,271,271,270
2026-04-04,1916,278,278,278
2026-04-05,1916,275,275,274
2026-04-06,1916,273,273,273
2026-04-07,1916,260,260,260
2026-04-08,1916,268,268,267
2026-04-09,1916,267,267,266
2026-04-10,1916,262,262,262
2026-04-11,1916,275,275,275
2026-04-12,1916,262,262,262
2026-04-13,1916,274,274,273
2026-04-14,1916,262,262,261
2026-04-15,1916,268,268,268
2026-04-16,1916,262,262,261
2026-04-17,1916,268,268,268
2026-04-18,1916,252,251,251
2026-04-19,1916,269,269,269
2026-04-20,1916,252,252,252
2026-04-21,1916,271,271,271
2026-04-22,1916,266,266,266
2026-04-23,1916,267,267,267
2026-04-24,1916,261,261,261
2026-04-25,1916,269,269,269
2026-04-26,1916,254,254,254
2026-04-27,1916,262,262,262
2026-04-28,1916,263,263,263
2026-04-29,1916,262,262,262
2026-04-30,1916,259,259,259
2026-05-01,1916,263,263,263
2026-05-02,1916,266,266,266
2026-05-03,1916,266,266,265
2026-05-04,1916,265,265,265
2026-05-05,1916,263,263,263
2026-05-06,1916,263,263,263
2026-05-07,1916,272,272,272
2026-05-08,1916,256,256,256
2026-05-09,1916,267,267,267
2026-05-10,1916,266,266,266
2026-05-11,1916,246,246,246
2026-05-12,1916,266,266,266
2026-05-13,1916,278,278,278
2026-05-14,1916,264,264,264
2026-05-15,1916,275,275,275
2026-05-16,1916,294,294,294
2026-05-17,1916,294,294,294
2026-05-18,1916,301,301,301
2026-05-19,1916,288,288,288
2026-05-20,1916,286,286,286
2026-05-21,1916,291,291,290
2026-05-22,1916,269,269,269
2026-05-23,1916,258,258,258
2026-05-24,1916,262,261,261
2026-05-25,1916,260,259,259
2026-05-26,1916,268,268,267
2026-05-27,1916,0,0,0
2026-05-28,1916,248,248,248
2026-05-29,1916,248,248,248
2026-05-30,1916,266,265,265
2026-05-31,1916,265,265,265
