relative_minute,n_events,median_speed_mph,q25_speed_mph,q75_speed_mph,median_flow_veh_5min,q25_flow_veh_5min,q75_flow_veh_5min,median_occupancy,q25_occupancy,q75_occupancy
-30,6,62.5,59.9,63.45,462.5,452.75,467.0,0.1103,0.09225,0.12505
-25,6,61.4,59.4,63.099999999999994,454.0,447.75,473.75,0.1152,0.09075,0.1338
-20,8,62.0,58.525,63.825,447.0,322.0,464.25,0.09625,0.06035,0.1145
-15,9,63.3,60.0,65.4,421.0,188.0,439.0,0.0828,0.0382,0.1052
-10,10,61.85,60.1,64.27499999999999,401.5,177.5,445.0,0.0747,0.0415,0.10185
-5,10,58.099999999999994,54.625,60.375,419.0,171.75,452.0,0.10875,0.055325,0.1251
0,10,33.650000000000006,29.95,35.650000000000006,242.0,133.25,295.25,0.31420000000000003,0.2067,0.37374999999999997
5,10,22.799999999999997,21.15,36.975,221.5,88.75,333.75,0.36295,0.219275,0.48915
10,10,17.7,14.950000000000001,41.625,240.0,86.75,357.75,0.3266,0.13535,0.46499999999999997
15,10,17.7,11.975,43.925000000000004,265.0,68.5,406.25,0.30305,0.12355000000000001,0.40507499999999996
20,10,23.15,10.4,55.975,265.0,54.25,403.5,0.2511,0.11105,0.39965
25,10,29.3,9.625,55.575,265.0,33.0,382.5,0.22355,0.090775,0.386825
30,9,45.3,10.2,50.7,270.0,49.0,397.0,0.1162,0.0901,0.3815
