excluded_date,remaining_events,overall_median_duration,overall_median_duration_change_pct,overall_p90_duration,overall_p90_duration_change_pct,am_median_duration,am_median_duration_change_pct,midday_median_duration,midday_median_duration_change_pct,pm_median_duration,pm_median_duration_change_pct
2026-02-02,1449,60.0,0.0,355.0,0.0,50.0,0.0,170.0,0.0,45.0,0.0
2026-02-03,1439,60.0,0.0,355.0,0.0,45.0,-10.0,170.0,0.0,45.0,0.0
2026-02-04,1437,60.0,0.0,355.0,0.0,50.0,0.0,170.0,0.0,45.0,0.0
2026-02-05,1442,60.0,0.0,355.0,0.0,45.0,-10.0,175.0,2.9411764705882355,45.0,0.0
2026-02-06,1444,60.0,0.0,350.0,-1.408450704225352,50.0,0.0,170.0,0.0,45.0,0.0
2026-02-07,1449,60.0,0.0,355.0,0.0,50.0,0.0,170.0,0.0,45.0,0.0
2026-02-09,1450,60.0,0.0,355.0,0.0,50.0,0.0,170.0,0.0,45.0,0.0
2026-02-10,1441,60.0,0.0,355.0,0.0,50.0,0.0,170.0,0.0,45.0,0.0
2026-02-11,1438,62.5,4.166666666666667,355.0,0.0,50.0,0.0,170.0,0.0,45.0,0.0
2026-02-12,1447,60.0,0.0,355.0,0.0,45.0,-10.0,170.0,0.0,45.0,0.0
2026-02-13,1430,60.0,0.0,355.0,0.0,50.0,0.0,170.0,0.0,45.0,0.0
2026-02-14,1429,65.0,8.333333333333334,355.0,0.0,50.0,0.0,175.0,2.9411764705882355,50.0,11.11111111111111
2026-02-16,1442,60.0,0.0,355.0,0.0,50.0,0.0,175.0,2.9411764705882355,45.0,0.0
2026-02-17,1443,60.0,0.0,355.0,0.0,50.0,0.0,170.0,0.0,45.0,0.0
2026-02-18,1441,60.0,0.0,355.0,0.0,45.0,-10.0,170.0,0.0,45.0,0.0
2026-02-19,1446,60.0,0.0,355.0,0.0,50.0,0.0,170.0,0.0,45.0,0.0
2026-02-20,1444,60.0,0.0,355.0,0.0,50.0,0.0,170.0,0.0,45.0,0.0
2026-02-21,1447,60.0,0.0,355.0,0.0,50.0,0.0,170.0,0.0,45.0,0.0
2026-02-23,1440,60.0,0.0,355.0,0.0,50.0,0.0,170.0,0.0,45.0,0.0
2026-02-24,1442,60.0,0.0,355.0,0.0,45.0,-10.0,170.0,0.0,45.0,0.0
2026-02-25,1443,60.0,0.0,355.0,0.0,50.0,0.0,170.0,0.0,45.0,0.0
2026-02-26,1446,60.0,0.0,350.0,-1.408450704225352,45.0,-10.0,170.0,0.0,45.0,0.0
2026-02-27,1449,60.0,0.0,351.0000000000002,-1.1267605633802176,45.0,-10.0,170.0,0.0,45.0,0.0
2026-03-02,1436,62.5,4.166666666666667,352.5,-0.704225352112676,50.0,0.0,170.0,0.0,45.0,0.0
2026-03-03,1445,60.0,0.0,353.0000000000007,-0.5633802816899487,47.5,-5.0,170.0,0.0,45.0,0.0
2026-03-04,1442,60.0,0.0,354.50000000000045,-0.14084507042240713,45.0,-10.0,170.0,0.0,45.0,0.0
2026-03-05,1436,60.0,0.0,352.5,-0.704225352112676,50.0,0.0,170.0,0.0,45.0,0.0
2026-03-06,1435,65.0,8.333333333333334,355.0,0.0,50.0,0.0,170.0,0.0,47.5,5.555555555555555
2026-03-07,1451,60.0,0.0,355.0,0.0,50.0,0.0,170.0,0.0,45.0,0.0
2026-03-08,1456,60.0,0.0,355.0,0.0,50.0,0.0,170.0,0.0,45.0,0.0
2026-03-09,1441,60.0,0.0,355.0,0.0,47.5,-5.0,175.0,2.9411764705882355,45.0,0.0
2026-03-10,1442,60.0,0.0,355.0,0.0,45.0,-10.0,170.0,0.0,45.0,0.0
2026-03-11,1437,65.0,8.333333333333334,355.0,0.0,50.0,0.0,170.0,0.0,45.0,0.0
2026-03-12,1444,60.0,0.0,353.5000000000002,-0.42253521126754157,45.0,-10.0,170.0,0.0,45.0,0.0
2026-03-13,1438,60.0,0.0,351.4999999999998,-0.9859154929578106,45.0,-10.0,170.0,0.0,50.0,11.11111111111111
2026-03-14,1451,60.0,0.0,355.0,0.0,50.0,0.0,170.0,0.0,45.0,0.0
2026-03-15,1453,60.0,0.0,355.0,0.0,50.0,0.0,170.0,0.0,45.0,0.0
2026-03-16,1445,60.0,0.0,355.0,0.0,45.0,-10.0,170.0,0.0,45.0,0.0
2026-03-17,1439,60.0,0.0,355.0,0.0,45.0,-10.0,170.0,0.0,45.0,0.0
2026-03-18,1442,60.0,0.0,355.0,0.0,45.0,-10.0,170.0,0.0,45.0,0.0
2026-03-19,1441,60.0,0.0,350.0,-1.408450704225352,47.5,-5.0,170.0,0.0,45.0,0.0
2026-03-20,1445,60.0,0.0,350.0,-1.408450704225352,45.0,-10.0,170.0,0.0,45.0,0.0
2026-03-21,1440,62.5,4.166666666666667,355.0,0.0,50.0,0.0,172.5,1.4705882352941178,45.0,0.0
2026-03-22,1450,60.0,0.0,355.0,0.0,50.0,0.0,175.0,2.9411764705882355,45.0,0.0
2026-03-23,1444,60.0,0.0,355.0,0.0,50.0,0.0,170.0,0.0,45.0,0.0
2026-03-24,1445,60.0,0.0,350.0,-1.408450704225352,50.0,0.0,170.0,0.0,45.0,0.0
2026-03-25,1433,60.0,0.0,355.0,0.0,50.0,0.0,170.0,0.0,45.0,0.0
2026-03-26,1438,60.0,0.0,351.4999999999998,-0.9859154929578106,50.0,0.0,170.0,0.0,45.0,0.0
2026-03-27,1434,60.0,0.0,355.0,0.0,50.0,0.0,170.0,0.0,45.0,0.0
2026-03-28,1449,60.0,0.0,355.0,0.0,50.0,0.0,170.0,0.0,45.0,0.0
2026-03-30,1450,60.0,0.0,355.0,0.0,50.0,0.0,170.0,0.0,45.0,0.0
2026-03-31,1447,60.0,0.0,355.0,0.0,50.0,0.0,172.5,1.4705882352941178,45.0,0.0
2026-04-01,1437,65.0,8.333333333333334,355.0,0.0,50.0,0.0,170.0,0.0,50.0,11.11111111111111
2026-04-02,1436,62.5,4.166666666666667,355.0,0.0,50.0,0.0,172.5,1.4705882352941178,45.0,0.0
2026-04-03,1439,60.0,0.0,355.0,0.0,50.0,0.0,170.0,0.0,45.0,0.0
2026-04-04,1450,60.0,0.0,355.0,0.0,50.0,0.0,170.0,0.0,45.0,0.0
2026-04-05,1448,65.0,8.333333333333334,355.0,0.0,50.0,0.0,175.0,2.9411764705882355,45.0,0.0
2026-04-06,1447,60.0,0.0,355.0,0.0,50.0,0.0,170.0,0.0,45.0,0.0
2026-04-07,1432,65.0,8.333333333333334,355.0,0.0,50.0,0.0,175.0,2.9411764705882355,45.0,0.0
2026-04-08,1445,60.0,0.0,355.0,0.0,47.5,-5.0,170.0,0.0,45.0,0.0
2026-04-09,1444,60.0,0.0,355.0,0.0,45.0,-10.0,170.0,0.0,45.0,0.0
2026-04-10,1446,60.0,0.0,355.0,0.0,50.0,0.0,170.0,0.0,45.0,0.0
2026-04-11,1450,60.0,0.0,355.0,0.0,50.0,0.0,170.0,0.0,45.0,0.0
2026-04-13,1447,60.0,0.0,355.0,0.0,50.0,0.0,170.0,0.0,45.0,0.0
2026-04-14,1437,60.0,0.0,355.0,0.0,50.0,0.0,172.5,1.4705882352941178,45.0,0.0
2026-04-15,1442,60.0,0.0,355.0,0.0,50.0,0.0,170.0,0.0,45.0,0.0
2026-04-16,1426,65.0,8.333333333333334,355.0,0.0,47.5,-5.0,175.0,2.9411764705882355,50.0,11.11111111111111
2026-04-17,1449,60.0,0.0,350.0,-1.408450704225352,50.0,0.0,170.0,0.0,45.0,0.0
2026-04-18,1444,60.0,0.0,355.0,0.0,50.0,0.0,170.0,0.0,45.0,0.0
2026-04-20,1440,60.0,0.0,355.0,0.0,50.0,0.0,172.5,1.4705882352941178,45.0,0.0
2026-04-21,1439,60.0,0.0,355.0,0.0,50.0,0.0,170.0,0.0,45.0,0.0
2026-04-22,1431,60.0,0.0,355.0,0.0,50.0,0.0,170.0,0.0,45.0,0.0
2026-04-23,1440,60.0,0.0,355.0,0.0,45.0,-10.0,170.0,0.0,45.0,0.0
2026-04-24,1444,60.0,0.0,353.5000000000002,-0.42253521126754157,45.0,-10.0,170.0,0.0,45.0,0.0
2026-04-25,1448,62.5,4.166666666666667,355.0,0.0,50.0,0.0,170.0,0.0,45.0,0.0
2026-04-27,1444,60.0,0.0,355.0,0.0,50.0,0.0,170.0,0.0,45.0,0.0
2026-04-28,1439,60.0,0.0,355.0,0.0,50.0,0.0,170.0,0.0,45.0,0.0
2026-04-29,1437,60.0,0.0,355.0,0.0,47.5,-5.0,170.0,0.0,45.0,0.0
2026-04-30,1439,60.0,0.0,355.0,0.0,50.0,0.0,170.0,0.0,45.0,0.0
2026-05-01,1445,60.0,0.0,355.0,0.0,50.0,0.0,170.0,0.0,45.0,0.0
2026-05-02,1439,65.0,8.333333333333334,355.0,0.0,50.0,0.0,175.0,2.9411764705882355,45.0,0.0
2026-05-04,1443,60.0,0.0,355.0,0.0,50.0,0.0,170.0,0.0,45.0,0.0
2026-05-05,1445,60.0,0.0,355.0,0.0,50.0,0.0,170.0,0.0,45.0,0.0
2026-05-06,1438,60.0,0.0,355.0,0.0,50.0,0.0,170.0,0.0,45.0,0.0
2026-05-07,1442,60.0,0.0,355.0,0.0,47.5,-5.0,170.0,0.0,45.0,0.0
2026-05-08,1444,60.0,0.0,355.0,0.0,50.0,0.0,170.0,0.0,45.0,0.0
2026-05-09,1446,60.0,0.0,355.0,0.0,50.0,0.0,170.0,0.0,45.0,0.0
2026-05-11,1441,60.0,0.0,355.0,0.0,50.0,0.0,170.0,0.0,45.0,0.0
2026-05-12,1441,60.0,0.0,355.0,0.0,50.0,0.0,170.0,0.0,45.0,0.0
2026-05-13,1447,60.0,0.0,355.0,0.0,50.0,0.0,170.0,0.0,45.0,0.0
2026-05-14,1440,60.0,0.0,355.0,0.0,50.0,0.0,170.0,0.0,45.0,0.0
2026-05-15,1444,60.0,0.0,355.0,0.0,50.0,0.0,170.0,0.0,45.0,0.0
2026-05-16,1445,60.0,0.0,355.0,0.0,50.0,0.0,175.0,2.9411764705882355,45.0,0.0
2026-05-18,1436,65.0,8.333333333333334,355.0,0.0,50.0,0.0,170.0,0.0,45.0,0.0
2026-05-19,1447,60.0,0.0,355.0,0.0,50.0,0.0,175.0,2.9411764705882355,45.0,0.0
2026-05-20,1440,60.0,0.0,355.0,0.0,50.0,0.0,175.0,2.9411764705882355,45.0,0.0
2026-05-21,1443,60.0,0.0,355.0,0.0,50.0,0.0,170.0,0.0,45.0,0.0
2026-05-22,1446,60.0,0.0,352.5,-0.704225352112676,50.0,0.0,170.0,0.0,45.0,0.0
2026-05-23,1450,60.0,0.0,355.0,0.0,50.0,0.0,170.0,0.0,45.0,0.0
2026-05-24,1455,60.0,0.0,355.0,0.0,50.0,0.0,170.0,0.0,45.0,0.0
2026-05-29,1447,60.0,0.0,355.0,0.0,50.0,0.0,170.0,0.0,45.0,0.0
2026-05-30,1450,60.0,0.0,355.0,0.0,50.0,0.0,170.0,0.0,45.0,0.0
2026-05-31,1453,60.0,0.0,355.0,0.0,50.0,0.0,170.0,0.0,45.0,0.0
