timestamp,upstream_speed_mph,speed_mph,date,hour,shift,raw_active,sustained_active,station_id,upstream_station_id,gap_miles
2026-02-16 11:55:00,53.7,42.5,2026-02-16,11.916666666666666,Noon,False,True,717195,716152,0.5600000000000023
2026-02-16 12:00:00,55.3,42.5,2026-02-16,12.0,Noon,False,True,717195,716152,0.5600000000000023
2026-02-16 12:05:00,61.6,39.1,2026-02-16,12.083333333333334,Noon,True,True,717195,716152,0.5600000000000023
2026-02-16 12:10:00,62.1,35.4,2026-02-16,12.166666666666666,Noon,True,True,717195,716152,0.5600000000000023
2026-02-16 12:15:00,59.4,34.0,2026-02-16,12.25,Noon,True,True,717195,716152,0.5600000000000023
2026-02-16 12:20:00,60.4,32.6,2026-02-16,12.333333333333334,Noon,True,True,717195,716152,0.5600000000000023
2026-02-16 12:25:00,59.1,29.9,2026-02-16,12.416666666666666,Noon,True,True,717195,716152,0.5600000000000023
2026-02-16 12:30:00,63.9,34.5,2026-02-16,12.5,Noon,True,True,717195,716152,0.5600000000000023
2026-02-16 12:35:00,60.7,35.0,2026-02-16,12.583333333333334,Noon,True,True,717195,716152,0.5600000000000023
2026-02-16 12:40:00,60.1,39.4,2026-02-16,12.666666666666666,Noon,True,True,717195,716152,0.5600000000000023
2026-02-16 12:45:00,68.2,42.9,2026-02-16,12.75,Noon,False,True,717195,716152,0.5600000000000023
2026-02-16 12:50:00,69.3,43.2,2026-02-16,12.833333333333334,Noon,False,True,717195,716152,0.5600000000000023
2026-02-16 13:45:00,63.6,38.5,2026-02-16,13.75,Noon,True,True,717195,716152,0.5600000000000023
2026-02-16 13:50:00,57.9,32.7,2026-02-16,13.833333333333334,Noon,True,True,717195,716152,0.5600000000000023
2026-02-16 13:55:00,57.1,32.5,2026-02-16,13.916666666666666,Noon,True,True,717195,716152,0.5600000000000023
2026-02-16 14:00:00,47.8,34.2,2026-02-16,14.0,Noon,False,True,717195,716152,0.5600000000000023
2026-02-16 14:05:00,48.3,31.7,2026-02-16,14.083333333333334,Noon,False,True,717195,716152,0.5600000000000023
2026-02-16 14:10:00,52.0,30.5,2026-02-16,14.166666666666666,Noon,True,True,717195,716152,0.5600000000000023
2026-02-16 14:15:00,53.6,28.3,2026-02-16,14.25,Noon,True,True,717195,716152,0.5600000000000023
2026-02-16 14:20:00,55.4,29.5,2026-02-16,14.333333333333334,Noon,True,True,717195,716152,0.5600000000000023
2026-02-27 13:25:00,59.7,40.5,2026-02-27,13.416666666666666,Noon,False,True,717195,716152,0.5600000000000023
2026-02-27 13:30:00,59.7,39.9,2026-02-27,13.5,Noon,False,True,717195,716152,0.5600000000000023
2026-02-27 13:35:00,59.7,39.6,2026-02-27,13.583333333333334,Noon,True,True,717195,716152,0.5600000000000023
2026-02-27 13:40:00,59.7,39.5,2026-02-27,13.666666666666666,Noon,True,True,717195,716152,0.5600000000000023
2026-02-27 13:45:00,59.7,39.4,2026-02-27,13.75,Noon,True,True,717195,716152,0.5600000000000023
2026-02-27 13:50:00,59.7,39.4,2026-02-27,13.833333333333334,Noon,True,True,717195,716152,0.5600000000000023
2026-02-27 13:55:00,59.7,39.4,2026-02-27,13.916666666666666,Noon,True,True,717195,716152,0.5600000000000023
2026-02-27 14:00:00,59.5,39.4,2026-02-27,14.0,Noon,True,True,717195,716152,0.5600000000000023
2026-02-27 14:05:00,59.5,39.4,2026-02-27,14.083333333333334,Noon,True,True,717195,716152,0.5600000000000023
2026-02-27 14:10:00,59.4,39.4,2026-02-27,14.166666666666666,Noon,True,True,717195,716152,0.5600000000000023
2026-02-27 14:15:00,59.4,39.4,2026-02-27,14.25,Noon,True,True,717195,716152,0.5600000000000023
2026-02-27 14:20:00,59.4,39.4,2026-02-27,14.333333333333334,Noon,True,True,717195,716152,0.5600000000000023
2026-02-27 14:25:00,59.4,39.4,2026-02-27,14.416666666666666,Noon,True,True,717195,716152,0.5600000000000023
2026-02-27 14:30:00,59.4,39.4,2026-02-27,14.5,Noon,True,True,717195,716152,0.5600000000000023
2026-02-27 14:35:00,59.4,39.4,2026-02-27,14.583333333333334,Noon,True,True,717195,716152,0.5600000000000023
2026-02-27 14:40:00,48.8,39.4,2026-02-27,14.666666666666666,Noon,False,True,717195,716152,0.5600000000000023
2026-02-27 14:45:00,43.5,39.4,2026-02-27,14.75,Noon,False,True,717195,716152,0.5600000000000023
2026-03-30 15:30:00,65.7,38.8,2026-03-30,15.5,PM,True,True,717195,716152,0.5600000000000023
2026-03-30 15:35:00,65.7,39.6,2026-03-30,15.583333333333334,PM,True,True,717195,716152,0.5600000000000023
2026-03-30 15:40:00,65.7,42.1,2026-03-30,15.666666666666666,PM,False,True,717195,716152,0.5600000000000023
2026-03-30 15:45:00,65.7,40.0,2026-03-30,15.75,PM,False,True,717195,716152,0.5600000000000023
2026-03-30 15:50:00,65.7,30.8,2026-03-30,15.833333333333334,PM,True,True,717195,716152,0.5600000000000023
2026-03-30 15:55:00,65.7,33.3,2026-03-30,15.916666666666666,PM,True,True,717195,716152,0.5600000000000023
2026-03-30 16:00:00,65.7,39.2,2026-03-30,16.0,PM,True,True,717195,716152,0.5600000000000023
2026-03-30 16:05:00,65.7,37.8,2026-03-30,16.083333333333332,PM,True,True,717195,716152,0.5600000000000023
2026-03-30 16:10:00,65.7,41.5,2026-03-30,16.166666666666668,PM,False,True,717195,716152,0.5600000000000023
2026-03-30 16:15:00,65.7,38.9,2026-03-30,16.25,PM,True,True,717195,716152,0.5600000000000023
2026-03-30 16:20:00,65.7,36.8,2026-03-30,16.333333333333332,PM,True,True,717195,716152,0.5600000000000023
2026-03-30 16:25:00,65.7,40.1,2026-03-30,16.416666666666668,PM,False,True,717195,716152,0.5600000000000023
2026-04-15 05:55:00,73.2,54.4,2026-04-15,5.916666666666667,AM,False,True,717195,716152,0.5600000000000023
2026-04-15 06:00:00,69.3,47.1,2026-04-15,6.0,AM,False,True,717195,716152,0.5600000000000023
2026-04-15 06:05:00,65.8,28.7,2026-04-15,6.083333333333333,AM,True,True,717195,716152,0.5600000000000023
2026-04-15 06:10:00,65.3,19.8,2026-04-15,6.166666666666667,AM,True,True,717195,716152,0.5600000000000023
2026-04-15 06:15:00,63.5,16.8,2026-04-15,6.25,AM,True,True,717195,716152,0.5600000000000023
2026-04-15 06:20:00,64.4,10.3,2026-04-15,6.333333333333333,AM,True,True,717195,716152,0.5600000000000023
2026-04-15 06:25:00,64.1,6.8,2026-04-15,6.416666666666667,AM,True,True,717195,716152,0.5600000000000023
2026-04-15 06:30:00,65.8,13.9,2026-04-15,6.5,AM,True,True,717195,716152,0.5600000000000023
2026-04-15 06:35:00,66.7,39.4,2026-04-15,6.583333333333333,AM,True,True,717195,716152,0.5600000000000023
2026-04-15 06:40:00,68.7,54.9,2026-04-15,6.666666666666667,AM,False,True,717195,716152,0.5600000000000023
2026-04-15 06:45:00,69.7,63.0,2026-04-15,6.75,AM,False,True,717195,716152,0.5600000000000023
2026-05-23 15:10:00,69.1,46.7,2026-05-23,15.166666666666666,PM,False,True,717195,716152,0.5600000000000023
2026-05-23 15:15:00,69.1,41.4,2026-05-23,15.25,PM,False,True,717195,716152,0.5600000000000023
2026-05-23 15:20:00,69.1,34.9,2026-05-23,15.333333333333334,PM,True,True,717195,716152,0.5600000000000023
2026-05-23 15:25:00,69.1,32.4,2026-05-23,15.416666666666666,PM,True,True,717195,716152,0.5600000000000023
2026-05-23 15:30:00,69.1,33.3,2026-05-23,15.5,PM,True,True,717195,716152,0.5600000000000023
2026-05-23 15:35:00,69.1,35.5,2026-05-23,15.583333333333334,PM,True,True,717195,716152,0.5600000000000023
2026-05-23 15:40:00,69.1,35.9,2026-05-23,15.666666666666666,PM,True,True,717195,716152,0.5600000000000023
2026-05-23 15:45:00,69.1,37.3,2026-05-23,15.75,PM,True,True,717195,716152,0.5600000000000023
2026-05-23 15:50:00,69.1,32.0,2026-05-23,15.833333333333334,PM,True,True,717195,716152,0.5600000000000023
2026-05-23 15:55:00,69.1,33.6,2026-05-23,15.916666666666666,PM,True,True,717195,716152,0.5600000000000023
2026-05-23 16:00:00,69.1,40.3,2026-05-23,16.0,PM,False,True,717195,716152,0.5600000000000023
2026-05-23 16:05:00,69.1,43.9,2026-05-23,16.083333333333332,PM,False,True,717195,716152,0.5600000000000023
2026-05-23 16:10:00,69.1,36.7,2026-05-23,16.166666666666668,PM,True,True,717195,716152,0.5600000000000023
2026-05-23 16:35:00,69.1,37.5,2026-05-23,16.583333333333332,PM,True,True,717195,716152,0.5600000000000023
2026-05-23 16:40:00,69.1,34.8,2026-05-23,16.666666666666668,PM,True,True,717195,716152,0.5600000000000023
2026-05-23 16:45:00,69.1,39.9,2026-05-23,16.75,PM,True,True,717195,716152,0.5600000000000023
2026-05-23 16:50:00,69.1,45.3,2026-05-23,16.833333333333332,PM,False,True,717195,716152,0.5600000000000023
2026-05-23 16:55:00,69.1,46.9,2026-05-23,16.916666666666668,PM,False,True,717195,716152,0.5600000000000023
2026-05-23 17:00:00,69.1,38.7,2026-05-23,17.0,PM,True,True,717195,716152,0.5600000000000023
2026-05-23 17:05:00,69.1,34.9,2026-05-23,17.083333333333332,PM,True,True,717195,716152,0.5600000000000023
2026-05-23 17:10:00,69.1,38.2,2026-05-23,17.166666666666668,PM,True,True,717195,716152,0.5600000000000023
2026-05-23 17:15:00,69.1,32.5,2026-05-23,17.25,PM,True,True,717195,716152,0.5600000000000023
2026-05-23 17:20:00,69.1,35.0,2026-05-23,17.333333333333332,PM,True,True,717195,716152,0.5600000000000023
2026-05-23 17:25:00,69.1,38.6,2026-05-23,17.416666666666668,PM,True,True,717195,716152,0.5600000000000023
2026-05-23 17:30:00,69.1,33.4,2026-05-23,17.5,PM,True,True,717195,716152,0.5600000000000023
2026-05-23 17:35:00,69.1,32.5,2026-05-23,17.583333333333332,PM,True,True,717195,716152,0.5600000000000023
2026-05-23 17:40:00,69.1,33.3,2026-05-23,17.666666666666668,PM,True,True,717195,716152,0.5600000000000023
2026-05-23 17:45:00,69.1,31.8,2026-05-23,17.75,PM,True,True,717195,716152,0.5600000000000023
2026-05-23 17:50:00,69.1,33.2,2026-05-23,17.833333333333332,PM,True,True,717195,716152,0.5600000000000023
2026-05-23 17:55:00,69.1,35.2,2026-05-23,17.916666666666668,PM,True,True,717195,716152,0.5600000000000023
2026-05-23 18:00:00,69.1,41.5,2026-05-23,18.0,PM,False,True,717195,716152,0.5600000000000023
2026-05-23 18:05:00,69.1,41.1,2026-05-23,18.083333333333332,PM,False,True,717195,716152,0.5600000000000023
