event_id,station_id,start_time,speed_mph_minus30,speed_mph_minus5,speed_mph_onset,speed_change_minus30_to_minus5,speed_drop_minus5_to_onset,pre30_speed_std,flow_veh_5min_minus30,flow_veh_5min_minus5,flow_veh_5min_onset,flow_change_minus30_to_minus5,occupancy_minus30,occupancy_minus5,occupancy_onset,occupancy_change_minus30_to_minus5,complete_profile
1,716152,2026-02-01 11:10:00,63.5,64.0,37.7,0.5,26.299999999999997,1.5782902141241324,468.0,452.0,293.0,-16.0,0.1195,0.1115,0.4005,-0.007999999999999993,True
330,717185,2026-02-27 08:00:00,65.4,57.1,33.6,-8.300000000000004,23.5,3.3884608108500647,370.0,408.0,296.0,38.0,0.069,0.106,0.3496,0.03699999999999999,True
332,717190,2026-02-27 08:00:00,63.3,58.3,33.7,-5.0,24.599999999999994,2.0412414523193148,450.0,476.0,311.0,26.0,0.1011,0.1255,0.3818,0.024400000000000005,True
340,717198,2026-03-02 05:10:00,,62.4,27.8,,34.599999999999994,10.182337649086284,,2.0,1.0,,,0.0016,0.0107,,False
342,717190,2026-03-02 05:15:00,,57.9,35.7,,22.199999999999996,5.957348403442594,,186.0,164.0,,,0.0546,0.183,,False
344,717185,2026-03-02 05:20:00,,53.4,30.1,,23.299999999999997,6.918814927427963,,167.0,123.0,,,0.0575,0.2778,,False
346,717195,2026-03-02 05:20:00,,53.8,27.9,,25.9,0.0,,0.0,6.0,,,0.0,0.0437,,False
588,716152,2026-03-19 10:40:00,58.4,59.7,39.2,1.3000000000000043,20.5,1.1956866925188505,474.0,430.0,336.0,-44.0,0.1407,0.1239,0.3252,-0.016799999999999995,True
1159,716152,2026-04-30 10:20:00,59.3,60.6,35.5,1.3000000000000043,25.1,0.9607288899580358,464.0,465.0,198.0,1.0,0.1269,0.1311,0.3032,0.0041999999999999815,True
1472,717185,2026-05-31 14:10:00,61.7,51.0,29.9,-10.700000000000003,21.1,4.5315192448743575,461.0,452.0,286.0,-9.0,0.0893,0.1314,0.3883,0.042099999999999985,True
