event_id,station_id,event_start_time,event_date,relative_minute,timestamp,speed_mph,flow_veh_5min,occupancy_fraction,present
1,716152,2026-02-01 11:10:00,2026-02-01,-30,2026-02-01 10:40:00,63.5,468.0,0.1195,True
1,716152,2026-02-01 11:10:00,2026-02-01,-25,2026-02-01 10:45:00,60.3,447.0,0.1293,True
1,716152,2026-02-01 11:10:00,2026-02-01,-20,2026-02-01 10:50:00,61.9,456.0,0.1105,True
1,716152,2026-02-01 11:10:00,2026-02-01,-15,2026-02-01 10:55:00,63.4,433.0,0.1052,True
1,716152,2026-02-01 11:10:00,2026-02-01,-10,2026-02-01 11:00:00,64.6,433.0,0.1021,True
1,716152,2026-02-01 11:10:00,2026-02-01,-5,2026-02-01 11:05:00,64.0,452.0,0.1115,True
1,716152,2026-02-01 11:10:00,2026-02-01,0,2026-02-01 11:10:00,37.7,293.0,0.4005,True
1,716152,2026-02-01 11:10:00,2026-02-01,5,2026-02-01 11:15:00,40.0,551.0,0.2019,True
1,716152,2026-02-01 11:10:00,2026-02-01,10,2026-02-01 11:20:00,50.3,474.0,0.122,True
1,716152,2026-02-01 11:10:00,2026-02-01,15,2026-02-01 11:25:00,57.5,461.0,0.1102,True
1,716152,2026-02-01 11:10:00,2026-02-01,20,2026-02-01 11:30:00,62.6,474.0,0.1084,True
1,716152,2026-02-01 11:10:00,2026-02-01,25,2026-02-01 11:35:00,62.7,471.0,0.1158,True
1,716152,2026-02-01 11:10:00,2026-02-01,30,2026-02-01 11:40:00,63.1,473.0,0.1153,True
330,717185,2026-02-27 08:00:00,2026-02-27,-30,2026-02-27 07:30:00,65.4,370.0,0.069,True
330,717185,2026-02-27 08:00:00,2026-02-27,-25,2026-02-27 07:35:00,65.4,370.0,0.069,True
330,717185,2026-02-27 08:00:00,2026-02-27,-20,2026-02-27 07:40:00,65.4,370.0,0.069,True
330,717185,2026-02-27 08:00:00,2026-02-27,-15,2026-02-27 07:45:00,65.4,370.0,0.069,True
330,717185,2026-02-27 08:00:00,2026-02-27,-10,2026-02-27 07:50:00,65.4,370.0,0.069,True
330,717185,2026-02-27 08:00:00,2026-02-27,-5,2026-02-27 07:55:00,57.1,408.0,0.106,True
330,717185,2026-02-27 08:00:00,2026-02-27,0,2026-02-27 08:00:00,33.6,296.0,0.3496,True
330,717185,2026-02-27 08:00:00,2026-02-27,5,2026-02-27 08:05:00,21.0,260.0,0.3815,True
330,717185,2026-02-27 08:00:00,2026-02-27,10,2026-02-27 08:10:00,14.8,260.0,0.3815,True
330,717185,2026-02-27 08:00:00,2026-02-27,15,2026-02-27 08:15:00,11.7,260.0,0.3815,True
330,717185,2026-02-27 08:00:00,2026-02-27,20,2026-02-27 08:20:00,10.1,260.0,0.3815,True
330,717185,2026-02-27 08:00:00,2026-02-27,25,2026-02-27 08:25:00,9.3,260.0,0.3815,True
330,717185,2026-02-27 08:00:00,2026-02-27,30,2026-02-27 08:30:00,8.9,260.0,0.3815,True
332,717190,2026-02-27 08:00:00,2026-02-27,-30,2026-02-27 07:30:00,63.3,450.0,0.1011,True
332,717190,2026-02-27 08:00:00,2026-02-27,-25,2026-02-27 07:35:00,63.3,450.0,0.1011,True
332,717190,2026-02-27 08:00:00,2026-02-27,-20,2026-02-27 07:40:00,63.3,450.0,0.1011,True
332,717190,2026-02-27 08:00:00,2026-02-27,-15,2026-02-27 07:45:00,63.3,450.0,0.1011,True
332,717190,2026-02-27 08:00:00,2026-02-27,-10,2026-02-27 07:50:00,63.3,450.0,0.1011,True
332,717190,2026-02-27 08:00:00,2026-02-27,-5,2026-02-27 07:55:00,58.3,476.0,0.1255,True
332,717190,2026-02-27 08:00:00,2026-02-27,0,2026-02-27 08:00:00,33.7,311.0,0.3818,True
332,717190,2026-02-27 08:00:00,2026-02-27,5,2026-02-27 08:05:00,21.6,270.0,0.4053,True
332,717190,2026-02-27 08:00:00,2026-02-27,10,2026-02-27 08:10:00,15.7,270.0,0.4053,True
332,717190,2026-02-27 08:00:00,2026-02-27,15,2026-02-27 08:15:00,12.8,270.0,0.4053,True
332,717190,2026-02-27 08:00:00,2026-02-27,20,2026-02-27 08:20:00,11.3,270.0,0.4053,True
332,717190,2026-02-27 08:00:00,2026-02-27,25,2026-02-27 08:25:00,10.6,270.0,0.4053,True
332,717190,2026-02-27 08:00:00,2026-02-27,30,2026-02-27 08:30:00,10.2,270.0,0.4053,True
340,717198,2026-03-02 05:10:00,2026-03-02,-30,2026-03-02 04:40:00,,,,False
340,717198,2026-03-02 05:10:00,2026-03-02,-25,2026-03-02 04:45:00,,,,False
340,717198,2026-03-02 05:10:00,2026-03-02,-20,2026-03-02 04:50:00,,,,False
340,717198,2026-03-02 05:10:00,2026-03-02,-15,2026-03-02 04:55:00,,,,False
340,717198,2026-03-02 05:10:00,2026-03-02,-10,2026-03-02 05:00:00,48.0,0.0,0.0,True
340,717198,2026-03-02 05:10:00,2026-03-02,-5,2026-03-02 05:05:00,62.4,2.0,0.0016,True
340,717198,2026-03-02 05:10:00,2026-03-02,0,2026-03-02 05:10:00,27.8,1.0,0.0107,True
340,717198,2026-03-02 05:10:00,2026-03-02,5,2026-03-02 05:15:00,45.8,0.0,0.0,True
340,717198,2026-03-02 05:10:00,2026-03-02,10,2026-03-02 05:20:00,45.8,0.0,0.0,True
340,717198,2026-03-02 05:10:00,2026-03-02,15,2026-03-02 05:25:00,54.4,1.0,0.0018,True
340,717198,2026-03-02 05:10:00,2026-03-02,20,2026-03-02 05:30:00,59.2,1.0,0.0001,True
340,717198,2026-03-02 05:10:00,2026-03-02,25,2026-03-02 05:35:00,48.3,0.0,0.0,True
340,717198,2026-03-02 05:10:00,2026-03-02,30,2026-03-02 05:40:00,48.3,0.0,0.0,True
342,717190,2026-03-02 05:15:00,2026-03-02,-30,2026-03-02 04:45:00,,,,False
342,717190,2026-03-02 05:15:00,2026-03-02,-25,2026-03-02 04:50:00,,,,False
342,717190,2026-03-02 05:15:00,2026-03-02,-20,2026-03-02 04:55:00,,,,False
342,717190,2026-03-02 05:15:00,2026-03-02,-15,2026-03-02 05:00:00,69.0,188.0,0.0367,True
342,717190,2026-03-02 05:15:00,2026-03-02,-10,2026-03-02 05:05:00,67.2,176.0,0.04,True
342,717190,2026-03-02 05:15:00,2026-03-02,-5,2026-03-02 05:10:00,57.9,186.0,0.0546,True
342,717190,2026-03-02 05:15:00,2026-03-02,0,2026-03-02 05:15:00,35.7,164.0,0.183,True
342,717190,2026-03-02 05:15:00,2026-03-02,5,2026-03-02 05:20:00,19.6,121.0,0.5551,True
342,717190,2026-03-02 05:15:00,2026-03-02,10,2026-03-02 05:25:00,11.2,92.0,0.5888,True
342,717190,2026-03-02 05:15:00,2026-03-02,15,2026-03-02 05:30:00,6.9,103.0,0.63,True
342,717190,2026-03-02 05:15:00,2026-03-02,20,2026-03-02 05:35:00,4.4,54.0,0.4763,True
342,717190,2026-03-02 05:15:00,2026-03-02,25,2026-03-02 05:40:00,3.7,48.0,0.4484,True
342,717190,2026-03-02 05:15:00,2026-03-02,30,2026-03-02 05:45:00,,,,False
344,717185,2026-03-02 05:20:00,2026-03-02,-30,2026-03-02 04:50:00,,,,False
344,717185,2026-03-02 05:20:00,2026-03-02,-25,2026-03-02 04:55:00,,,,False
344,717185,2026-03-02 05:20:00,2026-03-02,-20,2026-03-02 05:00:00,69.0,178.0,0.0344,True
344,717185,2026-03-02 05:20:00,2026-03-02,-15,2026-03-02 05:05:00,66.7,172.0,0.0382,True
344,717185,2026-03-02 05:20:00,2026-03-02,-10,2026-03-02 05:10:00,61.5,182.0,0.046,True
344,717185,2026-03-02 05:20:00,2026-03-02,-5,2026-03-02 05:15:00,53.4,167.0,0.0575,True
344,717185,2026-03-02 05:20:00,2026-03-02,0,2026-03-02 05:20:00,30.1,123.0,0.2778,True
344,717185,2026-03-02 05:20:00,2026-03-02,5,2026-03-02 05:25:00,16.3,78.0,0.5171,True
344,717185,2026-03-02 05:20:00,2026-03-02,10,2026-03-02 05:30:00,9.3,85.0,0.5675,True
344,717185,2026-03-02 05:20:00,2026-03-02,15,2026-03-02 05:35:00,5.3,57.0,0.6901,True
344,717185,2026-03-02 05:20:00,2026-03-02,20,2026-03-02 05:40:00,3.4,55.0,0.7174,True
344,717185,2026-03-02 05:20:00,2026-03-02,25,2026-03-02 05:45:00,5.5,28.0,0.3313,True
344,717185,2026-03-02 05:20:00,2026-03-02,30,2026-03-02 05:50:00,6.4,49.0,0.5006,True
346,717195,2026-03-02 05:20:00,2026-03-02,-30,2026-03-02 04:50:00,,,,False
346,717195,2026-03-02 05:20:00,2026-03-02,-25,2026-03-02 04:55:00,,,,False
346,717195,2026-03-02 05:20:00,2026-03-02,-20,2026-03-02 05:00:00,53.8,0.0,0.0,True
346,717195,2026-03-02 05:20:00,2026-03-02,-15,2026-03-02 05:05:00,53.8,0.0,0.0,True
346,717195,2026-03-02 05:20:00,2026-03-02,-10,2026-03-02 05:10:00,53.8,0.0,0.0,True
346,717195,2026-03-02 05:20:00,2026-03-02,-5,2026-03-02 05:15:00,53.8,0.0,0.0,True
346,717195,2026-03-02 05:20:00,2026-03-02,0,2026-03-02 05:20:00,27.9,6.0,0.0437,True
346,717195,2026-03-02 05:20:00,2026-03-02,5,2026-03-02 05:25:00,66.9,1.0,0.0004,True
346,717195,2026-03-02 05:20:00,2026-03-02,10,2026-03-02 05:30:00,43.1,0.0,0.0,True
346,717195,2026-03-02 05:20:00,2026-03-02,15,2026-03-02 05:35:00,43.1,0.0,0.0,True
346,717195,2026-03-02 05:20:00,2026-03-02,20,2026-03-02 05:40:00,57.2,2.0,0.0002,True
346,717195,2026-03-02 05:20:00,2026-03-02,25,2026-03-02 05:45:00,60.0,2.0,0.0005,True
346,717195,2026-03-02 05:20:00,2026-03-02,30,2026-03-02 05:50:00,45.3,1.0,0.0009,True
588,716152,2026-03-19 10:40:00,2026-03-19,-30,2026-03-19 10:10:00,58.4,474.0,0.1407,True
588,716152,2026-03-19 10:40:00,2026-03-19,-25,2026-03-19 10:15:00,59.1,492.0,0.1452,True
588,716152,2026-03-19 10:40:00,2026-03-19,-20,2026-03-19 10:20:00,57.4,490.0,0.1543,True
588,716152,2026-03-19 10:40:00,2026-03-19,-15,2026-03-19 10:25:00,57.1,439.0,0.1388,True
588,716152,2026-03-19 10:40:00,2026-03-19,-10,2026-03-19 10:30:00,60.0,474.0,0.1333,True
588,716152,2026-03-19 10:40:00,2026-03-19,-5,2026-03-19 10:35:00,59.7,430.0,0.1239,True
588,716152,2026-03-19 10:40:00,2026-03-19,0,2026-03-19 10:40:00,39.2,336.0,0.3252,True
588,716152,2026-03-19 10:40:00,2026-03-19,5,2026-03-19 10:45:00,22.9,183.0,0.5462,True
588,716152,2026-03-19 10:40:00,2026-03-19,10,2026-03-19 10:50:00,15.4,220.0,0.4849,True
588,716152,2026-03-19 10:40:00,2026-03-19,15,2026-03-19 10:55:00,14.2,296.0,0.4044,True
588,716152,2026-03-19 10:40:00,2026-03-19,20,2026-03-19 11:00:00,14.5,315.0,0.3827,True
588,716152,2026-03-19 10:40:00,2026-03-19,25,2026-03-19 11:05:00,14.0,300.0,0.3886,True
588,716152,2026-03-19 10:40:00,2026-03-19,30,2026-03-19 11:10:00,19.1,332.0,0.2403,True
1159,716152,2026-04-30 10:20:00,2026-04-30,-30,2026-04-30 09:50:00,59.3,464.0,0.1269,True
1159,716152,2026-04-30 10:20:00,2026-04-30,-25,2026-04-30 09:55:00,58.1,458.0,0.1353,True
1159,716152,2026-04-30 10:20:00,2026-04-30,-20,2026-04-30 10:00:00,58.9,444.0,0.1265,True
1159,716152,2026-04-30 10:20:00,2026-04-30,-15,2026-04-30 10:05:00,60.0,421.0,0.1159,True
1159,716152,2026-04-30 10:20:00,2026-04-30,-10,2026-04-30 10:10:00,60.4,448.0,0.1281,True
1159,716152,2026-04-30 10:20:00,2026-04-30,-5,2026-04-30 10:15:00,60.6,465.0,0.1311,True
1159,716152,2026-04-30 10:20:00,2026-04-30,0,2026-04-30 10:20:00,35.5,198.0,0.3032,True
1159,716152,2026-04-30 10:20:00,2026-04-30,5,2026-04-30 10:25:00,27.9,404.0,0.3444,True
1159,716152,2026-04-30 10:20:00,2026-04-30,10,2026-04-30 10:30:00,37.2,479.0,0.1754,True
1159,716152,2026-04-30 10:20:00,2026-04-30,15,2026-04-30 10:35:00,44.2,468.0,0.1636,True
1159,716152,2026-04-30 10:20:00,2026-04-30,20,2026-04-30 10:40:00,52.3,433.0,0.1207,True
1159,716152,2026-04-30 10:20:00,2026-04-30,25,2026-04-30 10:45:00,58.0,429.0,0.1156,True
1159,716152,2026-04-30 10:20:00,2026-04-30,30,2026-04-30 10:50:00,58.5,397.0,0.1162,True
1472,717185,2026-05-31 14:10:00,2026-05-31,-30,2026-05-31 13:40:00,61.7,461.0,0.0893,True
1472,717185,2026-05-31 14:10:00,2026-05-31,-25,2026-05-31 13:45:00,62.5,479.0,0.0873,True
1472,717185,2026-05-31 14:10:00,2026-05-31,-20,2026-05-31 13:50:00,62.1,489.0,0.0914,True
1472,717185,2026-05-31 14:10:00,2026-05-31,-15,2026-05-31 13:55:00,61.9,442.0,0.0828,True
1472,717185,2026-05-31 14:10:00,2026-05-31,-10,2026-05-31 14:00:00,62.2,436.0,0.0804,True
1472,717185,2026-05-31 14:10:00,2026-05-31,-5,2026-05-31 14:05:00,51.0,452.0,0.1314,True
1472,717185,2026-05-31 14:10:00,2026-05-31,0,2026-05-31 14:10:00,29.9,286.0,0.3883,True
1472,717185,2026-05-31 14:10:00,2026-05-31,5,2026-05-31 14:15:00,22.7,355.0,0.2714,True
1472,717185,2026-05-31 14:10:00,2026-05-31,10,2026-05-31 14:20:00,19.7,387.0,0.2717,True
1472,717185,2026-05-31 14:10:00,2026-05-31,15,2026-05-31 14:25:00,21.2,443.0,0.2246,True
1472,717185,2026-05-31 14:10:00,2026-05-31,20,2026-05-31 14:30:00,31.8,437.0,0.119,True
1472,717185,2026-05-31 14:10:00,2026-05-31,25,2026-05-31 14:35:00,44.6,410.0,0.0825,True
1472,717185,2026-05-31 14:10:00,2026-05-31,30,2026-05-31 14:40:00,50.7,443.0,0.0901,True
